creature_key,onset_cycle,batch_index,batch_size,loss
182,19,0,16,2.872743
182,19,1,16,2.0197656
182,19,2,5,3.6139262
182,37,0,16,2.865571
182,37,1,16,2.013861
182,37,2,5,3.6009798
182,49,0,16,2.8563044
182,49,1,16,2.006106
182,49,2,16,1.178367
182,49,3,16,0.7485105
182,49,4,7,3.253106
182,64,0,16,2.8378432
182,64,1,16,1.9905179
182,64,2,16,1.1696882
182,64,3,16,0.7431218
182,64,4,7,3.2276433
182,76,0,16,2.8194804
182,76,1,16,1.9752641
182,76,2,16,1.1611003
182,76,3,16,0.73805106
182,76,4,16,1.4199215
182,76,5,16,0.5567602
182,76,6,9,2.8383636
182,88,0,16,2.7986867
182,88,1,16,1.9603522
182,88,2,16,1.1529204
182,88,3,16,0.73388916
182,88,4,16,1.4133033
182,88,5,16,0.5540365
182,88,6,9,2.8273683
182,102,0,16,1.9636558
182,102,1,16,1.718165
182,102,2,16,0.31686938
182,102,3,16,1.8506966
182,102,4,16,0.23989217
182,102,5,16,1.9299155
182,102,6,16,0.1817666
182,102,7,16,1.7011889
182,117,0,16,1.9598634
182,117,1,16,1.7149054
182,117,2,16,0.31630403
182,117,3,16,1.8474802
182,117,4,16,0.23944509
182,117,5,16,1.92646
182,117,6,16,0.18144973
182,117,7,16,1.6981773
182,134,0,16,0.41743097
182,134,1,16,1.738478
182,134,2,16,0.31582138
182,134,3,16,1.8415412
182,134,4,16,0.23921145
182,134,5,16,1.6352876
182,134,6,16,0.20771447
182,134,7,16,1.9576184
182,153,0,16,0.41688246
182,153,1,16,1.7358541
182,153,2,16,0.3154425
182,153,3,16,1.8389263
182,153,4,16,0.23889765
182,153,5,16,1.6335635
182,153,6,16,0.2075155
182,153,7,16,1.9552193
182,173,0,16,0.41647452
182,173,1,16,1.7300699
182,173,2,16,0.31513157
182,173,3,16,1.5517002
182,173,4,16,0.27393442
182,173,5,16,1.8824522
182,173,6,16,0.2077507
182,173,7,16,1.9529105
182,187,0,16,0.41610616
182,187,1,16,1.4441484
182,187,2,16,0.3617464
182,187,3,16,1.7876793
182,187,4,16,0.27403817
182,187,5,16,1.8806652
182,187,6,16,0.20717753
182,187,7,16,1.9491272
182,201,0,16,0.415777
182,201,1,16,1.4427937
182,201,2,16,0.3614623
182,201,3,16,1.7862779
182,201,4,16,0.27383393
182,201,5,16,1.8792585
182,201,6,16,0.20702945
182,201,7,16,1.9477414
182,214,0,16,0.41515344
182,214,1,16,1.727904
182,214,2,16,0.31458277
182,214,3,16,1.8344876
182,214,4,16,0.23782012
182,214,5,16,1.9141531
182,214,6,16,0.1800166
182,214,7,16,1.689363
182,226,0,16,0.4149329
182,226,1,16,1.7270521
182,226,2,16,0.31442904
182,226,3,16,1.8336585
182,226,4,16,0.23770925
182,226,5,16,1.9133115
182,226,6,16,0.17993858
182,226,7,16,1.6887368
182,244,0,16,0.41545245
182,244,1,16,1.724518
182,244,2,16,0.31404567
182,244,3,16,1.8305136
182,244,4,16,0.23745596
182,244,5,16,1.628917
182,244,6,16,0.20664908
182,244,7,16,1.9461567
182,256,0,16,0.41534132
182,256,1,16,1.7241265
182,256,2,16,0.31395963
182,256,3,16,1.830067
182,256,4,16,0.23738833
182,256,5,16,1.6284696
182,256,6,16,0.20658155
182,256,7,16,1.9456239
182,270,0,16,0.41445255
182,270,1,16,1.4417678
182,270,2,16,0.3603824
182,270,3,16,1.7805381
182,270,4,16,0.27366856
182,270,5,16,1.8777475
182,270,6,16,0.2072016
182,270,7,16,1.9471698
182,283,0,16,0.41438395
182,283,1,16,1.4415184
182,283,2,16,0.36032873
182,283,3,16,1.7802149
182,283,4,16,0.27361184
182,283,5,16,1.8773
182,283,6,16,0.20716321
182,283,7,16,1.9466885
182,298,0,16,0.4143145
182,298,1,16,1.4412774
182,298,2,16,0.36026904
182,298,3,16,1.7799447
182,298,4,16,0.2735803
182,298,5,16,1.8770399
182,298,6,16,0.20713758
182,298,7,16,1.9463964
182,310,0,16,0.4142737
182,310,1,16,1.4411342
182,310,2,16,0.3602437
182,310,3,16,1.7797552
182,310,4,16,0.2735453
182,310,5,16,1.8767959
182,310,6,16,0.2071127
182,310,7,16,1.9462094
182,322,0,16,0.47615233
182,322,1,16,1.656151
182,322,2,16,0.36133835
182,322,3,16,1.7828532
182,322,4,16,0.2735953
182,322,5,16,1.8729154
182,322,6,16,0.20674165
182,322,7,16,1.944663
182,338,0,16,0.47773194
182,338,1,16,1.659004
182,338,2,16,0.36121118
182,338,3,16,1.7788575
182,338,4,16,0.27302408
182,338,5,16,1.8729522
182,338,6,16,0.2069096
182,338,7,16,1.9438071
182,353,0,16,0.47729746
182,353,1,16,1.6545658
182,353,2,16,0.36059865
182,353,3,16,1.7799491
182,353,4,16,0.2730659
182,353,5,16,1.8733726
182,353,6,16,0.2068666
182,353,7,16,1.9443029
182,366,0,16,0.47725648
182,366,1,16,1.6543248
182,366,2,16,0.36055738
182,366,3,16,1.7798086
182,366,4,16,0.27304476
182,366,5,16,1.8732588
182,366,6,16,0.20685549
182,366,7,16,1.9441264
182,381,0,16,0.47684434
182,381,1,16,1.6559496
182,381,2,16,0.3607294
182,381,3,16,1.7790321
182,381,4,16,0.27313125
182,381,5,16,1.872532
182,381,6,16,0.20632607
182,381,7,16,1.9167241
182,393,0,16,0.47681057
182,393,1,16,1.6558554
182,393,2,16,0.36070564
182,393,3,16,1.7789742
182,393,4,16,0.2731168
182,393,5,16,1.872382
182,393,6,16,0.20631033
182,393,7,16,1.9165725
182,407,0,16,0.47656816
182,407,1,16,1.6557769
182,407,2,16,0.36085016
182,407,3,16,1.7783264
182,407,4,16,0.27243927
182,407,5,16,1.8463291
182,407,6,16,0.20616628
182,407,7,16,1.9195124
182,422,0,16,0.47671953
182,422,1,16,1.6544127
182,422,2,16,0.3595885
182,422,3,16,1.7546684
182,422,4,16,0.27243212
182,422,5,16,1.848959
182,422,6,16,0.20677307
182,422,7,16,1.943184
182,435,0,16,0.47482267
182,435,1,16,1.6345327
182,435,2,16,0.35972247
182,435,3,16,1.7575096
182,435,4,16,0.27304894
182,435,5,16,1.8724171
182,435,6,16,0.20645502
182,435,7,16,1.9446062
182,447,0,16,0.47480386
182,447,1,16,1.6344522
182,447,2,16,0.35970283
182,447,3,16,1.7574221
182,447,4,16,0.27303505
182,447,5,16,1.8723077
182,447,6,16,0.2064453
182,447,7,16,1.944549
182,459,0,16,0.47478914
182,459,1,16,1.6344419
182,459,2,16,0.35969752
182,459,3,16,1.7573584
182,459,4,16,0.273025
182,459,5,16,1.8722382
182,459,6,16,0.20643647
182,459,7,16,1.9444537
182,471,0,16,0.47492686
182,471,1,16,1.6375107
182,471,2,16,0.36052147
182,471,3,16,1.7790537
182,471,4,16,0.27251786
182,471,5,16,1.8736123
182,471,6,16,0.20650914
182,471,7,16,1.9431013
182,486,0,16,0.47491357
182,486,1,16,1.6374553
182,486,2,16,0.3605137
182,486,3,16,1.7789681
182,486,4,16,0.27250886
182,486,5,16,1.8735309
182,486,6,16,0.20649946
182,486,7,16,1.9430131
182,498,0,16,0.4765089
182,498,1,16,1.6546346
182,498,2,16,0.36030346
182,498,3,16,1.7790104
182,498,4,16,0.2726472
182,498,5,16,1.8719682
182,498,6,16,0.20661053
182,498,7,16,1.9437873
182,517,0,16,0.47591865
182,517,1,16,1.6549755
182,517,2,16,0.3602764
182,517,3,16,1.7776028
182,517,4,16,0.2729421
182,517,5,16,1.8728756
182,517,6,16,0.2065836
182,517,7,16,1.9400194
182,530,0,16,0.4759022
182,530,1,16,1.6549038
182,530,2,16,0.36026046
182,530,3,16,1.7775071
182,530,4,16,0.2729256
182,530,5,16,1.8727534
182,530,6,16,0.20657049
182,530,7,16,1.9398705
182,547,0,16,0.47627687
182,547,1,16,1.6547898
182,547,2,16,0.3604487
182,547,3,16,1.7789375
182,547,4,16,0.27272242
182,547,5,16,1.8685976
182,547,6,16,0.20636304
182,547,7,16,1.918593
182,559,0,16,0.4763393
182,559,1,16,1.6563064
182,559,2,16,0.36005405
182,559,3,16,1.7747517
182,559,4,16,0.2725282
182,559,5,16,1.848245
182,559,6,16,0.20623855
182,559,7,16,1.9170095
182,571,0,16,0.47631007
182,571,1,16,1.6562114
182,571,2,16,0.3600341
182,571,3,16,1.7746736
182,571,4,16,0.27250507
182,571,5,16,1.8480648
182,571,6,16,0.20621723
182,571,7,16,1.9167386
182,589,0,16,0.47575262
182,589,1,16,1.6520114
182,589,2,16,0.3597572
182,589,3,16,1.7562759
182,589,4,16,0.2722439
182,589,5,16,1.8463385
182,589,6,16,0.20629582
182,589,7,16,1.9424852
182,601,0,16,0.47570506
182,601,1,16,1.6518945
182,601,2,16,0.35972938
182,601,3,16,1.7561386
182,601,4,16,0.27221885
182,601,5,16,1.8461572
182,601,6,16,0.20627674
182,601,7,16,1.9423214
182,619,0,16,0.474804
182,619,1,16,1.6353298
182,619,2,16,0.3595213
182,619,3,16,1.7544106
182,619,4,16,0.27230135
182,619,5,16,1.872478
182,619,6,16,0.20669702
182,619,7,16,1.9413612
182,631,0,16,0.47476965
182,631,1,16,1.6352228
182,631,2,16,0.3594932
182,631,3,16,1.7542868
182,631,4,16,0.27228472
182,631,5,16,1.8723302
182,631,6,16,0.20668142
182,631,7,16,1.9412133
182,646,0,16,0.47474363
182,646,1,16,1.6351234
182,646,2,16,0.35947222
182,646,3,16,1.7542168
182,646,4,16,0.2722723
182,646,5,16,1.8722188
182,646,6,16,0.20666946
182,646,7,16,1.9410908
182,658,0,16,0.47472188
182,658,1,16,1.6350474
182,658,2,16,0.3594546
182,658,3,16,1.7541305
182,658,4,16,0.27225912
182,658,5,16,1.8721541
182,658,6,16,0.20666192
182,658,7,16,1.9409642
182,672,0,16,0.47434708
182,672,1,16,1.6336086
182,672,2,16,0.3598614
182,672,3,16,1.7786475
182,672,4,16,0.27286002
182,672,5,16,1.869893
182,672,6,16,0.20637001
182,672,7,16,1.9399712
182,684,0,16,0.47432765
182,684,1,16,1.6335288
182,684,2,16,0.35985455
182,698,0,16,0.47432104
182,698,1,16,1.6334604
182,698,2,16,0.35983804
182,698,3,16,1.7784992
182,698,4,16,0.27284035
182,698,5,16,1.8696926
182,698,6,16,0.20634718
182,698,7,16,1.9398267
182,710,0,16,0.47428066
182,710,1,16,1.6333122
182,710,2,16,0.35981727
182,710,3,16,1.7784165
182,710,4,16,0.27282533
182,710,5,16,1.8694791
182,710,6,16,0.20632392
182,710,7,16,1.9396183
182,724,0,16,0.4754928
182,724,1,16,1.6553633
182,724,2,16,0.36027753
182,724,3,16,1.7759717
182,724,4,16,0.27237764
182,724,5,16,1.8683165
182,724,6,16,0.2063973
182,724,7,16,1.9417326
182,738,0,16,0.47546908
182,738,1,16,1.6552446
182,738,2,16,0.36025363
182,738,3,16,1.7758292
182,738,4,16,0.2723714
182,738,5,16,1.868197
182,738,6,16,0.2063806
182,738,7,16,1.9415965
182,753,0,16,0.47544962
182,753,1,16,1.6551495
182,753,2,16,0.3602378
182,753,3,16,1.7757494
182,753,4,16,0.27236414
182,753,5,16,1.8680981
182,753,6,16,0.20637043
182,753,7,16,1.9415106
182,765,0,16,0.47630182
182,765,1,16,1.6515641
182,765,2,16,0.35995144
182,765,3,16,1.7745832
182,765,4,16,0.27265862
182,765,5,16,1.8684903
182,765,6,16,0.20635755
182,765,7,16,1.9414653
182,783,0,16,0.47629684
182,783,1,16,1.6514813
182,783,2,16,0.35994983
182,783,3,16,1.7744925
182,783,4,16,0.27264878
182,783,5,16,1.8684093
182,783,6,16,0.20635071
182,783,7,16,1.9413891
182,795,0,16,0.47629267
182,795,1,16,1.6513765
182,795,2,16,0.35994488
182,795,3,16,1.7743925
182,795,4,16,0.27263975
182,795,5,16,1.8683496
182,795,6,16,0.20634447
182,795,7,16,1.9413048
182,808,0,16,0.41358516
182,808,1,16,1.716956
182,808,2,16,0.3133476
182,808,3,16,1.8251394
182,808,4,16,0.2370629
182,808,5,16,1.9088668
182,808,6,16,0.17932712
182,808,7,16,1.6846921
182,825,0,16,0.4135716
182,825,1,16,1.7169119
182,825,2,16,0.3133392
182,825,3,16,1.8251157
182,825,4,16,0.23705947
182,825,5,16,1.9088053
182,825,6,16,0.17932111
182,825,7,16,1.6846391
182,839,0,16,0.41377094
182,839,1,16,1.717821
182,839,2,16,0.3130336
182,839,3,16,1.8266351
182,839,4,16,0.23678505
182,839,5,16,1.6244648
182,839,6,16,0.20625868
182,839,7,16,1.9404768
182,852,0,16,0.41376573
182,852,1,16,1.7178059
182,852,2,16,0.31302926
182,852,3,16,1.8265947
182,852,4,16,0.23678003
182,852,5,16,1.6244184
182,852,6,16,0.20625299
182,852,7,16,1.9404128
182,874,0,16,0.41375944
182,874,1,16,1.7177778
182,874,2,16,0.3130247
182,874,3,16,1.8265592
182,874,4,16,0.23677815
182,874,5,16,1.6243979
182,874,6,16,0.20624904
182,874,7,16,1.9403687
182,886,0,16,0.35974407
182,886,1,16,1.7757432
182,886,2,16,0.2722156
182,886,3,16,1.58683
182,886,4,16,0.23705244
182,886,5,16,1.9071949
182,886,6,16,0.1793315
182,886,7,16,1.6852462
182,901,0,16,0.359618
182,901,1,16,1.4947076
182,901,2,16,0.31324863
182,901,3,16,1.8240775
182,901,4,16,0.2368186
182,901,5,16,1.6244282
182,901,6,16,0.20662506
182,901,7,16,1.942066
182,913,0,16,0.35960832
182,913,1,16,1.494678
182,913,2,16,0.31324896
182,913,3,16,1.8240162
182,913,4,16,0.23680863
182,913,5,16,1.6243899
182,913,6,16,0.20662116
182,913,7,16,1.942036
182,927,0,16,0.35960138
182,927,1,16,1.4946474
182,927,2,16,0.31323838
182,927,3,16,1.8239652
182,927,4,16,0.23680247
182,927,5,16,1.624317
182,927,6,16,0.20661157
182,927,7,16,1.9419583
182,939,0,16,0.41395038
182,939,1,16,1.7163701
182,939,2,16,0.31292057
182,939,3,16,1.5441837
182,939,4,16,0.27261066
182,939,5,16,1.8721114
182,939,6,16,0.20652768
182,939,7,16,1.9396076
182,951,0,16,0.4134589
182,951,1,16,1.438726
182,951,2,16,0.36051247
182,951,3,16,1.777698
182,951,4,16,0.27260238
182,951,5,16,1.867974
182,951,6,16,0.20616476
182,951,7,16,1.9404981
182,964,0,16,0.41344115
182,964,1,16,1.4386709
182,964,2,16,0.36049923
182,964,3,16,1.7775888
182,964,4,16,0.27259392
182,964,5,16,1.8678977
182,964,6,16,0.20615694
182,964,7,16,1.9404039
182,979,0,16,0.47617066
182,979,1,16,1.6540828
182,979,2,16,0.3600295
182,979,3,16,1.7741895
182,979,4,16,0.27236974
182,979,5,16,1.8698746
182,979,6,16,0.20619443
182,979,7,16,1.9390167
182,991,0,16,0.47569773
182,991,1,16,1.652386
182,991,2,16,0.35961935
182,991,3,16,1.7746246
182,991,4,16,0.27208197
182,991,5,16,1.8678304
182,991,6,16,0.20608945
182,991,7,16,1.9381565
182,1005,0,16,0.4756879
182,1005,1,16,1.6523774
182,1005,2,16,0.35960856
182,1005,3,16,1.7745429
182,1005,4,16,0.27206686
182,1005,5,16,1.8677331
182,1005,6,16,0.20608053
182,1005,7,16,1.9380317
182,1019,0,16,0.4756769
182,1019,1,16,1.652374
182,1019,2,16,0.35960263
182,1019,3,16,1.7744662
182,1019,4,16,0.27205342
182,1019,5,16,1.8676522
182,1019,6,16,0.20607434
182,1019,7,16,1.9379807
182,1032,0,16,0.4756588
182,1032,1,16,1.6523161
182,1032,2,16,0.3595938
182,1032,3,16,1.7744212
182,1032,4,16,0.2720468
182,1032,5,16,1.867597
182,1032,6,16,0.20606919
182,1032,7,16,1.9379166
182,1048,0,16,0.4752242
182,1048,1,16,1.6522511
182,1048,2,16,0.35909373
182,1048,3,16,1.7741678
182,1048,4,16,0.2720389
182,1048,5,16,1.8677874
182,1048,6,16,0.20609958
182,1048,7,16,1.9418395
182,1060,0,16,0.47522512
182,1060,1,16,1.6522495
182,1060,2,16,0.35910007
182,1060,3,16,1.7741722
182,1060,4,16,0.27203983
182,1060,5,16,1.8677766
182,1060,6,16,0.20609756
182,1060,7,16,1.9418268
182,1074,0,16,0.47443634
182,1074,1,16,1.6526535
182,1074,2,16,0.35908717
182,1074,3,16,1.7743573
182,1074,4,16,0.2721865
182,1074,5,16,1.8697894
182,1074,6,16,0.20637348
182,1074,7,16,1.9429104
182,1086,0,16,0.47445172
182,1086,1,16,1.6526437
182,1086,2,16,0.35909778
182,1086,3,16,1.7743698
182,1086,4,16,0.27218452
182,1086,5,16,1.869761
182,1086,6,16,0.206371
182,1086,7,16,1.9428611
182,1105,0,16,0.47444203
182,1105,1,16,1.6517851
182,1105,2,16,0.35967112
182,1105,3,16,1.7764659
182,1105,4,16,0.272477
182,1105,5,16,1.8712679
182,1105,6,16,0.20652756
182,1105,7,16,1.9392719
182,1122,0,16,0.47445506
182,1122,1,16,1.6517493
182,1122,2,16,0.35966796
182,1122,3,16,1.7764405
182,1122,4,16,0.27247697
182,1122,5,16,1.8712301
182,1122,6,16,0.20652407
182,1122,7,16,1.9392285
182,1135,0,16,0.47536325
182,1135,1,16,1.6526415
182,1135,2,16,0.36005285
182,1135,3,16,1.7778755
182,1135,4,16,0.2724562
182,1135,5,16,1.8697165
182,1135,6,16,0.20573281
182,1135,7,16,1.9169625
182,1147,0,16,0.47535765
182,1147,1,16,1.652616
182,1147,2,16,0.36005795
182,1147,3,16,1.7778419
182,1147,4,16,0.27245253
182,1147,5,16,1.8696622
182,1147,6,16,0.205731
182,1147,7,16,1.9169574
182,1159,0,16,0.47535855
182,1159,1,16,1.6526232
182,1159,2,16,0.3600535
182,1159,3,16,1.7777997
182,1159,4,16,0.2724535
182,1159,5,16,1.8696548
182,1159,6,16,0.2057294
182,1159,7,16,1.9169165
182,1171,0,16,0.41389352
182,1171,1,16,1.7206972
182,1171,2,16,0.31309304
182,1171,3,16,1.826201
182,1171,4,16,0.2363382
182,1171,5,16,1.8844227
182,1171,6,16,0.17942925
182,1171,7,16,1.6833706
182,1183,0,16,0.41389415
182,1183,1,16,1.7207048
182,1183,2,16,0.31308985
182,1183,3,16,1.8261667
182,1183,4,16,0.23632942
182,1183,5,16,1.8843994
182,1183,6,16,0.17942715
182,1183,7,16,1.683356
182,1195,0,16,0.4138528
182,1195,1,16,1.7171979
182,1195,2,16,0.3121655
182,1195,3,16,1.8042264
182,1195,4,16,0.23709507
182,1195,5,16,1.6210762
182,1195,6,16,0.20647451
182,1195,7,16,1.9401706
182,1210,0,16,0.4138557
182,1210,1,16,1.7171737
182,1210,2,16,0.31215817
182,1210,3,16,1.8042278
182,1210,4,16,0.23708853
182,1210,5,16,1.6211262
182,1210,6,16,0.20647402
182,1210,7,16,1.9400319
182,1223,0,16,0.41250533
182,1223,1,16,1.6983107
182,1223,2,16,0.31325278
182,1223,3,16,1.5409883
182,1223,4,16,0.27269325
182,1223,5,16,1.8681921
182,1223,6,16,0.20622803
182,1223,7,16,1.9414439
182,1235,0,16,0.41249713
182,1235,1,16,1.6982838
182,1235,2,16,0.31324595
182,1235,3,16,1.5409808
182,1235,4,16,0.2726873
182,1235,5,16,1.8681614
182,1235,6,16,0.20622663
182,1235,7,16,1.9414115
182,1249,0,16,0.41249964
182,1249,1,16,1.6982876
182,1249,2,16,0.31324422
182,1249,3,16,1.5409756
182,1249,4,16,0.27268583
182,1249,5,16,1.8680662
182,1249,6,16,0.20622392
182,1249,7,16,1.9414024
182,1265,0,16,0.41395247
182,1265,1,16,1.4351873
182,1265,2,16,0.36048457
182,1265,3,16,1.7736813
182,1265,4,16,0.27250943
182,1265,5,16,1.870455
182,1265,6,16,0.20625962
182,1265,7,16,1.9368278
182,1282,0,16,0.47601625
182,1282,1,16,1.6510582
182,1282,2,16,0.3599188
182,1282,3,16,1.7773925
182,1282,4,16,0.2721936
182,1282,5,16,1.8657386
182,1282,6,16,0.20576547
182,1282,7,16,1.9167414
182,1294,0,16,0.47601545
182,1294,1,16,1.6510382
182,1294,2,16,0.35991687
182,1294,3,16,1.7773887
182,1294,4,16,0.27219495
182,1294,5,16,1.8657248
182,1294,6,16,0.2057638
182,1294,7,16,1.9167116
182,1307,0,16,0.47565532
182,1307,1,16,1.6536375
182,1307,2,16,0.3595461
182,1307,3,16,1.7729796
182,1307,4,16,0.27141535
182,1307,5,16,1.8480273
182,1307,6,16,0.20616952
182,1307,7,16,1.9384311
182,1319,0,16,0.47565502
182,1319,1,16,1.6536214
182,1319,2,16,0.35954568
182,1319,3,16,1.7729439
182,1319,4,16,0.2714154
182,1319,5,16,1.847989
182,1319,6,16,0.20616527
182,1319,7,16,1.9383719
182,1332,0,16,0.47564536
182,1332,1,16,1.6536047
182,1332,2,16,0.35954216
182,1332,3,16,1.7729273
182,1332,4,16,0.27141175
182,1332,5,16,1.8479718
182,1332,6,16,0.20616418
182,1332,7,16,1.9383415
182,1345,0,16,0.47490254
182,1345,1,16,1.650086
182,1345,2,16,0.3585299
182,1345,3,16,1.7560353
182,1345,4,16,0.27213088
182,1345,5,16,1.8678625
182,1345,6,16,0.20609291
182,1345,7,16,1.9138353
182,1358,0,16,0.4748985
182,1358,1,16,1.6500965
182,1358,2,16,0.35853174
182,1358,3,16,1.756038
182,1358,4,16,0.27213222
182,1358,5,16,1.8678403
182,1358,6,16,0.20609461
182,1358,7,16,1.9138029
182,1372,0,16,0.47363755
182,1372,1,16,1.635535
182,1372,2,16,0.3593475
182,1372,3,16,1.7745603
182,1372,4,16,0.27206266
182,1372,5,16,1.8439753
182,1372,6,16,0.20581669
182,1372,7,16,1.9157476
182,1385,0,16,0.4749044
182,1385,1,16,1.6516556
182,1385,2,16,0.35916343
182,1385,3,16,1.7515936
182,1385,4,16,0.27184632
182,1385,5,16,1.8455669
182,1385,6,16,0.20618364
182,1385,7,16,1.9427744
182,1397,0,16,0.4749106
182,1397,1,16,1.6516513
182,1397,2,16,0.35915974
182,1397,3,16,1.7516149
182,1397,4,16,0.27184287
182,1397,5,16,1.8455456
182,1397,6,16,0.20618124
182,1397,7,16,1.9427855
182,1409,0,16,0.47441414
182,1409,1,16,1.6300914
182,1409,2,16,0.35926664
182,1409,3,16,1.7524613
182,1409,4,16,0.27257162
182,1409,5,16,1.870708
182,1409,6,16,0.20656174
182,1409,7,16,1.940876
182,1435,0,16,0.47440535
182,1435,1,16,1.6301272
182,1435,2,16,0.35926044
182,1435,3,16,1.7524356
182,1435,4,16,0.27256584
182,1435,5,16,1.8706876
182,1435,6,16,0.20656371
182,1435,7,16,1.9408851
182,1453,0,16,0.47454384
182,1453,1,16,1.6321527
182,1453,2,16,0.36003262
182,1453,3,16,1.7782929
182,1453,4,16,0.27251294
182,1453,5,16,1.870048
182,1453,6,16,0.20573866
182,1453,7,16,1.9152144
182,1468,0,16,0.47619343
182,1468,1,16,1.6536667
182,1468,2,16,0.35996646
182,1468,3,16,1.7764405
182,1468,4,16,0.27177015
182,1468,5,16,1.8454905
182,1468,6,16,0.20581223
182,1468,7,16,1.9170331
182,1481,0,16,0.47618097
182,1481,1,16,1.6536169
182,1481,2,16,0.35996026
182,1481,3,16,1.7763939
182,1481,4,16,0.27176386
182,1481,5,16,1.845464
182,1481,6,16,0.20580836
182,1481,7,16,1.9170308
182,1493,0,16,0.47534022
182,1493,1,16,1.6527284
182,1493,2,16,0.3589232
182,1493,3,16,1.7545118
182,1493,4,16,0.2716222
182,1493,5,16,1.848554
182,1493,6,16,0.20626312
182,1493,7,16,1.938876
182,1505,0,16,0.47532967
182,1505,1,16,1.652723
182,1505,2,16,0.35891917
182,1505,3,16,1.7544783
182,1505,4,16,0.2716129
182,1505,5,16,1.8485625
182,1505,6,16,0.20626177
182,1505,7,16,1.9388516
182,1517,0,16,0.47397265
182,1517,1,16,1.633392
182,1517,2,16,0.35858127
182,1517,3,16,1.7573965
182,1517,4,16,0.27238244
182,1517,5,16,1.8675679
182,1517,6,16,0.20618063
182,1517,7,16,1.939883
182,1532,0,16,0.47397426
182,1532,1,16,1.6334245
182,1532,2,16,0.35858077
182,1532,3,16,1.7574505
182,1532,4,16,0.2723786
182,1532,5,16,1.8675747
182,1532,6,16,0.20617844
182,1532,7,16,1.9398514
182,1544,0,16,0.47397357
182,1544,1,16,1.6334146
182,1544,2,16,0.35858038
182,1544,3,16,1.757445
182,1544,4,16,0.272373
182,1544,5,16,1.8675213
182,1544,6,16,0.20617566
182,1544,7,16,1.9398347
182,1557,0,16,0.47372082
182,1557,1,16,1.6361651
182,1557,2,16,0.35976982
182,1557,3,16,1.7741635
182,1557,4,16,0.2722514
182,1557,5,16,1.8693227
182,1557,6,16,0.20605688
182,1557,7,16,1.9392525
182,1570,0,16,0.47371927
182,1570,1,16,1.6361871
182,1570,2,16,0.35976472
182,1570,3,16,1.7741377
182,1570,4,16,0.27224743
182,1570,5,16,1.8692882
182,1570,6,16,0.2060525
182,1570,7,16,1.9392086
182,1582,0,16,0.47371992
182,1582,1,16,1.6362076
182,1582,2,16,0.35976782
182,1582,3,16,1.7741268
182,1582,4,16,0.2722465
182,1582,5,16,1.8692447
182,1582,6,16,0.2060475
182,1582,7,16,1.9391615
182,1594,0,16,0.41340387
182,1594,1,16,1.7166959
182,1594,2,16,0.3128992
182,1594,3,16,1.8256096
182,1594,4,16,0.2369074
182,1594,5,16,1.9050366
182,1594,6,16,0.17923175
182,1594,7,16,1.6837299
182,1607,0,16,0.41340405
182,1607,1,16,1.7167015
182,1607,2,16,0.31290013
182,1607,3,16,1.8255944
182,1607,4,16,0.23690762
182,1607,5,16,1.9050229
182,1607,6,16,0.1792306
182,1607,7,16,1.6837076
182,1620,0,16,0.41340205
182,1620,1,16,1.7176179
182,1620,2,16,0.31297532
182,1620,3,16,1.8234518
182,1620,4,16,0.23665585
182,1620,5,16,1.6242769
182,1620,6,16,0.20618159
182,1620,7,16,1.9385068
182,1634,0,16,0.4133994
182,1634,1,16,1.7175955
182,1634,2,16,0.3129724
182,1634,3,16,1.8234593
182,1634,4,16,0.2366525
182,1634,5,16,1.624244
182,1634,6,16,0.20617607
182,1634,7,16,1.9384576
182,1648,0,16,0.3598788
182,1648,1,16,1.7734277
182,1648,2,16,0.27197298
182,1648,3,16,1.5865179
182,1648,4,16,0.2369323
182,1648,5,16,1.9050797
182,1648,6,16,0.17912298
182,1648,7,16,1.6628872
182,1661,0,16,0.41348436
182,1661,1,16,1.7161494
182,1661,2,16,0.31222725
182,1661,3,16,1.5256051
182,1661,4,16,0.27193367
182,1661,5,16,1.8428441
182,1661,6,16,0.20625778
182,1661,7,16,1.9363282
182,1674,0,16,0.41348657
182,1674,1,16,1.7161243
182,1674,2,16,0.3122256
182,1674,3,16,1.5256187
182,1674,4,16,0.27193418
182,1674,5,16,1.8427871
182,1674,6,16,0.20625608
182,1674,7,16,1.9363202
182,1691,0,16,0.41203687
182,1691,1,16,1.4226308
182,1691,2,16,0.3589827
182,1691,3,16,1.7511133
182,1691,4,16,0.2725523
182,1691,5,16,1.8644508
182,1691,6,16,0.20612468
182,1691,7,16,1.9382354
182,1704,0,16,0.47431093
182,1704,1,16,1.6303874
182,1704,2,16,0.36021423
182,1704,3,16,1.7702345
182,1704,4,16,0.27227482
182,1704,5,16,1.8681242
182,1704,6,16,0.20627216
182,1704,7,16,1.9403783
182,1718,0,16,0.474316
182,1718,1,16,1.6304295
182,1718,2,16,0.360213
182,1718,3,16,1.7702276
182,1718,4,16,0.27227142
182,1718,5,16,1.8681333
182,1718,6,16,0.2062715
182,1718,7,16,1.9403889
182,1731,0,16,0.47566947
182,1731,1,16,1.6473106
182,1731,2,16,0.35989377
182,1731,3,16,1.7741827
182,1731,4,16,0.272312
182,1731,5,16,1.8701944
182,1731,6,16,0.20618963
182,1731,7,16,1.9390135
182,1746,0,16,0.47566947
182,1746,1,16,1.6473292
182,1746,2,16,0.35988888
182,1746,3,16,1.7741745
182,1746,4,16,0.27231517
182,1746,5,16,1.8702141
182,1746,6,16,0.20618725
182,1746,7,16,1.9389769
182,1759,0,16,0.4756644
182,1759,1,16,1.6473224
182,1759,2,16,0.3598811
182,1759,3,16,1.7741287
182,1759,4,16,0.27230614
182,1759,5,16,1.8701569
182,1759,6,16,0.20618635
182,1759,7,16,1.9389585
182,1771,0,16,0.47575513
182,1771,1,16,1.6508839
182,1771,2,16,0.35969275
182,1771,3,16,1.7766575
182,1771,4,16,0.27216187
182,1771,5,16,1.8687905
182,1771,6,16,0.20656143
182,1771,7,16,1.9405084
182,1784,0,16,0.47518364
182,1784,1,16,1.6532063
182,1784,2,16,0.3595516
182,1784,3,16,1.7757498
182,1784,4,16,0.27269378
182,1784,5,16,1.8695152
182,1784,6,16,0.20607525
182,1784,7,16,1.9133857
182,1799,0,16,0.47519302
182,1799,1,16,1.6532162
182,1799,2,16,0.35955462
182,1799,3,16,1.7757478
182,1799,4,16,0.27269462
182,1799,5,16,1.869512
182,1799,6,16,0.20607309
182,1799,7,16,1.9133447
182,1816,0,16,0.4752459
182,1816,1,16,1.6525662
182,1816,2,16,0.36020926
182,1816,3,16,1.77545
182,1816,4,16,0.27199998
182,1816,5,16,1.84405
182,1816,6,16,0.2062568
182,1816,7,16,1.9422258
182,1830,0,16,0.47524753
182,1830,1,16,1.6525577
182,1830,2,16,0.3602046
182,1830,3,16,1.7754351
182,1830,4,16,0.27199724
182,1830,5,16,1.844079
182,1830,6,16,0.20625809
182,1830,7,16,1.9421817
182,1848,0,16,0.47609493
182,1848,1,16,1.6519738
182,1848,2,16,0.35888034
182,1848,3,16,1.7538615
182,1848,4,16,0.27248624
182,1848,5,16,1.8703011
182,1848,6,16,0.2059412
182,1848,7,16,1.9146272
182,1860,0,16,0.4760929
182,1860,1,16,1.6519637
182,1860,2,16,0.35887784
182,1860,3,16,1.753849
182,1860,4,16,0.27248505
182,1860,5,16,1.8702931
182,1860,6,16,0.2059395
182,1860,7,16,1.9146166
182,1873,0,16,0.4760925
182,1873,1,16,1.6519712
182,1873,2,16,0.35887566
182,1873,3,16,1.7538155
182,1873,4,16,0.27248266
182,1873,5,16,1.8702916
182,1873,6,16,0.205941
182,1873,7,16,1.9146268
182,1892,0,16,0.4757838
182,1892,1,16,1.6531378
182,1892,2,16,0.35885614
182,1892,3,16,1.7552639
182,1892,4,16,0.27218574
182,1892,5,16,1.8701636
182,1892,6,16,0.20647398
182,1892,7,16,1.941651
182,1904,0,16,0.47579032
182,1904,1,16,1.6531812
182,1904,2,16,0.35885102
182,1904,3,16,1.7552463
182,1904,4,16,0.27217487
182,1904,5,16,1.8701642
182,1904,6,16,0.20647652
182,1904,7,16,1.9416173
182,1917,0,16,0.47394958
182,1917,1,16,1.6339074
182,1917,2,16,0.35994613
182,1917,3,16,1.7745094
182,1917,4,16,0.27268615
182,1917,5,16,1.8713905
182,1917,6,16,0.20646511
182,1917,7,16,1.940476
182,1932,0,16,0.4739432
182,1932,1,16,1.6338937
182,1932,2,16,0.35994083
182,1932,3,16,1.7744943
182,1932,4,16,0.27268475
182,1932,5,16,1.8713658
182,1932,6,16,0.20646302
182,1932,7,16,1.9404718
182,1949,0,16,0.41383642
182,1949,1,16,1.7171078
182,1949,2,16,0.31331563
182,1949,3,16,1.827227
182,1949,4,16,0.2373901
182,1949,5,16,1.9063108
182,1949,6,16,0.1794888
182,1949,7,16,1.6647558
182,1967,0,16,0.41383523
182,1967,1,16,1.7170856
182,1967,2,16,0.3133176
182,1967,3,16,1.82724
182,1967,4,16,0.23739064
182,1967,5,16,1.9062935
182,1967,6,16,0.1794874
182,1967,7,16,1.6647453
182,1979,0,16,0.41399208
182,1979,1,16,1.7191415
182,1979,2,16,0.31363237
182,1979,3,16,1.8241595
182,1979,4,16,0.23695971
182,1979,5,16,1.6056204
182,1979,6,16,0.20652694
182,1979,7,16,1.9397385
182,1995,0,16,0.4139886
182,1995,1,16,1.7191267
182,1995,2,16,0.31363177
182,1995,3,16,1.82414
182,1995,4,16,0.23695993
182,1995,5,16,1.6056231
182,1995,6,16,0.20652638
182,1995,7,16,1.9397393
182,2007,0,16,0.41399
182,2007,1,16,1.7191308
182,2007,2,16,0.31363124
182,2007,3,16,1.8241419
182,2007,4,16,0.2369588
182,2007,5,16,1.6056072
182,2007,6,16,0.20652774
182,2007,7,16,1.9397533
182,2019,0,16,0.4143721
182,2019,1,16,1.7163293
182,2019,2,16,0.3129081
182,2019,3,16,1.5272185
182,2019,4,16,0.2727184
182,2019,5,16,1.8683683
182,2019,6,16,0.20639329
182,2019,7,16,1.9404833
182,2034,0,16,0.4143772
182,2034,1,16,1.716327
182,2034,2,16,0.3129071
182,2034,3,16,1.52723
182,2034,4,16,0.2727209
182,2034,5,16,1.8683861
182,2034,6,16,0.20639193
182,2034,7,16,1.9404554
182,2049,0,16,0.4130494
182,2049,1,16,1.4245156
182,2049,2,16,0.36028978
182,2049,3,16,1.7756208
182,2049,4,16,0.272441
182,2049,5,16,1.8699652
182,2049,6,16,0.2062314
182,2049,7,16,1.9380802
182,2066,0,16,0.41304442
182,2066,1,16,1.424524
182,2066,2,16,0.36029258
182,2066,3,16,1.7756381
182,2066,4,16,0.27244255
182,2066,5,16,1.8699808
182,2066,6,16,0.20622616
182,2066,7,16,1.9380391
182,2078,0,16,0.47604036
182,2078,1,16,1.6525453
182,2078,2,16,0.35985965
182,2078,3,16,1.7761909
182,2078,4,16,0.27225986
182,2078,5,16,1.8678975
182,2078,6,16,0.20613292
182,2078,7,16,1.9403799
182,2091,0,16,0.4760477
182,2091,1,16,1.6525375
182,2091,2,16,0.35986117
182,2091,3,16,1.7761545
182,2091,4,16,0.2722639
182,2091,5,16,1.8678855
182,2091,6,16,0.2061296
182,2091,7,16,1.9403551
182,2107,0,16,0.47551662
182,2107,1,16,1.6525654
182,2107,2,16,0.35979146
182,2107,3,16,1.7740961
182,2107,4,16,0.2722561
182,2107,5,16,1.8701347
182,2107,6,16,0.20616083
182,2107,7,16,1.9393668
182,2120,0,16,0.47551617
182,2120,1,16,1.6525524
182,2120,2,16,0.3597862
182,2120,3,16,1.7740844
182,2120,4,16,0.27225384
182,2120,5,16,1.8701266
182,2120,6,16,0.20615987
182,2120,7,16,1.93939
182,2132,0,16,0.4753225
182,2132,1,16,1.6504874
182,2132,2,16,0.35980472
182,2132,3,16,1.7768512
182,2132,4,16,0.27220625
182,2132,5,16,1.8679396
182,2132,6,16,0.20588197
182,2132,7,16,1.9170136
182,2147,0,16,0.4753274
182,2147,1,16,1.6504933
182,2147,2,16,0.35979807
182,2147,3,16,1.7767868
182,2147,4,16,0.27220687
182,2147,5,16,1.8679473
182,2147,6,16,0.20588224
182,2147,7,16,1.9170117
182,2160,0,16,0.47532305
182,2160,1,16,1.6504781
182,2160,2,16,0.35980165
182,2160,3,16,1.776787
182,2160,4,16,0.27220592
182,2160,5,16,1.8679347
182,2160,6,16,0.20588039
182,2160,7,16,1.9169912
182,2172,0,16,0.47563362
182,2172,1,16,1.6526581
182,2172,2,16,0.35967115
182,2172,3,16,1.7750938
182,2172,4,16,0.2716905
182,2172,5,16,1.8475081
182,2172,6,16,0.2059704
182,2172,7,16,1.9161656
182,2186,0,16,0.47564048
182,2186,1,16,1.6526843
182,2186,2,16,0.3596684
182,2186,3,16,1.7750678
182,2186,4,16,0.27168578
182,2186,5,16,1.8474993
182,2186,6,16,0.20596884
182,2186,7,16,1.9161588
182,2200,0,16,0.4752581
182,2200,1,16,1.6516424
182,2200,2,16,0.35884848
182,2200,3,16,1.7550185
182,2200,4,16,0.2721239
182,2200,5,16,1.8458256
182,2200,6,16,0.20629548
182,2200,7,16,1.9401715
182,2213,0,16,0.4752579
182,2213,1,16,1.6516263
182,2213,2,16,0.35884598
182,2213,3,16,1.7549921
182,2213,4,16,0.27212265
182,2213,5,16,1.8458104
182,2213,6,16,0.20629425
182,2213,7,16,1.9401661
182,2229,0,16,0.4742223
182,2229,1,16,1.6346537
182,2229,2,16,0.3592247
182,2229,3,16,1.7547061
182,2229,4,16,0.27227226
182,2229,5,16,1.8696718
182,2229,6,16,0.20642859
182,2229,7,16,1.9409451
182,2242,0,16,0.4126438
182,2242,1,16,1.6986319
182,2242,2,16,0.31310233
182,2242,3,16,1.8254426
182,2242,4,16,0.23716536
182,2242,5,16,1.9078239
182,2242,6,16,0.17958479
182,2242,7,16,1.683554
182,2254,0,16,0.41264504
182,2254,1,16,1.6986153
182,2254,2,16,0.3131003
182,2254,3,16,1.8255123
182,2254,4,16,0.23716736
182,2254,5,16,1.9078314
182,2254,6,16,0.17958562
182,2254,7,16,1.6835947
182,2267,0,16,0.41265503
182,2267,1,16,1.6986512
182,2267,2,16,0.31310195
182,2267,3,16,1.8254815
182,2267,4,16,0.23716354
182,2267,5,16,1.9078605
182,2267,6,16,0.17958586
182,2267,7,16,1.6835505
182,2284,0,16,0.41361985
182,2284,1,16,1.7179248
182,2284,2,16,0.31326738
182,2284,3,16,1.8267436
182,2284,4,16,0.2371474
182,2284,5,16,1.6222394
182,2284,6,16,0.20606233
182,2284,7,16,1.9400598
182,2303,0,16,0.41361645
182,2303,1,16,1.7179325
182,2303,2,16,0.3132625
182,2303,3,16,1.8267226
182,2303,4,16,0.2371497
182,2303,5,16,1.6222856
182,2303,6,16,0.20606527
182,2303,7,16,1.9400699
182,2317,0,16,0.41405168
182,2317,1,16,1.7180631
182,2317,2,16,0.313422
182,2317,3,16,1.541989
182,2317,4,16,0.27208322
182,2317,5,16,1.8694676
182,2317,6,16,0.20615675
182,2317,7,16,1.9176619
182,2330,0,16,0.360358
182,2330,1,16,1.4921811
182,2330,2,16,0.31271896
182,2330,3,16,1.826413
182,2330,4,16,0.23682609
182,2330,5,16,1.8852974
182,2330,6,16,0.17971118
182,2330,7,16,1.6828125
182,2344,0,16,0.36035472
182,2344,1,16,1.4921625
182,2344,2,16,0.3127117
182,2344,3,16,1.8264116
182,2344,4,16,0.23682638
182,2344,5,16,1.8853155
182,2344,6,16,0.17971037
182,2344,7,16,1.6828022
182,2359,0,16,0.41320017
182,2359,1,16,1.7187445
182,2359,2,16,0.31264442
182,2359,3,16,1.8055617
182,2359,4,16,0.23731302
182,2359,5,16,1.6208407
182,2359,6,16,0.20598164
182,2359,7,16,1.913942
182,2373,0,16,0.4131914
182,2373,1,16,1.7187856
182,2373,2,16,0.3126493
182,2373,3,16,1.8055844
182,2373,4,16,0.23731345
182,2373,5,16,1.6208272
182,2373,6,16,0.20597109
182,2373,7,16,1.9139514
182,2392,0,16,0.41297787
182,2392,1,16,1.7005334
182,2392,2,16,0.3133818
182,2392,3,16,1.5409198
182,2392,4,16,0.2719034
182,2392,5,16,1.8440988
182,2392,6,16,0.20633271
182,2392,7,16,1.9409572
182,2405,0,16,0.41363472
182,2405,1,16,1.4355344
182,2405,2,16,0.35925126
182,2405,3,16,1.7514393
182,2405,4,16,0.27271885
182,2405,5,16,1.8697021
182,2405,6,16,0.20615864
182,2405,7,16,1.9158778
182,2418,0,16,0.4740915
182,2418,1,16,1.6313792
182,2418,2,16,0.36048284
182,2418,3,16,1.7746617
182,2418,4,16,0.27211118
182,2418,5,16,1.8470968
182,2418,6,16,0.20606822
182,2418,7,16,1.9155085
182,2437,0,16,0.47409526
182,2437,1,16,1.631335
182,2437,2,16,0.36047664
182,2437,3,16,1.7746509
182,2437,4,16,0.2721102
182,2437,5,16,1.8470415
182,2437,6,16,0.20606317
182,2437,7,16,1.9155191
182,2449,0,16,0.47409356
182,2449,1,16,1.6313343
182,2449,2,16,0.3604768
182,2449,3,16,1.7746418
182,2449,4,16,0.27210647
182,2449,5,16,1.847027
182,2449,6,16,0.20606285
182,2449,7,16,1.91549
182,2462,0,16,0.4760338
182,2462,1,16,1.6516155
182,2462,2,16,0.3593115
182,2462,3,16,1.7548227
182,2462,4,16,0.27202445
182,2462,5,16,1.8466609
182,2462,6,16,0.2061308
182,2462,7,16,1.9146243
182,2476,0,16,0.47603586
182,2476,1,16,1.6516309
182,2476,2,16,0.35931313
182,2476,3,16,1.7548047
182,2476,4,16,0.27202362
182,2476,5,16,1.8466655
182,2476,6,16,0.2061305
182,2476,7,16,1.9145844
182,2491,0,16,0.4742472
182,2491,1,16,1.6346229
182,2491,2,16,0.35912713
182,2491,3,16,1.7548825
182,2491,4,16,0.27228826
182,2491,5,16,1.8449864
182,2491,6,16,0.20623945
182,2491,7,16,1.9398463
182,2503,0,16,0.4743842
182,2503,1,16,1.6329228
182,2503,2,16,0.3594517
182,2503,3,16,1.7540447
182,2503,4,16,0.27230698
182,2503,5,16,1.8693647
182,2503,6,16,0.20620258
182,2503,7,16,1.9398415
182,2519,0,16,0.4743831
182,2519,1,16,1.6328791
182,2519,2,16,0.35944942
182,2519,3,16,1.7539741
182,2519,4,16,0.27229992
182,2519,5,16,1.8693482
182,2519,6,16,0.20620361
182,2519,7,16,1.9398518
182,2532,0,16,0.47438106
182,2532,1,16,1.6328554
182,2532,2,16,0.35944617
182,2532,3,16,1.7539077
182,2532,4,16,0.27229655
182,2532,5,16,1.869331
182,2532,6,16,0.2062012
182,2532,7,16,1.9398313
182,2546,0,16,0.47445896
182,2546,1,16,1.6334709
182,2546,2,16,0.35964507
182,2546,3,16,1.776908
182,2546,4,16,0.27212423
182,2546,5,16,1.8695558
182,2546,6,16,0.20608236
182,2546,7,16,1.9126631
182,2560,0,16,0.47445518
182,2560,1,16,1.633461
182,2560,2,16,0.35964113
182,2560,3,16,1.7769158
182,2560,4,16,0.27212188
182,2560,5,16,1.8695723
182,2560,6,16,0.20608068
182,2560,7,16,1.9126652
182,2572,0,16,0.47534642
182,2572,1,16,1.6539543
182,2572,2,16,0.35935846
182,2572,3,16,1.7757169
182,2572,4,16,0.272074
182,2572,5,16,1.8431728
182,2572,6,16,0.20581602
182,2572,7,16,1.9159366
182,2584,0,16,0.47533992
182,2584,1,16,1.6539557
182,2584,2,16,0.35935777
182,2584,3,16,1.7757128
182,2584,4,16,0.27207124
182,2584,5,16,1.8431444
182,2584,6,16,0.2058122
182,2584,7,16,1.9159356
182,2596,0,16,0.47534135
182,2596,1,16,1.6539797
182,2596,2,16,0.3593615
182,2596,3,16,1.7757032
182,2596,4,16,0.27207232
182,2596,5,16,1.8431464
182,2596,6,16,0.20581403
182,2596,7,16,1.9159476
182,2610,0,16,0.47506025
182,2610,1,16,1.6522229
182,2610,2,16,0.3590273
182,2610,3,16,1.7517611
182,2610,4,16,0.27179566
182,2610,5,16,1.8465801
182,2610,6,16,0.20643485
182,2610,7,16,1.9407045
182,2626,0,16,0.47506067
182,2626,1,16,1.652215
182,2626,2,16,0.35903224
182,2626,3,16,1.7517705
182,2626,4,16,0.27179384
182,2626,5,16,1.8465631
182,2626,6,16,0.20643325
182,2626,7,16,1.9406866
182,2638,0,16,0.47505498
182,2638,1,16,1.6521941
182,2638,2,16,0.35902634
182,2638,3,16,1.7517377
182,2638,4,16,0.27179033
182,2638,5,16,1.8465595
182,2638,6,16,0.20643203
182,2638,7,16,1.9406425
182,2650,0,16,0.47505432
182,2650,1,16,1.6521864
182,2650,2,16,0.359024
182,2650,3,16,1.7517204
182,2650,4,16,0.27178892
182,2650,5,16,1.8465635
182,2650,6,16,0.20643243
182,2650,7,16,1.940647
182,2664,0,16,0.4739799
182,2664,1,16,1.6315565
182,2664,2,16,0.35899034
182,2664,3,16,1.7542042
182,2664,4,16,0.27267006
182,2664,5,16,1.8704323
182,2664,6,16,0.20615159
182,2664,7,16,1.9368337
182,2678,0,16,0.4739828
182,2678,1,16,1.6315337
182,2678,2,16,0.35898814
182,2678,3,16,1.7541848
182,2678,4,16,0.2726686
182,2678,5,16,1.8704392
182,2678,6,16,0.2061521
182,2678,7,16,1.9368278
182,2696,0,16,0.4739862
182,2696,1,16,1.6315725
182,2696,2,16,0.35899645
182,2696,3,16,1.7542174
182,2696,4,16,0.27267677
182,2696,5,16,1.8704776
182,2696,6,16,0.20615613
182,2696,7,16,1.936846
182,2710,0,16,0.47399107
182,2710,1,16,1.6315818
182,2710,2,16,0.3589997
182,2710,3,16,1.7542369
182,2710,4,16,0.27267224
182,2710,5,16,1.8704544
182,2710,6,16,0.2061551
182,2710,7,16,1.9368477
182,2724,0,16,0.41245726
182,2724,1,16,1.697917
182,2724,2,16,0.3134371
182,2724,3,16,1.8268127
182,2724,4,16,0.23681767
182,2724,5,16,1.9042298
182,2724,6,16,0.17964327
182,2724,7,16,1.6841159
182,2738,0,16,0.413921
182,2738,1,16,1.7200663
182,2738,2,16,0.31252003
182,2738,3,16,1.823132
182,2738,4,16,0.23717098
182,2738,5,16,1.6243504
182,2738,6,16,0.2063211
182,2738,7,16,1.939359
182,2750,0,16,0.4139334
182,2750,1,16,1.7200594
182,2750,2,16,0.31252342
182,2750,3,16,1.8231856
182,2750,4,16,0.23717134
182,2750,5,16,1.6243132
182,2750,6,16,0.20631678
182,2750,7,16,1.9393103
182,2763,0,16,0.3591323
182,2763,1,16,1.7731063
182,2763,2,16,0.27267122
182,2763,3,16,1.586813
182,2763,4,16,0.23716451
182,2763,5,16,1.9061952
182,2763,6,16,0.17948948
182,2763,7,16,1.6833593
182,2775,0,16,0.3591333
182,2775,1,16,1.7731336
182,2775,2,16,0.27267528
182,2775,3,16,1.5868355
182,2775,4,16,0.23716483
182,2775,5,16,1.9061813
182,2775,6,16,0.17948934
182,2775,7,16,1.6833373
182,2792,0,16,0.36016712
182,2792,1,16,1.4943873
182,2792,2,16,0.31343296
182,2792,3,16,1.8240131
182,2792,4,16,0.23709235
182,2792,5,16,1.6220826
182,2792,6,16,0.20628795
182,2792,7,16,1.9433557
182,2806,0,16,0.4139315
182,2806,1,16,1.7174923
182,2806,2,16,0.3130967
182,2806,3,16,1.5426937
182,2806,4,16,0.27248687
182,2806,5,16,1.8702604
182,2806,6,16,0.20634663
182,2806,7,16,1.9181521
182,2818,0,16,0.41393143
182,2818,1,16,1.7174879
182,2818,2,16,0.31309682
182,2818,3,16,1.5427217
182,2818,4,16,0.2724877
182,2818,5,16,1.8702517
182,2818,6,16,0.20634416
182,2818,7,16,1.9181279
182,2837,0,16,0.41372332
182,2837,1,16,1.4369401
182,2837,2,16,0.36007932
182,2837,3,16,1.7768528
182,2837,4,16,0.2723453
182,2837,5,16,1.8491966
182,2837,6,16,0.20612319
182,2837,7,16,1.938803
182,2850,0,16,0.41371965
182,2850,1,16,1.436967
182,2850,2,16,0.36008704
182,2850,3,16,1.7768635
182,2850,4,16,0.27234784
182,2850,5,16,1.8492184
182,2850,6,16,0.20612256
182,2850,7,16,1.9388372
182,2867,0,16,0.47605097
182,2867,1,16,1.6541944
182,2867,2,16,0.3596212
182,2867,3,16,1.756367
182,2867,4,16,0.27213436
182,2867,5,16,1.8696154
182,2867,6,16,0.20605949
182,2867,7,16,1.9422101
182,2879,0,16,0.47514746
182,2879,1,16,1.6352983
182,2879,2,16,0.35944176
182,2879,3,16,1.776063
182,2879,4,16,0.27198806
182,2879,5,16,1.8716121
182,2879,6,16,0.20662254
182,2879,7,16,1.9424429
182,2894,0,16,0.4751476
182,2894,1,16,1.6352938
182,2894,2,16,0.35943714
182,2894,3,16,1.7760185
182,2894,4,16,0.2719804
182,2894,5,16,1.8716313
182,2894,6,16,0.2066224
182,2894,7,16,1.9424247
182,2907,0,16,0.47514054
182,2907,1,16,1.6352993
182,2907,2,16,0.35944328
182,2907,3,16,1.776007
182,2907,4,16,0.27198118
182,2907,5,16,1.8716276
182,2907,6,16,0.20662251
182,2907,7,16,1.9424053
182,2919,0,16,0.47539014
182,2919,1,16,1.6517911
182,2919,2,16,0.35935587
182,2919,3,16,1.778073
182,2919,4,16,0.27274266
182,2919,5,16,1.8711545
182,2919,6,16,0.20654687
182,2919,7,16,1.9396226
182,2933,0,16,0.47539058
182,2933,1,16,1.6517909
182,2933,2,16,0.35935614
182,2933,3,16,1.778094
182,2933,4,16,0.27274385
182,2933,5,16,1.8711715
182,2933,6,16,0.20654628
182,2933,7,16,1.9396279
182,2947,0,16,0.47539163
182,2947,1,16,1.6517828
182,2947,2,16,0.35935742
182,2947,3,16,1.7780784
182,2947,4,16,0.27274388
182,2947,5,16,1.8711796
182,2947,6,16,0.20654793
182,2947,7,16,1.9396023
182,2960,0,16,0.47538587
182,2960,1,16,1.6517724
182,2960,2,16,0.35935003
182,2960,3,16,1.7780535
182,2960,4,16,0.27274284
182,2960,5,16,1.8711854
182,2960,6,16,0.20654587
182,2960,7,16,1.9396056
182,2972,0,16,0.47517198
182,2972,1,16,1.6553978
182,2972,2,16,0.36011
182,2972,3,16,1.7783668
182,2972,4,16,0.27270606
182,2972,5,16,1.8675463
182,2972,6,16,0.20609514
182,2972,7,16,1.940756
182,2984,0,16,0.4751717
182,2984,1,16,1.6553879
182,2984,2,16,0.36010918
182,2984,3,16,1.7783527
182,2984,4,16,0.27270222
182,2984,5,16,1.8675306
182,2984,6,16,0.20609376
182,2984,7,16,1.9407392
182,2997,0,16,0.47517163
182,2997,1,16,1.6553901
182,2997,2,16,0.3601116
182,2997,3,16,1.7783502
182,2997,4,16,0.27270126
182,2997,5,16,1.867537
182,2997,6,16,0.2060943
182,2997,7,16,1.940725
182,3013,0,16,0.47609514
182,3013,1,16,1.6548297
182,3013,2,16,0.36031806
182,3013,3,16,1.7729892
182,3013,4,16,0.27224395
182,3013,5,16,1.8688526
182,3013,6,16,0.20651725
182,3013,7,16,1.942553
182,3025,0,16,0.4760957
182,3025,1,16,1.6548148
182,3025,2,16,0.36031604
182,3025,3,16,1.7730527
182,3025,4,16,0.272249
182,3025,5,16,1.8688413
182,3025,6,16,0.20651582
182,3025,7,16,1.9425365
182,3038,0,16,0.4760914
182,3038,1,16,1.6548097
182,3038,2,16,0.36030927
182,3038,3,16,1.7729967
182,3038,4,16,0.27224517
182,3038,5,16,1.8688262
182,3038,6,16,0.20651345
182,3038,7,16,1.9425248
182,3051,0,16,0.47575995
182,3051,1,16,1.6504627
182,3051,2,16,0.35959005
182,3051,3,16,1.7756022
182,3051,4,16,0.2728158
182,3051,5,16,1.869911
182,3051,6,16,0.2064851
182,3051,7,16,1.9379162
182,3063,0,16,0.47572774
182,3063,1,16,1.6522893
182,3063,2,16,0.3602373
182,3063,3,16,1.7759211
182,3063,4,16,0.2727055
182,3063,5,16,1.8661463
182,3063,6,16,0.20598695
182,3063,7,16,1.9388593
182,3077,0,16,0.47572693
182,3077,1,16,1.652281
182,3077,2,16,0.36023155
182,3077,3,16,1.7759179
182,3077,4,16,0.2727081
182,3077,5,16,1.8661131
182,3077,6,16,0.20598356
182,3077,7,16,1.9388226
182,3090,0,16,0.47608665
182,3090,1,16,1.6531669
182,3090,2,16,0.36002937
182,3090,3,16,1.7725254
182,3090,4,16,0.27203926
182,3090,5,16,1.8682272
182,3090,6,16,0.20625165
182,3090,7,16,1.9421052
182,3102,0,16,0.4760828
182,3102,1,16,1.6531836
182,3102,2,16,0.36003554
182,3102,3,16,1.7725867
182,3102,4,16,0.27204227
182,3102,5,16,1.8682156
182,3102,6,16,0.2062525
182,3102,7,16,1.9421319
182,3119,0,16,0.47608316
182,3119,1,16,1.6531694
182,3119,2,16,0.3600313
182,3119,3,16,1.7725424
182,3119,4,16,0.27203786
182,3119,5,16,1.8682166
182,3119,6,16,0.20625259
182,3119,7,16,1.9421285
182,3132,0,16,0.47563982
182,3132,1,16,1.650268
182,3132,2,16,0.3593892
182,3132,3,16,1.7749721
182,3132,4,16,0.27232778
182,3132,5,16,1.8706161
182,3132,6,16,0.2063143
182,3132,7,16,1.9391859
182,3145,0,16,0.47482798
182,3145,1,16,1.651283
182,3145,2,16,0.36005107
182,3145,3,16,1.7761708
182,3145,4,16,0.272482
182,3145,5,16,1.8680493
182,3145,6,16,0.20618387
182,3145,7,16,1.9396423
182,3161,0,16,0.47483438
182,3161,1,16,1.6512754
182,3161,2,16,0.36004955
182,3161,3,16,1.7761468
182,3161,4,16,0.27248082
182,3161,5,16,1.868019
182,3161,6,16,0.20617919
182,3161,7,16,1.9396051
182,3173,0,16,0.47483099
182,3173,1,16,1.6512811
182,3173,2,16,0.36004817
182,3173,3,16,1.7761197
182,3173,4,16,0.2724768
182,3173,5,16,1.8680004
182,3173,6,16,0.20617782
182,3173,7,16,1.9396014
182,3191,0,16,0.47549334
182,3191,1,16,1.650473
182,3191,2,16,0.3596783
182,3191,3,16,1.7752302
182,3191,4,16,0.27232382
182,3191,5,16,1.8692194
182,3191,6,16,0.20616429
182,3191,7,16,1.9408959
182,3204,0,16,0.47549415
182,3204,1,16,1.6504669
182,3204,2,16,0.35967734
182,3204,3,16,1.7752101
182,3204,4,16,0.27232197
182,3204,5,16,1.8692156
182,3204,6,16,0.20616181
182,3204,7,16,1.940907
182,3217,0,16,0.4135113
182,3217,1,16,1.7176168
182,3217,2,16,0.3131552
182,3217,3,16,1.824618
182,3217,4,16,0.23692027
182,3217,5,16,1.9084594
182,3217,6,16,0.17969525
182,3217,7,16,1.6820086
182,3229,0,16,0.4135096
182,3229,1,16,1.7175903
182,3229,2,16,0.31315124
182,3229,3,16,1.8245995
182,3229,4,16,0.23691654
182,3229,5,16,1.9084413
182,3229,6,16,0.17969416
182,3229,7,16,1.6819981
182,3245,0,16,0.41350782
182,3245,1,16,1.7175862
182,3245,2,16,0.31315058
182,3245,3,16,1.8246108
182,3245,4,16,0.2369178
182,3245,5,16,1.9084387
182,3245,6,16,0.17969349
182,3245,7,16,1.6819965
182,3258,0,16,0.41377434
182,3258,1,16,1.7169098
182,3258,2,16,0.3131496
182,3258,3,16,1.8254955
182,3258,4,16,0.23729286
182,3258,5,16,1.6223936
182,3258,6,16,0.20584652
182,3258,7,16,1.9398603
182,3270,0,16,0.4137718
182,3270,1,16,1.7168978
182,3270,2,16,0.31314886
182,3270,3,16,1.8254982
182,3270,4,16,0.23729129
182,3270,5,16,1.6223963
182,3270,6,16,0.20584607
182,3270,7,16,1.9398469
182,3283,0,16,0.4137753
182,3283,1,16,1.7168994
182,3283,2,16,0.31314933
182,3283,3,16,1.8254902
182,3283,4,16,0.2372878
182,3283,5,16,1.6223953
182,3283,6,16,0.20585029
182,3283,7,16,1.9398549
182,3295,0,16,0.41377175
182,3295,1,16,1.716904
182,3295,2,16,0.31315368
182,3295,3,16,1.8255194
182,3295,4,16,0.23728926
182,3295,5,16,1.6223937
182,3295,6,16,0.20585082
182,3295,7,16,1.9398429
182,3308,0,16,0.41377226
182,3308,1,16,1.7177209
182,3308,2,16,0.31330934
182,3308,3,16,1.5424186
182,3308,4,16,0.2719652
182,3308,5,16,1.8689375
182,3308,6,16,0.20608811
182,3308,7,16,1.9394839
182,3320,0,16,0.41376993
182,3320,1,16,1.7177123
182,3320,2,16,0.3133075
182,3320,3,16,1.5424236
182,3320,4,16,0.2719647
182,3320,5,16,1.8689237
182,3320,6,16,0.20608783
182,3320,7,16,1.9394755
182,3333,0,16,0.36012545
182,3333,1,16,1.4927617
182,3333,2,16,0.31267002
182,3333,3,16,1.8245815
182,3333,4,16,0.23691875
182,3333,5,16,1.9056238
182,3333,6,16,0.17948169
182,3333,7,16,1.6830357
182,3348,0,16,0.36012763
182,3348,1,16,1.4927553
182,3348,2,16,0.3126702
182,3348,3,16,1.8245771
182,3348,4,16,0.23691697
182,3348,5,16,1.9056301
182,3348,6,16,0.17948255
182,3348,7,16,1.683043
182,3362,0,16,0.3601293
182,3362,1,16,1.4927683
182,3362,2,16,0.3126748
182,3362,3,16,1.8246135
182,3362,4,16,0.23691875
182,3362,5,16,1.9056476
182,3362,6,16,0.1794829
182,3362,7,16,1.6830387
182,3379,0,16,0.4132437
182,3379,1,16,1.7176119
182,3379,2,16,0.3128502
182,3379,3,16,1.824974
182,3379,4,16,0.2369197
182,3379,5,16,1.6223054
182,3379,6,16,0.20625426
182,3379,7,16,1.9392115
182,3393,0,16,0.41326728
182,3393,1,16,1.7168416
182,3393,2,16,0.31314588
182,3393,3,16,1.5413622
182,3393,4,16,0.27245185
182,3393,5,16,1.8686508
182,3393,6,16,0.20605393
182,3393,7,16,1.9401897
182,3407,0,16,0.41366133
182,3407,1,16,1.4363683
182,3407,2,16,0.35992998
182,3407,3,16,1.7740264
182,3407,4,16,0.2722416
182,3407,5,16,1.8683321
182,3407,6,16,0.20628795
182,3407,7,16,1.9401222
182,3420,0,16,0.41365898
182,3420,1,16,1.4363661
182,3420,2,16,0.35992712
182,3420,3,16,1.7740353
182,3420,4,16,0.27224132
182,3420,5,16,1.8683115
182,3420,6,16,0.20628786
182,3420,7,16,1.9401329
182,3432,0,16,0.41366076
182,3432,1,16,1.4363452
182,3432,2,16,0.35992616
182,3432,3,16,1.7740213
182,3432,4,16,0.2722387
182,3432,5,16,1.8682983
182,3432,6,16,0.20628664
182,3432,7,16,1.9401265
182,3445,0,16,0.41366223
182,3445,1,16,1.4363363
182,3445,2,16,0.35992426
182,3445,3,16,1.774004
182,3445,4,16,0.27223846
182,3445,5,16,1.8682896
182,3445,6,16,0.20628414
182,3445,7,16,1.9400959
182,3460,0,16,0.47556555
182,3460,1,16,1.6522651
182,3460,2,16,0.35951233
182,3460,3,16,1.7750794
182,3460,4,16,0.27221966
182,3460,5,16,1.8689541
182,3460,6,16,0.20606437
182,3460,7,16,1.9401966
182,3473,0,16,0.47514296
182,3473,1,16,1.6521629
182,3473,2,16,0.35958928
182,3473,3,16,1.7745019
182,3473,4,16,0.27227077
182,3473,5,16,1.8686826
182,3473,6,16,0.2059869
182,3473,7,16,1.9143952
182,3486,0,16,0.47514433
182,3486,1,16,1.6521521
182,3486,2,16,0.35958794
182,3486,3,16,1.7745019
182,3486,4,16,0.27226996
182,3486,5,16,1.8686676
182,3486,6,16,0.20598623
182,3486,7,16,1.9144044
182,3498,0,16,0.47528687
182,3498,1,16,1.6506125
182,3498,2,16,0.3598329
182,3498,3,16,1.7755344
182,3498,4,16,0.27171934
182,3498,5,16,1.8450711
182,3498,6,16,0.20633593
182,3498,7,16,1.9406037
182,3515,0,16,0.4755548
182,3515,1,16,1.6521074
182,3515,2,16,0.35878998
182,3515,3,16,1.753706
182,3515,4,16,0.2722641
182,3515,5,16,1.8698554
182,3515,6,16,0.20641151
182,3515,7,16,1.9376427
182,3530,0,16,0.47555196
182,3530,1,16,1.6521012
182,3530,2,16,0.35878992
182,3530,3,16,1.753722
182,3530,4,16,0.27226585
182,3530,5,16,1.8698485
182,3530,6,16,0.2064111
182,3530,7,16,1.9376523
182,3542,0,16,0.4738589
182,3542,1,16,1.6333078
182,3542,2,16,0.3598745
182,3542,3,16,1.775208
182,3542,4,16,0.27250147
182,3542,5,16,1.8668659
182,3542,6,16,0.20608626
182,3542,7,16,1.9138792
182,3562,0,16,0.47385997
182,3562,1,16,1.6333029
182,3562,2,16,0.3598723
182,3562,3,16,1.7752011
182,3562,4,16,0.27250156
182,3562,5,16,1.8668509
182,3562,6,16,0.20608579
182,3562,7,16,1.9138751
182,3583,0,16,0.47560695
182,3583,1,16,1.6510112
182,3583,2,16,0.36013472
182,3583,3,16,1.7725418
182,3583,4,16,0.27196455
182,3583,5,16,1.8444295
182,3583,6,16,0.20630771
182,3583,7,16,1.9413471
182,3597,0,16,0.47560504
182,3597,1,16,1.6510156
182,3597,2,16,0.36013654
182,3597,3,16,1.7725079
182,3597,4,16,0.27196223
182,3597,5,16,1.8444163
182,3597,6,16,0.20630807
182,3597,7,16,1.9413346
182,3609,0,16,0.4755139
182,3609,1,16,1.6493931
182,3609,2,16,0.35913646
182,3609,3,16,1.7528421
182,3609,4,16,0.27261883
182,3609,5,16,1.8686919
182,3609,6,16,0.20644091
182,3609,7,16,1.9379292
182,3623,0,16,0.47551456
182,3623,1,16,1.6493827
182,3623,2,16,0.35914022
182,3623,3,16,1.7528489
182,3623,4,16,0.27262247
182,3623,5,16,1.868684
182,3623,6,16,0.20644134
182,3623,7,16,1.937903
182,3636,0,16,0.47425213
182,3636,1,16,1.6328951
182,3636,2,16,0.36006987
182,3636,3,16,1.7747452
182,3636,4,16,0.27264705
182,3636,5,16,1.8668236
182,3636,6,16,0.20656398
182,3636,7,16,1.940837
182,3650,0,16,0.47425118
182,3650,1,16,1.6328921
182,3650,2,16,0.36006737
182,3650,3,16,1.7747527
182,3650,4,16,0.27264687
182,3650,5,16,1.866835
182,3650,6,16,0.206559
182,3650,7,16,1.9408345
182,3664,0,16,0.47424877
182,3664,1,16,1.6328856
182,3664,2,16,0.36006135
182,3664,3,16,1.7747312
182,3664,4,16,0.2726416
182,3664,5,16,1.8668444
182,3664,6,16,0.20655884
182,3664,7,16,1.9408442
182,3678,0,16,0.47610745
182,3678,1,16,1.651693
182,3678,2,16,0.35999882
182,3678,3,16,1.7725359
182,3678,4,16,0.27288097
182,3678,5,16,1.8694
182,3678,6,16,0.20629376
182,3678,7,16,1.9385896
182,3698,0,16,0.47595593
182,3698,1,16,1.6504502
182,3698,2,16,0.36039233
182,3698,3,16,1.7750547
182,3698,4,16,0.27255237
182,3698,5,16,1.8669926
182,3698,6,16,0.20625353
182,3698,7,16,1.9370319
182,3711,0,16,0.47596067
182,3711,1,16,1.6504416
182,3711,2,16,0.36039656
182,3711,3,16,1.775057
182,3711,4,16,0.27255645
182,3711,5,16,1.8670154
182,3711,6,16,0.20625514
182,3711,7,16,1.9369823
182,3727,0,16,0.47643363
182,3727,1,16,1.6511297
182,3727,2,16,0.36006632
182,3727,3,16,1.7733767
182,3727,4,16,0.2722927
182,3727,5,16,1.8671054
182,3727,6,16,0.20645398
182,3727,7,16,1.940304
182,3742,0,16,0.47643074
182,3742,1,16,1.651127
182,3742,2,16,0.3600662
182,3742,3,16,1.773389
182,3742,4,16,0.27228767
182,3742,5,16,1.8670888
182,3742,6,16,0.20645216
182,3742,7,16,1.9403067
182,3756,0,16,0.47604248
182,3756,1,16,1.6503981
182,3756,2,16,0.35952982
182,3756,3,16,1.7743971
182,3756,4,16,0.2726663
182,3756,5,16,1.8692752
182,3756,6,16,0.20628782
182,3756,7,16,1.9393939
182,3768,0,16,0.4760359
182,3768,1,16,1.6503879
182,3768,2,16,0.35953155
182,3768,3,16,1.774398
182,3768,4,16,0.27266595
182,3768,5,16,1.8692693
182,3768,6,16,0.20628627
182,3768,7,16,1.9393799
182,3781,0,16,0.4759402
182,3781,1,16,1.6516006
182,3781,2,16,0.3597013
182,3781,3,16,1.7759738
182,3781,4,16,0.27200386
182,3781,5,16,1.8450093
182,3781,6,16,0.20601359
182,3781,7,16,1.9143748
182,3793,0,16,0.47593343
182,3793,1,16,1.651632
182,3793,2,16,0.3596979
182,3793,3,16,1.7759707
182,3793,4,16,0.27199897
182,3793,5,16,1.8449878
182,3793,6,16,0.20601225
182,3793,7,16,1.9143659
182,3807,0,16,0.47568044
182,3807,1,16,1.6518353
182,3807,2,16,0.35911593
182,3807,3,16,1.7532549
182,3807,4,16,0.27199677
182,3807,5,16,1.8450139
182,3807,6,16,0.20609514
182,3807,7,16,1.9390041
182,3819,0,16,0.47379744
182,3819,1,16,1.6336265
182,3819,2,16,0.35911828
182,3819,3,16,1.7527429
182,3819,4,16,0.27219018
182,3819,5,16,1.8677851
182,3819,6,16,0.20586598
182,3819,7,16,1.9166051
182,3832,0,16,0.47379196
182,3832,1,16,1.6336029
182,3832,2,16,0.35911402
182,3832,3,16,1.7527282
182,3832,4,16,0.2721884
182,3832,5,16,1.8677821
182,3832,6,16,0.2058636
182,3832,7,16,1.9165722
182,3845,0,16,0.47379062
182,3845,1,16,1.6332489
182,3845,2,16,0.35949036
182,3845,3,16,1.7735748
182,3845,4,16,0.27182952
182,3845,5,16,1.8485669
182,3845,6,16,0.20591292
182,3845,7,16,1.9138851
182,3859,0,16,0.4737921
182,3859,1,16,1.6332326
182,3859,2,16,0.35948697
182,3859,3,16,1.7735772
182,3859,4,16,0.27182853
182,3859,5,16,1.8485595
182,3859,6,16,0.20591013
182,3859,7,16,1.9138695
182,3874,0,16,0.47379097
182,3874,1,16,1.6332442
182,3874,2,16,0.3594886
182,3874,3,16,1.7735732
182,3874,4,16,0.27182767
182,3874,5,16,1.8485723
182,3874,6,16,0.2059114
182,3874,7,16,1.9138911
182,3895,0,16,0.47484258
182,3895,1,16,1.6502742
182,3895,2,16,0.35922447
182,3895,3,16,1.7561928
182,3895,4,16,0.27169183
182,3895,5,16,1.8452586
182,3895,6,16,0.20632431
182,3895,7,16,1.9396495
182,3907,0,16,0.47484002
182,3907,1,16,1.6502739
182,3907,2,16,0.3592206
182,3907,3,16,1.7561821
182,3907,4,16,0.27168992
182,3907,5,16,1.8452517
182,3907,6,16,0.20632409
182,3907,7,16,1.9396545
182,3928,0,16,0.4748354
182,3928,1,16,1.6502593
182,3928,2,16,0.35922012
182,3928,3,16,1.7561707
182,3928,4,16,0.27168822
182,3928,5,16,1.8452387
182,3928,6,16,0.20632154
182,3928,7,16,1.9396523
182,3943,0,16,0.4744256
182,3943,1,16,1.6348516
182,3943,2,16,0.3588399
182,3943,3,16,1.7539423
182,3943,4,16,0.27260092
182,3943,5,16,1.8680035
182,3943,6,16,0.20612258
182,3943,7,16,1.9391
182,3957,0,16,0.47442383
182,3957,1,16,1.634849
182,3957,2,16,0.35883215
182,3957,3,16,1.7539084
182,3957,4,16,0.27259734
182,3957,5,16,1.8679861
182,3957,6,16,0.2061212
182,3957,7,16,1.939106
182,3972,0,16,0.4744246
182,3972,1,16,1.6348515
182,3972,2,16,0.3588335
182,3972,3,16,1.7539167
182,3972,4,16,0.27259782
182,3972,5,16,1.868011
182,3972,6,16,0.20612289
182,3972,7,16,1.9390986
182,3985,0,16,0.4738599
182,3985,1,16,1.6332899
182,3985,2,16,0.35999274
182,3985,3,16,1.7743421
182,3985,4,16,0.2723993
182,3985,5,16,1.8672619
182,3985,6,16,0.20608747
182,3985,7,16,1.9373479
182,4000,0,16,0.47385556
182,4000,1,16,1.6332968
182,4000,2,16,0.3599954
182,4000,3,16,1.7743334
182,4000,4,16,0.27240068
182,4000,5,16,1.8672574
182,4000,6,16,0.20608838
182,4000,7,16,1.9373485
182,4013,0,16,0.47385392
182,4013,1,16,1.6332959
182,4013,2,16,0.3599972
182,4013,3,16,1.7743618
182,4013,4,16,0.27240252
182,4013,5,16,1.8672628
182,4013,6,16,0.2060869
182,4013,7,16,1.9373485
182,4031,0,16,0.47576132
182,4031,1,16,1.6519
182,4031,2,16,0.3596769
182,4031,3,16,1.7736311
182,4031,4,16,0.2722459
182,4031,5,16,1.8661838
182,4031,6,16,0.20588896
182,4031,7,16,1.9149151
182,4043,0,16,0.47575626
182,4043,1,16,1.6518937
182,4043,2,16,0.3596756
182,4043,3,16,1.7736311
182,4043,4,16,0.27224755
182,4043,5,16,1.8661792
182,4043,6,16,0.20588805
182,4043,7,16,1.9149102
182,4057,0,16,0.41362473
182,4057,1,16,1.7156191
182,4057,2,16,0.31292918
182,4057,3,16,1.8230904
182,4057,4,16,0.23655473
182,4057,5,16,1.8818619
182,4057,6,16,0.17959985
182,4057,7,16,1.6628681
182,4069,0,16,0.41362306
182,4069,1,16,1.7155845
182,4069,2,16,0.3129301
182,4069,3,16,1.8231025
182,4069,4,16,0.23655145
182,4069,5,16,1.881845
182,4069,6,16,0.17960165
182,4069,7,16,1.6628554
182,4084,0,16,0.41361848
182,4084,1,16,1.7155672
182,4084,2,16,0.31292945
182,4084,3,16,1.8230643
182,4084,4,16,0.23655014
182,4084,5,16,1.8818299
182,4084,6,16,0.17960112
182,4084,7,16,1.662855
182,4096,0,16,0.4133761
182,4096,1,16,1.7160143
182,4096,2,16,0.31237978
182,4096,3,16,1.8026301
182,4096,4,16,0.23689224
182,4096,5,16,1.6039549
182,4096,6,16,0.20634359
182,4096,7,16,1.938431
182,4110,0,16,0.41337538
182,4110,1,16,1.7160022
182,4110,2,16,0.31237802
182,4110,3,16,1.8026053
182,4110,4,16,0.23689342
182,4110,5,16,1.6039792
182,4110,6,16,0.20634578
182,4110,7,16,1.9384507
182,4123,0,16,0.41257876
182,4123,1,16,1.6982371
182,4123,2,16,0.3126311
182,4123,3,16,1.5259445
182,4123,4,16,0.27266315
182,4123,5,16,1.8661397
182,4123,6,16,0.20580247
182,4123,7,16,1.9420079
182,4138,0,16,0.41257408
182,4138,1,16,1.6982085
182,4138,2,16,0.31262866
182,4138,3,16,1.5259417
182,4138,4,16,0.27266172
182,4138,5,16,1.8661244
182,4138,6,16,0.20580249
182,4138,7,16,1.9419959
182,4150,0,16,0.41274056
182,4150,1,16,1.4230329
182,4150,2,16,0.3599676
182,4150,3,16,1.7723117
182,4150,4,16,0.27198035
182,4150,5,16,1.8697714
182,4150,6,16,0.20642528
182,4150,7,16,1.941203
182,4164,0,16,0.47579664
182,4164,1,16,1.6485783
182,4164,2,16,0.3594498
182,4164,3,16,1.7760311
182,4164,4,16,0.27269688
182,4164,5,16,1.8704935
182,4164,6,16,0.20644994
182,4164,7,16,1.9400085
182,4177,0,16,0.4757937
182,4177,1,16,1.6485733
182,4177,2,16,0.3594486
182,4177,3,16,1.7760237
182,4177,4,16,0.2726949
182,4177,5,16,1.8704791
182,4177,6,16,0.20644906
182,4177,7,16,1.9400003
182,4190,0,16,0.47579703
182,4190,1,16,1.648582
182,4190,2,16,0.35945043
182,4190,3,16,1.7760259
182,4190,4,16,0.27269456
182,4190,5,16,1.8704778
182,4190,6,16,0.20644869
182,4190,7,16,1.9400014
182,4202,0,16,0.4752244
182,4202,1,16,1.6528895
182,4202,2,16,0.36024848
182,4202,3,16,1.7762371
182,4202,4,16,0.27258736
182,4202,5,16,1.8697969
182,4202,6,16,0.20615035
182,4202,7,16,1.9405783
182,4217,0,16,0.4752222
182,4217,1,16,1.6528779
182,4217,2,16,0.3602469
182,4217,3,16,1.7762351
182,4217,4,16,0.2725864
182,4217,5,16,1.8697958
182,4217,6,16,0.20615016
182,4217,7,16,1.9405758
182,4232,0,16,0.47522604
182,4232,1,16,1.6528815
182,4232,2,16,0.36024716
182,4232,3,16,1.7762401
182,4232,4,16,0.27258667
182,4232,5,16,1.869796
182,4232,6,16,0.20615089
182,4232,7,16,1.940563
182,4244,0,16,0.47609898
182,4244,1,16,1.6532607
182,4244,2,16,0.3601621
182,4244,3,16,1.7744899
182,4244,4,16,0.2723653
182,4244,5,16,1.8691725
182,4244,6,16,0.2066026
182,4244,7,16,1.9395044
182,4256,0,16,0.47609782
182,4256,1,16,1.6532618
182,4256,2,16,0.36016524
182,4256,3,16,1.7744992
182,4256,4,16,0.27236435
182,4256,5,16,1.8691788
182,4256,6,16,0.20660436
182,4256,7,16,1.939508
182,4270,0,16,0.47584277
182,4270,1,16,1.6510706
182,4270,2,16,0.3596766
182,4270,3,16,1.7758936
182,4270,4,16,0.27279353
182,4270,5,16,1.870016
182,4270,6,16,0.2063102
182,4270,7,16,1.9414763
182,4282,0,16,0.47583935
182,4282,1,16,1.6510812
182,4282,2,16,0.35968125
182,4282,3,16,1.7759073
182,4282,4,16,0.272792
182,4282,5,16,1.8699934
182,4282,6,16,0.20631084
182,4282,7,16,1.9414886
182,4295,0,16,0.47584283
182,4295,1,16,1.6510726
182,4295,2,16,0.35967368
182,4295,3,16,1.7759
182,4295,4,16,0.2727942
182,4295,5,16,1.8699911
182,4295,6,16,0.20630863
182,4295,7,16,1.9414632
182,4308,0,16,0.4752735
182,4308,1,16,1.6531434
182,4308,2,16,0.3603822
182,4308,3,16,1.7748864
182,4308,4,16,0.272469
182,4308,5,16,1.8712119
182,4308,6,16,0.20644562
182,4308,7,16,1.9413861
182,4322,0,16,0.47527775
182,4322,1,16,1.6531328
182,4322,2,16,0.3603806
182,4322,3,16,1.7749121
182,4322,4,16,0.2724688
182,4322,5,16,1.8712085
182,4322,6,16,0.20644571
182,4322,7,16,1.9413671
182,4337,0,16,0.47602358
182,4337,1,16,1.6522359
182,4337,2,16,0.3600547
182,4337,3,16,1.7765009
182,4337,4,16,0.27265415
182,4337,5,16,1.8705409
182,4337,6,16,0.20597371
182,4337,7,16,1.9148847
182,4349,0,16,0.47602484
182,4349,1,16,1.6522415
182,4349,2,16,0.3600549
182,4349,3,16,1.7764854
182,4349,4,16,0.27265394
182,4349,5,16,1.870543
182,4349,6,16,0.2059743
182,4349,7,16,1.9148854
182,4363,0,16,0.4760216
182,4363,1,16,1.6522214
182,4363,2,16,0.36005107
182,4363,3,16,1.7764627
182,4363,4,16,0.2726519
182,4363,5,16,1.8705535
182,4363,6,16,0.20597279
182,4363,7,16,1.9148889
182,4375,0,16,0.47596836
182,4375,1,16,1.6531056
182,4375,2,16,0.3603
182,4375,3,16,1.7757459
182,4375,4,16,0.27180597
182,4375,5,16,1.847478
182,4375,6,16,0.20623161
182,4375,7,16,1.9397266
182,4387,0,16,0.47627842
182,4387,1,16,1.6514508
182,4387,2,16,0.35886943
182,4387,3,16,1.7569169
182,4387,4,16,0.27222618
182,4387,5,16,1.8690805
182,4387,6,16,0.20609847
182,4387,7,16,1.9392391
182,4399,0,16,0.47627878
182,4399,1,16,1.6514603
182,4399,2,16,0.35886315
182,4399,3,16,1.7568923
182,4399,4,16,0.2722247
182,4399,5,16,1.8690788
182,4399,6,16,0.20609769
182,4399,7,16,1.9392315
182,4411,0,16,0.47627404
182,4411,1,16,1.6514372
182,4411,2,16,0.35886323
182,4411,3,16,1.7568985
182,4411,4,16,0.2722265
182,4411,5,16,1.8690743
182,4411,6,16,0.20609766
182,4411,7,16,1.9392155
182,4424,0,16,0.4738198
182,4424,1,16,1.6360757
182,4424,2,16,0.359679
182,4424,3,16,1.7746679
182,4424,4,16,0.27233198
182,4424,5,16,1.8675859
182,4424,6,16,0.20642427
182,4424,7,16,1.9396133
182,4437,0,16,0.4738179
182,4437,1,16,1.6360812
182,4437,2,16,0.35968462
182,4437,3,16,1.7746899
182,4437,4,16,0.272333
182,4437,5,16,1.8676075
182,4437,6,16,0.20642312
182,4437,7,16,1.9396105
182,4449,0,16,0.47381708
182,4449,1,16,1.6360649
182,4449,2,16,0.35968181
182,4449,3,16,1.7746799
182,4449,4,16,0.2723316
182,4449,5,16,1.8676054
182,4449,6,16,0.20642154
182,4449,7,16,1.9395845
182,4463,0,16,0.47534895
182,4463,1,16,1.6509788
182,4463,2,16,0.3599101
182,4463,3,16,1.7741348
182,4463,4,16,0.27262592
182,4463,5,16,1.8681737
182,4463,6,16,0.20611368
182,4463,7,16,1.9413184
182,4477,0,16,0.47535187
182,4477,1,16,1.6509912
182,4477,2,16,0.35991383
182,4477,3,16,1.7741781
182,4477,4,16,0.2726261
182,4477,5,16,1.8681934
182,4477,6,16,0.20611213
182,4477,7,16,1.9412935
182,4489,0,16,0.47554734
182,4489,1,16,1.6504986
182,4489,2,16,0.36016732
182,4489,3,16,1.7756304
182,4489,4,16,0.2721142
182,4489,5,16,1.8698071
182,4489,6,16,0.20651032
182,4489,7,16,1.9414886
182,4507,0,16,0.4755512
182,4507,1,16,1.6505029
182,4507,2,16,0.36016285
182,4507,3,16,1.7756315
182,4507,4,16,0.27211228
182,4507,5,16,1.8698198
182,4507,6,16,0.20651108
182,4507,7,16,1.9414607
182,4521,0,16,0.47598416
182,4521,1,16,1.6525185
182,4521,2,16,0.35934794
182,4521,3,16,1.7775973
182,4521,4,16,0.27255687
182,4521,5,16,1.8702534
182,4521,6,16,0.20616333
182,4521,7,16,1.9413986
182,4533,0,16,0.47598216
182,4533,1,16,1.652505
182,4533,2,16,0.3593541
182,4533,3,16,1.7776154
182,4533,4,16,0.27255887
182,4533,5,16,1.8702546
182,4533,6,16,0.20616402
182,4533,7,16,1.9414049
182,4545,0,16,0.47598016
182,4545,1,16,1.6524915
182,4545,2,16,0.3593512
182,4545,3,16,1.7775891
182,4545,4,16,0.27255738
182,4545,5,16,1.8702635
182,4545,6,16,0.20616293
182,4545,7,16,1.9413847
182,4558,0,16,0.47491884
182,4558,1,16,1.6541529
182,4558,2,16,0.36031178
182,4558,3,16,1.7762371
182,4558,4,16,0.27224424
182,4558,5,16,1.8687959
182,4558,6,16,0.20644987
182,4558,7,16,1.9383922
182,4571,0,16,0.47612032
182,4571,1,16,1.6527152
182,4571,2,16,0.35956424
182,4571,3,16,1.7760117
182,4571,4,16,0.2724581
182,4571,5,16,1.8684229
182,4571,6,16,0.20621069
182,4571,7,16,1.9410866
182,4584,0,16,0.47611555
182,4584,1,16,1.6526805
182,4584,2,16,0.3595601
182,4584,3,16,1.7759918
182,4584,4,16,0.27245566
182,4584,5,16,1.8684174
182,4584,6,16,0.20620824
182,4584,7,16,1.9410615
182,4608,0,16,0.4754901
182,4608,1,16,1.6522065
182,4608,2,16,0.35992494
182,4608,3,16,1.774802
182,4608,4,16,0.27237657
182,4608,5,16,1.86925
182,4608,6,16,0.20655543
182,4608,7,16,1.9419392
182,4621,0,16,0.475486
182,4621,1,16,1.652233
182,4621,2,16,0.35993242
182,4621,3,16,1.7748266
182,4621,4,16,0.27238157
182,4621,5,16,1.8692594
182,4621,6,16,0.20655647
182,4621,7,16,1.941949
182,4634,0,16,0.47586045
182,4634,1,16,1.6510522
182,4634,2,16,0.3599867
182,4634,3,16,1.7752743
182,4634,4,16,0.27286825
182,4634,5,16,1.8706125
182,4634,6,16,0.20628905
182,4634,7,16,1.9143665
182,4650,0,16,0.47585824
182,4650,1,16,1.651061
182,4650,2,16,0.35998905
182,4650,3,16,1.7752726
182,4650,4,16,0.27286473
182,4650,5,16,1.8706018
182,4650,6,16,0.20628755
182,4650,7,16,1.914371
