creature_key,onset_cycle,wake_cycle,duration_ticks,engram_count,mean_eligibility,std_eligibility,batches_completed,aborted
182,5,18,12,3,0.8761362821837744,0.09893281538043465,1,false
182,20,39,18,45,0.4701011538815301,0.29575010585103456,3,false
182,42,53,10,70,0.4091166983546666,0.2997682852327815,5,false
182,57,71,13,104,0.34897948930886663,0.3017622929048624,7,false
182,74,87,12,128,0.28788925972670293,0.2790260394975251,8,false
182,89,100,10,128,0.24570867945347044,0.2765087639781828,8,false
182,103,114,10,128,0.23814032007847044,0.26891293956030754,8,false
182,116,131,14,128,0.23814032007847044,0.26891293956030754,8,false
182,133,145,11,128,0.23814032007847044,0.26891293956030754,8,false
182,149,161,11,128,0.23814032007847044,0.26891293956030754,8,false
182,162,173,10,128,0.23814032007847044,0.26891293956030754,8,false
182,175,186,10,128,0.23814032007847044,0.26891293956030754,8,false
182,189,201,11,128,0.23814032007847044,0.26891293956030754,8,false
182,203,215,11,128,0.23814032007847044,0.26891293956030754,8,false
182,220,231,10,128,0.23814032007847044,0.26891293956030754,8,false
182,232,246,13,128,0.23814032007847044,0.26891293956030754,8,false
182,254,266,11,128,0.23814032007847044,0.26891293956030754,8,false
182,269,280,10,128,0.23814032007847044,0.26891293956030754,8,false
182,281,293,11,128,0.23814032007847044,0.26891293956030754,8,false
182,298,309,10,128,0.23814032007847044,0.26891293956030754,8,false
182,310,321,10,128,0.23814032007847044,0.26891293956030754,8,false
182,322,333,10,128,0.23814032007847044,0.26891293956030754,8,false
182,334,345,10,128,0.23814032007847044,0.26891293956030754,8,false
182,350,361,10,128,0.23814032007847044,0.26891293956030754,8,false
182,363,375,11,128,0.23814032007847044,0.26891293956030754,8,false
182,376,388,11,128,0.23814032007847044,0.26891293956030754,8,false
182,392,411,18,128,0.23814032007847044,0.26891293956030754,8,false
182,416,429,12,128,0.23814032007847044,0.26891293956030754,8,false
182,431,445,13,128,0.23814032007847044,0.26891293956030754,8,false
182,446,457,10,128,0.23814032007847044,0.26891293956030754,8,false
182,458,469,10,128,0.23814032007847044,0.26891293956030754,8,false
182,471,483,11,128,0.23814032007847044,0.26891293956030754,8,false
182,487,499,11,128,0.23814032007847044,0.26891293956030754,8,false
182,500,511,10,128,0.23814032007847044,0.26891293956030754,8,false
182,512,523,10,128,0.23814032007847044,0.26891293956030754,8,false
182,525,541,15,128,0.23814032007847044,0.26891293956030754,8,false
182,546,558,11,128,0.23814032007847044,0.26891293956030754,8,false
182,560,573,12,128,0.23814032007847044,0.26891293956030754,8,false
182,577,588,10,128,0.23814032007847044,0.26891293956030754,8,false
182,596,608,11,128,0.23814032007847044,0.26891293956030754,8,false
182,618,629,10,128,0.23814032007847044,0.26891293956030754,8,false
182,630,641,10,128,0.23814032007847044,0.26891293956030754,8,false
182,642,654,11,128,0.23814032007847044,0.26891293956030754,8,false
182,656,669,12,128,0.23814032007847044,0.26891293956030754,8,false
182,670,681,10,128,0.23814032007847044,0.26891293956030754,8,false
182,682,693,10,128,0.23814032007847044,0.26891293956030754,8,false
182,694,706,11,128,0.23814032007847044,0.26891293956030754,8,false
182,707,721,13,128,0.23814032007847044,0.26891293956030754,8,false
182,724,735,10,128,0.23814032007847044,0.26891293956030754,8,false
182,738,751,12,128,0.23814032007847044,0.26891293956030754,8,false
182,756,768,11,128,0.23814032007847044,0.26891293956030754,8,false
182,769,780,10,128,0.23814032007847044,0.26891293956030754,8,false
182,782,793,10,128,0.23814032007847044,0.26891293956030754,8,false
182,794,805,10,128,0.23814032007847044,0.26891293956030754,8,false
182,807,818,10,128,0.23814032007847044,0.26891293956030754,8,false
182,819,830,10,128,0.23814032007847044,0.26891293956030754,8,false
182,836,848,11,128,0.23814032007847044,0.26891293956030754,8,false
182,850,863,12,128,0.23814032007847044,0.26891293956030754,8,false
182,864,875,10,128,0.23814032007847044,0.26891293956030754,8,false
182,876,888,11,128,0.23814032007847044,0.26891293956030754,8,false
182,889,900,10,128,0.23814032007847044,0.26891293956030754,8,false
182,902,913,10,128,0.23814032007847044,0.26891293956030754,8,false
182,914,926,11,128,0.23814032007847044,0.26891293956030754,8,false
182,928,939,10,128,0.23814032007847044,0.26891293956030754,8,false
182,940,951,10,128,0.23814032007847044,0.26891293956030754,8,false
182,954,965,10,128,0.23814032007847044,0.26891293956030754,8,false
182,966,979,12,128,0.23814032007847044,0.26891293956030754,8,false
182,980,992,11,128,0.23814032007847044,0.26891293956030754,8,false
182,993,1004,10,128,0.23814032007847044,0.26891293956030754,8,false
182,1005,1016,10,128,0.23814032007847044,0.26891293956030754,8,false
182,1017,1028,10,128,0.23054035683708765,0.2609011440743639,8,false
182,1029,1040,10,128,0.23054035683708765,0.2609011440743639,8,false
182,1041,1052,10,128,0.23054035683708765,0.2609011440743639,8,false
182,1054,1065,10,128,0.23054035683708765,0.2609011440743639,8,false
182,1068,1079,10,128,0.23054035683708765,0.2609011440743639,8,false
182,1082,1093,10,128,0.23054035683708765,0.2609011440743639,8,false
182,1094,1106,11,128,0.23054035683708765,0.2609011440743639,8,false
182,1107,1118,10,128,0.23054035683708765,0.2609011440743639,8,false
182,1123,1134,10,128,0.23054035683708768,0.2609011440743639,8,false
182,1137,1148,10,128,0.23054035683708768,0.2609011440743639,8,false
182,1149,1160,10,128,0.23054035683708768,0.2609011440743639,8,false
182,1161,1172,10,128,0.23054035683708765,0.2609011440743639,8,false
182,1176,1187,10,128,0.23054035683708765,0.2609011440743639,8,false
182,1189,1201,11,128,0.23054035683708765,0.2609011440743639,8,false
182,1203,1214,10,128,0.23054035683708765,0.2609011440743639,8,false
182,1215,1226,10,128,0.23054035683708765,0.2609011440743639,8,false
182,1229,1240,10,128,0.23054035683708765,0.2609011440743639,8,false
182,1248,1260,11,128,0.23054035683708768,0.2609011440743639,8,false
182,1261,1273,11,128,0.23054035683708768,0.2609011440743639,8,false
182,1274,1287,12,128,0.23054035683708768,0.2609011440743639,8,false
182,1291,1304,12,128,0.23814032007847044,0.26891293956030754,8,false
182,1305,1317,11,128,0.23814032007847044,0.26891293956030754,8,false
182,1318,1329,10,128,0.23814032007847044,0.26891293956030754,8,false
182,1337,1349,11,128,0.23814032007847044,0.26891293956030754,8,false
182,1352,1363,10,128,0.23814032007847044,0.26891293956030754,8,false
182,1364,1375,10,128,0.23814032007847044,0.26891293956030754,8,false
182,1376,1387,10,128,0.23814032007847044,0.26891293956030754,8,false
182,1388,1400,11,128,0.23814032007847044,0.26891293956030754,8,false
182,1407,1418,10,128,0.23814032007847044,0.26891293956030754,8,false
182,1427,1440,12,128,0.23814032007847044,0.26891293956030754,8,false
182,1448,1459,10,128,0.23814032007847044,0.26891293956030754,8,false
182,1461,1472,10,128,0.23814032007847044,0.26891293956030754,8,false
182,1475,1486,10,128,0.23814032007847044,0.26891293956030754,8,false
182,1487,1499,11,128,0.23814032007847044,0.26891293956030754,8,false
182,1503,1516,12,128,0.23814032007847044,0.26891293956030754,8,false
182,1517,1528,10,128,0.23054035683708765,0.2609011440743639,8,false
182,1529,1540,10,128,0.23054035683708765,0.2609011440743639,8,false
182,1542,1554,11,128,0.23054035683708765,0.2609011440743639,8,false
182,1556,1567,10,128,0.23054035683708765,0.2609011440743639,8,false
182,1568,1579,10,128,0.23054035683708765,0.2609011440743639,8,false
182,1581,1592,10,128,0.23054035683708765,0.2609011440743639,8,false
182,1594,1605,10,128,0.23054035683708765,0.2609011440743639,8,false
182,1607,1618,10,128,0.23054035683708765,0.2609011440743639,8,false
182,1624,1636,11,128,0.23054035683708768,0.2609011440743639,8,false
182,1637,1648,10,128,0.23814032007847044,0.26891293956030754,8,false
182,1650,1663,12,128,0.23814032007847044,0.26891293956030754,8,false
182,1666,1677,10,128,0.23814032007847044,0.26891293956030754,8,false
182,1679,1690,10,128,0.23054035683708765,0.2609011440743639,8,false
182,1691,1704,12,128,0.23054035683708765,0.2609011440743639,8,false
182,1705,1718,12,128,0.23054035683708765,0.2609011440743639,8,false
182,1724,1735,10,128,0.23054035683708765,0.2609011440743639,8,false
182,1737,1748,10,128,0.23054035683708765,0.2609011440743639,8,false
182,1750,1761,10,128,0.23054035683708765,0.2609011440743639,8,false
182,1762,1774,11,128,0.23054035683708768,0.2609011440743639,8,false
182,1777,1788,10,128,0.23054035683708768,0.2609011440743639,8,false
182,1790,1803,12,128,0.23814032007847044,0.26891293956030754,8,false
182,1804,1815,10,128,0.23814032007847044,0.26891293956030754,8,false
182,1816,1828,11,128,0.23814032007847044,0.26891293956030754,8,false
182,1832,1844,11,128,0.23814032007847044,0.26891293956030754,8,false
182,1845,1856,10,128,0.23814032007847044,0.26891293956030754,8,false
182,1857,1869,11,128,0.23814032007847044,0.26891293956030754,8,false
182,1871,1882,10,128,0.23814032007847044,0.26891293956030754,8,false
182,1885,1898,12,128,0.23814032007847044,0.26891293956030754,8,false
182,1899,1916,16,128,0.23814032007847044,0.26891293956030754,8,false
182,1917,1930,12,128,0.23814032007847044,0.26891293956030754,8,false
182,1933,1944,10,128,0.23814032007847044,0.26891293956030754,8,false
182,1948,1959,10,128,0.23814032007847044,0.26891293956030754,8,false
182,1960,1971,10,128,0.23814032007847044,0.26891293956030754,8,false
182,1972,1984,11,128,0.23814032007847044,0.26891293956030754,8,false
182,1996,2007,10,128,0.23814032007847044,0.26891293956030754,8,false
182,2010,2021,10,128,0.23814032007847044,0.26891293956030754,8,false
182,2027,2040,12,128,0.23814032007847044,0.26891293956030754,8,false
182,2042,2056,13,128,0.23814032007847044,0.26891293956030754,8,false
182,2063,2074,10,128,0.23814032007847044,0.26891293956030754,8,false
182,2075,2086,10,128,0.23814032007847044,0.26891293956030754,8,false
182,2087,2099,11,128,0.23814032007847044,0.26891293956030754,8,false
182,2101,2112,10,128,0.23814032007847044,0.26891293956030754,8,false
182,2114,2125,10,128,0.23814032007847044,0.26891293956030754,8,false
182,2133,2147,13,128,0.23814032007847044,0.26891293956030754,8,false
182,2149,2161,11,128,0.23814032007847044,0.26891293956030754,8,false
182,2163,2174,10,128,0.23814032007847044,0.26891293956030754,8,false
182,2175,2186,10,128,0.23814032007847044,0.26891293956030754,8,false
182,2187,2199,11,128,0.23814032007847044,0.26891293956030754,8,false
182,2202,2213,10,128,0.23814032007847044,0.26891293956030754,8,false
182,2214,2226,11,128,0.23814032007847044,0.26891293956030754,8,false
182,2228,2239,10,128,0.23814032007847044,0.26891293956030754,8,false
182,2243,2255,11,128,0.23814032007847044,0.26891293956030754,8,false
182,2256,2267,10,128,0.23814032007847044,0.26891293956030754,8,false
182,2270,2281,10,128,0.23814032007847044,0.26891293956030754,2,true
182,2288,2299,10,128,0.23814032007847044,0.26891293956030754,8,false
182,2301,2314,12,128,0.23814032007847044,0.26891293956030754,8,false
182,2320,2331,10,128,0.23814032007847044,0.26891293956030754,8,false
182,2333,2345,11,128,0.23814032007847044,0.26891293956030754,8,false
182,2352,2369,16,128,0.23814032007847044,0.26891293956030754,8,false
182,2372,2383,10,128,0.23814032007847044,0.26891293956030754,8,false
182,2387,2399,11,128,0.23814032007847044,0.26891293956030754,8,false
182,2401,2412,10,128,0.23814032007847044,0.26891293956030754,8,false
182,2413,2425,11,128,0.23814032007847044,0.26891293956030754,8,false
182,2428,2439,10,128,0.23814032007847044,0.26891293956030754,8,false
182,2440,2452,11,128,0.23814032007847044,0.26891293956030754,8,false
182,2455,2466,10,128,0.23814032007847044,0.26891293956030754,8,false
182,2467,2478,10,128,0.23814032007847044,0.26891293956030754,8,false
182,2479,2490,10,128,0.23814032007847044,0.26891293956030754,8,false
182,2495,2506,10,128,0.23814032007847044,0.26891293956030754,8,false
182,2509,2523,13,128,0.23814032007847044,0.26891293956030754,8,false
182,2524,2536,11,128,0.23814032007847044,0.26891293956030754,8,false
182,2537,2548,10,128,0.23814032007847044,0.26891293956030754,8,false
182,2552,2563,10,128,0.23814032007847044,0.26891293956030754,8,false
182,2564,2575,10,128,0.23814032007847044,0.26891293956030754,8,false
182,2577,2588,10,128,0.23814032007847044,0.26891293956030754,8,false
182,2591,2608,16,128,0.23814032007847044,0.26891293956030754,8,false
182,2614,2625,10,128,0.23814032007847044,0.26891293956030754,8,false
182,2626,2637,10,128,0.23814032007847044,0.26891293956030754,8,false
182,2638,2649,10,128,0.23814032007847044,0.26891293956030754,8,false
182,2650,2662,11,128,0.23814032007847044,0.26891293956030754,8,false
182,2663,2674,10,128,0.23814032007847044,0.26891293956030754,8,false
182,2675,2686,10,128,0.23814032007847044,0.26891293956030754,8,false
182,2690,2702,11,128,0.23814032007847044,0.26891293956030754,8,false
182,2705,2716,10,128,0.23814032007847044,0.26891293956030754,8,false
182,2717,2728,10,128,0.23814032007847044,0.26891293956030754,8,false
182,2730,2741,10,128,0.23814032007847044,0.26891293956030754,8,false
182,2744,2755,10,128,0.23814032007847044,0.26891293956030754,8,false
182,2757,2768,10,128,0.23814032007847044,0.26891293956030754,8,false
182,2770,2781,10,128,0.23814032007847044,0.26891293956030754,8,false
182,2782,2793,10,128,0.23814032007847044,0.26891293956030754,8,false
182,2795,2806,10,128,0.23814032007847044,0.26891293956030754,8,true
182,2811,2822,10,128,0.23814032007847044,0.26891293956030754,8,false
182,2823,2835,11,128,0.23814032007847044,0.26891293956030754,8,false
182,2837,2850,12,128,0.23814032007847044,0.26891293956030754,8,false
182,2852,2865,12,128,0.23814032007847044,0.26891293956030754,8,false
182,2867,2878,10,128,0.23814032007847044,0.26891293956030754,8,false
182,2879,2890,10,128,0.23814032007847044,0.26891293956030754,8,false
182,2892,2903,10,128,0.23814032007847044,0.26891293956030754,8,false
182,2907,2919,11,128,0.23814032007847044,0.26891293956030754,8,false
182,2924,2935,10,128,0.23814032007847044,0.26891293956030754,8,false
182,2938,2952,13,128,0.23814032007847044,0.26891293956030754,8,false
182,2953,2964,10,128,0.23814032007847044,0.26891293956030754,8,false
182,2965,2976,10,128,0.23814032007847044,0.26891293956030754,8,false
182,2979,2990,10,128,0.23814032007847044,0.26891293956030754,8,false
182,2994,3005,10,128,0.23814032007847044,0.26891293956030754,8,false
182,3010,3022,11,128,0.23814032007847044,0.26891293956030754,8,false
182,3023,3035,11,128,0.23814032007847044,0.26891293956030754,8,false
182,3037,3049,11,128,0.23814032007847044,0.26891293956030754,8,false
182,3054,3065,10,128,0.23814032007847044,0.26891293956030754,8,false
182,3068,3079,10,128,0.23814032007847044,0.26891293956030754,8,false
182,3081,3092,10,128,0.23814032007847044,0.26891293956030754,8,false
182,3096,3108,11,128,0.23814032007847044,0.26891293956030754,8,false
182,3110,3121,10,128,0.23814032007847044,0.26891293956030754,8,false
182,3125,3136,10,128,0.23814032007847044,0.26891293956030754,8,false
182,3138,3150,11,128,0.23814032007847044,0.26891293956030754,8,false
182,3151,3164,12,128,0.23814032007847044,0.26891293956030754,8,false
182,3168,3179,10,128,0.23814032007847044,0.26891293956030754,8,false
182,3184,3195,10,128,0.23814032007847044,0.26891293956030754,8,false
182,3197,3210,12,128,0.23814032007847044,0.26891293956030754,8,false
182,3211,3223,11,128,0.23814032007847044,0.26891293956030754,8,false
182,3225,3237,11,128,0.23814032007847044,0.26891293956030754,8,false
182,3245,3256,10,128,0.23814032007847044,0.26891293956030754,8,false
182,3257,3268,10,128,0.23814032007847044,0.26891293956030754,8,false
182,3269,3280,10,128,0.23814032007847044,0.26891293956030754,8,false
182,3281,3292,10,128,0.23814032007847044,0.26891293956030754,8,false
182,3294,3305,10,128,0.23814032007847044,0.26891293956030754,8,false
182,3307,3319,11,128,0.23814032007847044,0.26891293956030754,8,false
182,3321,3333,11,128,0.23814032007847044,0.26891293956030754,8,false
182,3340,3351,10,128,0.23814032007847044,0.26891293956030754,8,false
182,3352,3363,10,128,0.23814032007847044,0.26891293956030754,8,false
182,3364,3377,12,128,0.23814032007847044,0.26891293956030754,8,false
182,3379,3391,11,128,0.23814032007847044,0.26891293956030754,8,false
182,3395,3406,10,128,0.23814032007847044,0.26891293956030754,8,false
182,3409,3422,12,128,0.23814032007847044,0.26891293956030754,8,false
182,3425,3437,11,128,0.23814032007847044,0.26891293956030754,8,false
182,3439,3451,11,128,0.23814032007847044,0.26891293956030754,8,false
182,3453,3465,11,128,0.23814032007847044,0.26891293956030754,8,false
182,3467,3479,11,128,0.23814032007847044,0.26891293956030754,8,false
182,3480,3491,10,128,0.23814032007847044,0.26891293956030754,8,false
182,3492,3504,11,128,0.23814032007847044,0.26891293956030754,8,false
182,3505,3518,12,128,0.23814032007847044,0.26891293956030754,8,false
182,3519,3531,11,128,0.23814032007847044,0.26891293956030754,8,false
182,3532,3543,10,128,0.23814032007847044,0.26891293956030754,8,false
182,3545,3557,11,128,0.23814032007847044,0.26891293956030754,8,false
182,3558,3569,10,128,0.23814032007847044,0.26891293956030754,8,false
182,3570,3581,10,128,0.23814032007847044,0.26891293956030754,8,false
182,3584,3598,13,128,0.23814032007847044,0.26891293956030754,8,false
182,3609,3620,10,128,0.23814032007847044,0.26891293956030754,8,false
182,3622,3634,11,128,0.23814032007847044,0.26891293956030754,8,false
182,3636,3647,10,128,0.23814032007847044,0.26891293956030754,8,false
182,3649,3660,10,128,0.23814032007847044,0.26891293956030754,8,false
182,3662,3676,13,128,0.23814032007847044,0.26891293956030754,8,false
182,3677,3689,11,128,0.23814032007847044,0.26891293956030754,8,false
182,3690,3701,10,128,0.23814032007847044,0.26891293956030754,8,false
182,3705,3716,10,128,0.23814032007847044,0.26891293956030754,8,false
182,3717,3728,10,128,0.23814032007847044,0.26891293956030754,8,false
182,3729,3741,11,128,0.23814032007847044,0.26891293956030754,8,false
182,3745,3756,10,128,0.23814032007847044,0.26891293956030754,8,false
182,3757,3768,10,128,0.23814032007847044,0.26891293956030754,8,false
182,3769,3780,10,128,0.23814032007847044,0.26891293956030754,8,false
182,3781,3797,15,128,0.23814032007847044,0.26891293956030754,8,false
182,3803,3814,10,128,0.23814032007847044,0.26891293956030754,8,false
182,3815,3826,10,128,0.23814032007847044,0.26891293956030754,8,false
182,3827,3838,10,128,0.23814032007847044,0.26891293956030754,8,false
182,3842,3853,10,128,0.23814032007847044,0.26891293956030754,8,false
182,3855,3866,10,128,0.23814032007847044,0.26891293956030754,8,false
182,3867,3879,11,128,0.23814032007847044,0.26891293956030754,8,false
182,3880,3891,10,128,0.23814032007847044,0.26891293956030754,8,false
182,3895,3906,10,128,0.23814032007847044,0.26891293956030754,8,false
182,3907,3919,11,128,0.23814032007847044,0.26891293956030754,8,false
182,3923,3934,10,128,0.23814032007847044,0.26891293956030754,8,false
182,3941,3952,10,128,0.23814032007847044,0.26891293956030754,8,false
182,3957,3970,12,128,0.23814032007847044,0.26891293956030754,8,false
182,3972,3985,12,128,0.23814032007847044,0.26891293956030754,8,false
182,3990,4001,10,128,0.23814032007847044,0.26891293956030754,8,false
182,4002,4014,11,128,0.23814032007847044,0.26891293956030754,8,false
182,4019,4030,10,128,0.23814032007847044,0.26891293956030754,8,false
182,4031,4042,10,128,0.23814032007847044,0.26891293956030754,8,false
182,4046,4057,10,128,0.23814032007847044,0.26891293956030754,8,false
182,4059,4070,10,128,0.23814032007847044,0.26891293956030754,8,false
182,4072,4084,11,128,0.23814032007847044,0.26891293956030754,8,false
182,4087,4099,11,128,0.23814032007847044,0.26891293956030754,8,false
182,4100,4111,10,128,0.23814032007847044,0.26891293956030754,8,false
182,4113,4124,10,128,0.23814032007847044,0.26891293956030754,8,false
182,4125,4138,12,128,0.23814032007847044,0.26891293956030754,8,false
182,4139,4150,10,128,0.23814032007847044,0.26891293956030754,8,false
182,4151,4163,11,128,0.23814032007847044,0.26891293956030754,8,false
182,4164,4175,10,128,0.23814032007847044,0.26891293956030754,8,false
182,4178,4189,10,128,0.23814032007847044,0.26891293956030754,8,false
182,4192,4205,12,128,0.23814032007847044,0.26891293956030754,8,false
182,4207,4219,11,128,0.23814032007847044,0.26891293956030754,8,false
182,4222,4233,10,128,0.23814032007847044,0.26891293956030754,8,false
182,4234,4245,10,128,0.23814032007847044,0.26891293956030754,8,false
182,4259,4271,11,128,0.23814032007847044,0.26891293956030754,8,false
182,4272,4284,11,128,0.23814032007847044,0.26891293956030754,8,false
182,4285,4296,10,128,0.23814032007847044,0.26891293956030754,8,false
182,4298,4310,11,128,0.23814032007847044,0.26891293956030754,8,false
182,4312,4323,10,128,0.23814032007847044,0.26891293956030754,8,false
182,4326,4338,11,128,0.23814032007847044,0.26891293956030754,8,false
182,4339,4350,10,128,0.23814032007847044,0.26891293956030754,8,false
182,4351,4363,11,128,0.23814032007847044,0.26891293956030754,8,false
182,4367,4378,10,128,0.23814032007847044,0.26891293956030754,8,false
182,4382,4394,11,128,0.23814032007847044,0.26891293956030754,8,false
182,4396,4407,10,128,0.23814032007847044,0.26891293956030754,8,false
182,4408,4419,10,128,0.23814032007847044,0.26891293956030754,8,false
182,4420,4431,10,128,0.23814032007847044,0.26891293956030754,8,false
182,4435,4446,10,128,0.23814032007847044,0.26891293956030754,8,false
182,4447,4461,13,128,0.23814032007847044,0.26891293956030754,8,false
182,4464,4477,12,128,0.23814032007847044,0.26891293956030754,8,false
182,4478,4489,10,128,0.23814032007847044,0.26891293956030754,8,false
182,4490,4501,10,128,0.23814032007847044,0.26891293956030754,8,false
182,4505,4516,10,128,0.23814032007847044,0.26891293956030754,8,false
182,4522,4533,10,128,0.23814032007847044,0.26891293956030754,8,false
182,4534,4545,10,128,0.23814032007847044,0.26891293956030754,8,false
182,4546,4560,13,128,0.23814032007847044,0.26891293956030754,8,false
182,4561,4572,10,128,0.23814032007847044,0.26891293956030754,8,false
182,4573,4584,10,128,0.23814032007847044,0.26891293956030754,8,false
182,4585,4596,10,128,0.23814032007847044,0.26891293956030754,8,false
182,4598,4610,11,128,0.23814032007847044,0.26891293956030754,8,false
182,4613,4625,11,128,0.23814032007847044,0.26891293956030754,8,false
182,4626,4637,10,128,0.23814032007847044,0.26891293956030754,8,false
182,4642,4653,10,128,0.23814032007847044,0.26891293956030754,8,false
182,4655,4666,10,128,0.23814032007847044,0.26891293956030754,8,false
182,4670,4681,10,128,0.23814032007847044,0.26891293956030754,8,false
182,4682,4693,10,128,0.23814032007847044,0.26891293956030754,8,false
182,4695,4706,10,128,0.23814032007847044,0.26891293956030754,8,false
182,4707,4720,12,128,0.23814032007847044,0.26891293956030754,8,false
182,4723,4735,11,128,0.23814032007847044,0.26891293956030754,8,false
182,4737,4748,10,128,0.23814032007847044,0.26891293956030754,8,false
182,4755,4767,11,128,0.23814032007847044,0.26891293956030754,0,true
182,4768,4780,11,128,0.23814032007847044,0.26891293956030754,8,false
182,4785,4796,10,128,0.23814032007847044,0.26891293956030754,8,false
182,4802,4814,11,128,0.23814032007847044,0.26891293956030754,8,false
182,4820,4831,10,128,0.23814032007847044,0.26891293956030754,8,false
182,4835,4846,10,128,0.23814032007847044,0.26891293956030754,8,false
182,4854,4867,12,128,0.23814032007847044,0.26891293956030754,8,false
182,4868,4879,10,128,0.23814032007847044,0.26891293956030754,8,false
182,4881,4893,11,128,0.23814032007847044,0.26891293956030754,8,false
182,4894,4908,13,128,0.23814032007847044,0.26891293956030754,8,false
182,4912,4925,12,128,0.23814032007847044,0.26891293956030754,8,false
182,4930,4941,10,128,0.23814032007847044,0.26891293956030754,8,false
182,4942,4953,10,128,0.23814032007847044,0.26891293956030754,8,false
182,4954,4965,10,128,0.23814032007847044,0.26891293956030754,8,false
182,4968,4979,10,128,0.23814032007847044,0.26891293956030754,8,false
182,4980,4991,10,128,0.23814032007847044,0.26891293956030754,8,false
182,4993,5007,13,128,0.23814032007847044,0.26891293956030754,8,false
182,5009,5023,13,128,0.23814032007847044,0.26891293956030754,8,false
182,5024,5035,10,128,0.23814032007847044,0.26891293956030754,8,false
182,5037,5048,10,128,0.23814032007847044,0.26891293956030754,8,false
182,5051,5062,10,128,0.23814032007847044,0.26891293956030754,8,false
182,5063,5076,12,128,0.23814032007847044,0.26891293956030754,8,false
182,5081,5092,10,128,0.23814032007847044,0.26891293956030754,8,false
182,5093,5104,10,128,0.23814032007847044,0.26891293956030754,8,false
182,5106,5118,11,128,0.23814032007847044,0.26891293956030754,8,false
182,5119,5130,10,128,0.23814032007847044,0.26891293956030754,8,false
182,5136,5147,10,128,0.23814032007847044,0.26891293956030754,8,false
182,5150,5161,10,128,0.23814032007847044,0.26891293956030754,8,false
182,5165,5177,11,128,0.23814032007847044,0.26891293956030754,8,false
182,5180,5191,10,128,0.23814032007847044,0.26891293956030754,8,false
182,5192,5203,10,128,0.23814032007847044,0.26891293956030754,8,false
182,5207,5219,11,128,0.23814032007847044,0.26891293956030754,8,false
182,5221,5232,10,128,0.23814032007847044,0.26891293956030754,8,false
182,5233,5244,10,128,0.23814032007847044,0.26891293956030754,8,false
182,5246,5257,10,128,0.23814032007847044,0.26891293956030754,8,false
182,5259,5270,10,128,0.23814032007847044,0.26891293956030754,8,false
182,5271,5282,10,128,0.23814032007847044,0.26891293956030754,8,false
182,5283,5294,10,128,0.23814032007847044,0.26891293956030754,8,false
182,5296,5308,11,128,0.23814032007847044,0.26891293956030754,8,false
182,5309,5320,10,128,0.23814032007847044,0.26891293956030754,8,false
182,5323,5334,10,128,0.23814032007847044,0.26891293956030754,8,false
182,5335,5348,12,128,0.23814032007847044,0.26891293956030754,8,false
182,5351,5363,11,128,0.23814032007847044,0.26891293956030754,8,false
182,5364,5376,11,128,0.23814032007847044,0.26891293956030754,8,false
182,5377,5389,11,128,0.23814032007847044,0.26891293956030754,8,false
182,5392,5403,10,128,0.23814032007847044,0.26891293956030754,8,false
182,5407,5418,10,128,0.23814032007847044,0.26891293956030754,8,false
182,5420,5431,10,128,0.23814032007847044,0.26891293956030754,8,false
182,5434,5445,10,128,0.23054035683708765,0.2609011440743639,8,false
182,5448,5460,11,128,0.23054035683708765,0.2609011440743639,8,false
182,5461,5472,10,128,0.23054035683708765,0.2609011440743639,8,false
182,5473,5485,11,128,0.23054035683708765,0.2609011440743639,8,false
182,5493,5504,10,128,0.23054035683708765,0.2609011440743639,8,false
182,5506,5517,10,128,0.23054035683708768,0.2609011440743639,8,false
182,5524,5535,10,128,0.23054035683708768,0.2609011440743639,8,false
182,5544,5555,10,128,0.23814032007847044,0.26891293956030754,8,false
182,5557,5568,10,128,0.23814032007847044,0.26891293956030754,8,false
182,5573,5585,11,128,0.23814032007847044,0.26891293956030754,8,false
182,5586,5598,11,128,0.23814032007847044,0.26891293956030754,8,false
182,5600,5611,10,128,0.23814032007847044,0.26891293956030754,8,false
182,5614,5625,10,128,0.23814032007847044,0.26891293956030754,8,false
182,5631,5642,10,128,0.23814032007847044,0.26891293956030754,8,false
182,5643,5655,11,128,0.23814032007847044,0.26891293956030754,8,false
182,5657,5668,10,128,0.23814032007847044,0.26891293956030754,8,false
182,5672,5684,11,128,0.23814032007847044,0.26891293956030754,8,false
182,5688,5699,10,128,0.23814032007847044,0.26891293956030754,8,false
182,5702,5714,11,128,0.23814032007847044,0.26891293956030754,8,false
182,5715,5726,10,128,0.23814032007847044,0.26891293956030754,8,false
182,5728,5739,10,128,0.23814032007847044,0.26891293956030754,8,false
182,5741,5754,12,128,0.23814032007847044,0.26891293956030754,8,false
182,5757,5768,10,128,0.23814032007847044,0.26891293956030754,8,false
182,5769,5780,10,128,0.23814032007847044,0.26891293956030754,8,false
182,5781,5796,14,128,0.23814032007847044,0.26891293956030754,8,false
182,5798,5809,10,128,0.23814032007847044,0.26891293956030754,8,false
182,5814,5827,12,128,0.23814032007847044,0.26891293956030754,8,false
182,5828,5839,10,128,0.23814032007847044,0.26891293956030754,8,false
182,5842,5859,16,128,0.23814032007847044,0.26891293956030754,8,false
182,5863,5874,10,128,0.23814032007847044,0.26891293956030754,8,false
182,5875,5886,10,128,0.23814032007847044,0.26891293956030754,8,false
182,5889,5900,10,128,0.23814032007847044,0.26891293956030754,8,false
182,5901,5914,12,128,0.23814032007847044,0.26891293956030754,8,false
182,5915,5926,10,128,0.23814032007847044,0.26891293956030754,8,false
182,5929,5941,11,128,0.23814032007847044,0.26891293956030754,8,false
182,5943,5956,12,128,0.23814032007847044,0.26891293956030754,8,false
182,5957,5968,10,128,0.23814032007847044,0.26891293956030754,8,false
182,5970,5982,11,128,0.23814032007847044,0.26891293956030754,8,false
182,5984,5995,10,128,0.23814032007847044,0.26891293956030754,8,false
182,5999,6010,10,128,0.23814032007847044,0.26891293956030754,8,false
182,6012,6025,12,128,0.23814032007847044,0.26891293956030754,8,false
182,6027,6038,10,128,0.23814032007847044,0.26891293956030754,8,false
182,6039,6050,10,128,0.23814032007847044,0.26891293956030754,8,false
182,6052,6063,10,128,0.23814032007847044,0.26891293956030754,8,false
182,6064,6075,10,128,0.23814032007847044,0.26891293956030754,8,false
182,6076,6087,10,128,0.23814032007847044,0.26891293956030754,8,false
182,6088,6099,10,128,0.23814032007847044,0.26891293956030754,8,false
182,6100,6111,10,128,0.23814032007847044,0.26891293956030754,8,false
182,6113,6124,10,128,0.23814032007847044,0.26891293956030754,8,false
182,6128,6141,12,128,0.23814032007847044,0.26891293956030754,8,false
182,6143,6155,11,128,0.23814032007847044,0.26891293956030754,8,false
182,6160,6171,10,0,0.0,0.0,0,false
182,6172,6183,10,0,0.0,0.0,0,false
182,6186,6198,11,0,0.0,0.0,0,false
182,6199,6211,11,0,0.0,0.0,0,false
182,6219,6230,10,0,0.0,0.0,0,false
182,6236,6247,10,0,0.0,0.0,0,false
182,6249,6261,11,0,0.0,0.0,0,false
182,6263,6275,11,0,0.0,0.0,0,false
182,6276,6287,10,0,0.0,0.0,0,false
182,6288,6299,10,0,0.0,0.0,0,false
182,6300,6311,10,0,0.0,0.0,0,false
182,6312,6323,10,0,0.0,0.0,0,false
182,6324,6335,10,0,0.0,0.0,0,false
182,6336,6348,11,0,0.0,0.0,0,false
182,6350,6365,14,0,0.0,0.0,0,false
182,6367,6379,11,0,0.0,0.0,0,false
182,6380,6391,10,0,0.0,0.0,0,false
182,6392,6403,10,0,0.0,0.0,0,false
182,6407,6418,10,0,0.0,0.0,0,false
182,6422,6433,10,0,0.0,0.0,0,false
182,6435,6446,10,0,0.0,0.0,0,false
182,6448,6459,10,0,0.0,0.0,0,false
182,6460,6471,10,0,0.0,0.0,0,false
182,6474,6485,10,0,0.0,0.0,0,false
182,6486,6497,10,0,0.0,0.0,0,false
182,6499,6510,10,0,0.0,0.0,0,false
182,6511,6522,10,0,0.0,0.0,0,false
182,6523,6536,12,0,0.0,0.0,0,false
182,6537,6548,10,0,0.0,0.0,0,false
182,6549,6560,10,0,0.0,0.0,0,false
182,6563,6574,10,0,0.0,0.0,0,false
182,6588,6600,11,0,0.0,0.0,0,false
182,6601,6613,11,0,0.0,0.0,0,false
182,6614,6626,11,0,0.0,0.0,0,false
182,6627,6639,11,0,0.0,0.0,0,false
182,6640,6651,10,0,0.0,0.0,0,false
182,6658,6669,10,0,0.0,0.0,0,false
182,6672,6685,12,0,0.0,0.0,0,false
182,6686,6697,10,0,0.0,0.0,0,false
182,6698,6709,10,0,0.0,0.0,0,false
182,6710,6722,11,0,0.0,0.0,0,false
182,6727,6740,12,0,0.0,0.0,0,false
182,6743,6756,12,0,0.0,0.0,0,false
182,6759,6773,13,0,0.0,0.0,0,false
182,6774,6790,15,0,0.0,0.0,0,false
182,6794,6805,10,0,0.0,0.0,0,false
182,6806,6817,10,0,0.0,0.0,0,false
182,6818,6829,10,0,0.0,0.0,0,false
182,6832,6843,10,0,0.0,0.0,0,false
182,6844,6855,10,0,0.0,0.0,0,false
182,6856,6867,10,0,0.0,0.0,0,false
182,6868,6881,12,0,0.0,0.0,0,false
182,6883,6895,11,0,0.0,0.0,0,false
182,6898,6909,10,0,0.0,0.0,0,false
182,6916,6929,12,0,0.0,0.0,0,false
182,6931,6943,11,0,0.0,0.0,0,false
182,6944,6955,10,0,0.0,0.0,0,false
182,6956,6968,11,0,0.0,0.0,0,false
182,6969,6980,10,0,0.0,0.0,0,false
182,6981,6992,10,0,0.0,0.0,0,false
182,6994,7006,11,0,0.0,0.0,0,false
182,7007,7019,11,0,0.0,0.0,0,false
182,7020,7032,11,0,0.0,0.0,0,false
182,7034,7045,10,0,0.0,0.0,0,false
182,7047,7061,13,0,0.0,0.0,0,false
182,7064,7075,10,0,0.0,0.0,0,false
182,7076,7087,10,0,0.0,0.0,0,false
182,7088,7100,11,0,0.0,0.0,0,false
182,7103,7116,12,0,0.0,0.0,0,false
182,7117,7128,10,0,0.0,0.0,0,false
182,7129,7140,10,0,0.0,0.0,0,false
182,7143,7155,11,0,0.0,0.0,0,false
182,7159,7171,11,0,0.0,0.0,0,false
182,7172,7183,10,0,0.0,0.0,0,false
182,7184,7197,12,0,0.0,0.0,0,false
182,7198,7212,13,0,0.0,0.0,0,false
182,7215,7227,11,0,0.0,0.0,0,false
182,7228,7239,10,0,0.0,0.0,0,false
182,7245,7256,10,0,0.0,0.0,0,false
182,7257,7268,10,0,0.0,0.0,0,false
182,7271,7282,10,0,0.0,0.0,0,false
182,7283,7294,10,0,0.0,0.0,0,false
182,7296,7307,10,0,0.0,0.0,0,false
182,7310,7321,10,0,0.0,0.0,0,false
182,7322,7334,11,0,0.0,0.0,0,false
182,7335,7346,10,0,0.0,0.0,0,false
182,7349,7360,10,0,0.0,0.0,0,false
182,7363,7374,10,0,0.0,0.0,0,false
182,7377,7389,11,0,0.0,0.0,0,false
182,7392,7403,10,0,0.0,0.0,0,false
182,7404,7417,12,0,0.0,0.0,0,false
182,7418,7429,10,0,0.0,0.0,0,false
182,7430,7441,10,0,0.0,0.0,0,false
182,7443,7458,14,0,0.0,0.0,0,false
182,7461,7473,11,0,0.0,0.0,0,false
182,7475,7486,10,0,0.0,0.0,0,false
182,7488,7499,10,0,0.0,0.0,0,false
182,7502,7513,10,0,0.0,0.0,0,false
182,7514,7525,10,0,0.0,0.0,0,false
182,7527,7538,10,0,0.0,0.0,0,false
182,7540,7551,10,0,0.0,0.0,0,false
182,7552,7564,11,0,0.0,0.0,0,false
182,7567,7578,10,0,0.0,0.0,0,false
182,7582,7594,11,0,0.0,0.0,0,false
182,7595,7606,10,0,0.0,0.0,0,false
182,7609,7622,12,0,0.0,0.0,0,false
182,7623,7634,10,0,0.0,0.0,0,false
182,7635,7646,10,0,0.0,0.0,0,false
182,7651,7666,14,0,0.0,0.0,0,false
182,7669,7685,15,0,0.0,0.0,0,false
182,7688,7699,10,0,0.0,0.0,0,false
182,7701,7712,10,0,0.0,0.0,0,false
182,7714,7726,11,0,0.0,0.0,0,false
182,7735,7747,11,0,0.0,0.0,0,false
182,7749,7760,10,0,0.0,0.0,0,false
182,7762,7773,10,0,0.0,0.0,0,false
182,7774,7786,11,0,0.0,0.0,0,false
182,7787,7801,13,0,0.0,0.0,0,false
182,7805,7816,10,0,0.0,0.0,0,false
182,7817,7829,11,0,0.0,0.0,0,false
182,7831,7842,10,0,0.0,0.0,0,false
182,7844,7855,10,0,0.0,0.0,0,false
182,7856,7867,10,0,0.0,0.0,0,false
182,7868,7879,10,0,0.0,0.0,0,false
182,7880,7891,10,0,0.0,0.0,0,false
182,7892,7903,10,0,0.0,0.0,0,false
182,7906,7923,16,0,0.0,0.0,0,false
182,7924,7935,10,0,0.0,0.0,0,false
182,7936,7951,14,0,0.0,0.0,0,false
182,7953,7967,13,0,0.0,0.0,0,false
182,7968,7980,11,0,0.0,0.0,0,false
182,7982,7994,11,0,0.0,0.0,0,false
182,7995,8006,10,0,0.0,0.0,0,false
182,8007,8019,11,0,0.0,0.0,0,false
182,8020,8032,11,0,0.0,0.0,0,false
182,8036,8051,14,0,0.0,0.0,0,false
182,8053,8064,10,0,0.0,0.0,0,false
182,8065,8077,11,0,0.0,0.0,0,false
182,8081,8094,12,0,0.0,0.0,0,false
182,8095,8106,10,0,0.0,0.0,0,false
182,8107,8118,10,0,0.0,0.0,0,false
182,8119,8131,11,0,0.0,0.0,0,false
182,8132,8144,11,0,0.0,0.0,0,false
182,8145,8160,14,0,0.0,0.0,0,false
182,8162,8173,10,0,0.0,0.0,0,false
182,8177,8188,10,0,0.0,0.0,0,false
182,8189,8200,10,0,0.0,0.0,0,false
182,8202,8214,11,0,0.0,0.0,0,false
182,8216,8228,11,0,0.0,0.0,0,false
182,8229,8241,11,0,0.0,0.0,0,false
182,8243,8258,14,0,0.0,0.0,0,false
182,8259,8270,10,0,0.0,0.0,0,false
182,8271,8282,10,0,0.0,0.0,0,false
182,8284,8301,16,0,0.0,0.0,0,false
182,8302,8316,13,0,0.0,0.0,0,false
182,8317,8331,13,0,0.0,0.0,0,false
182,8333,8346,12,0,0.0,0.0,0,false
182,8347,8361,13,0,0.0,0.0,0,false
182,8362,8375,12,0,0.0,0.0,0,false
182,8376,8390,13,0,0.0,0.0,0,false
182,8392,8406,13,0,0.0,0.0,0,false
182,8407,8418,10,0,0.0,0.0,0,false
182,8419,8432,12,0,0.0,0.0,0,false
182,8434,8446,11,0,0.0,0.0,0,false
182,8447,8464,16,0,0.0,0.0,0,false
182,8465,8476,10,0,0.0,0.0,0,false
182,8479,8490,10,0,0.0,0.0,0,false
182,8494,8505,10,0,0.0,0.0,0,false
182,8507,8518,10,0,0.0,0.0,0,false
182,8519,8531,11,0,0.0,0.0,0,false
182,8532,8547,14,0,0.0,0.0,0,false
182,8548,8559,10,0,0.0,0.0,0,false
182,8562,8575,12,0,0.0,0.0,0,false
182,8576,8587,10,0,0.0,0.0,0,false
182,8589,8601,11,0,0.0,0.0,0,false
182,8602,8616,13,0,0.0,0.0,0,false
182,8617,8628,10,0,0.0,0.0,0,false
182,8629,8642,12,0,0.0,0.0,0,false
182,8643,8656,12,0,0.0,0.0,0,false
182,8657,8673,15,0,0.0,0.0,0,false
182,8674,8686,11,0,0.0,0.0,0,false
182,8687,8701,13,0,0.0,0.0,0,false
182,8703,8716,12,0,0.0,0.0,0,false
182,8717,8728,10,0,0.0,0.0,0,false
182,8729,8741,11,0,0.0,0.0,0,false
182,8742,8759,16,0,0.0,0.0,0,false
182,8762,8773,10,0,0.0,0.0,0,false
182,8775,8787,11,0,0.0,0.0,0,false
182,8788,8801,12,0,0.0,0.0,0,false
182,8804,8816,11,0,0.0,0.0,0,false
182,8817,8828,10,0,0.0,0.0,0,false
182,8829,8844,14,0,0.0,0.0,0,false
182,8845,8856,10,0,0.0,0.0,0,false
182,8857,8868,10,0,0.0,0.0,0,false
182,8869,8880,10,0,0.0,0.0,0,false
182,8882,8893,10,0,0.0,0.0,0,false
182,8895,8906,10,0,0.0,0.0,0,false
182,8909,8921,11,0,0.0,0.0,0,false
182,8923,8934,10,0,0.0,0.0,0,false
182,8937,8948,10,0,0.0,0.0,0,false
182,8950,8961,10,0,0.0,0.0,0,false
182,8962,8976,13,0,0.0,0.0,0,false
182,8977,8989,11,0,0.0,0.0,0,false
182,8992,9003,10,0,0.0,0.0,0,false
182,9005,9016,10,0,0.0,0.0,0,false
182,9019,9031,11,0,0.0,0.0,0,false
182,9032,9043,10,0,0.0,0.0,0,false
182,9046,9059,12,0,0.0,0.0,0,false
182,9060,9076,15,0,0.0,0.0,0,false
182,9077,9091,13,0,0.0,0.0,0,false
182,9092,9105,12,0,0.0,0.0,0,false
182,9106,9121,14,0,0.0,0.0,0,false
182,9122,9133,10,0,0.0,0.0,0,false
182,9134,9147,12,0,0.0,0.0,0,false
182,9150,9161,10,0,0.0,0.0,0,false
182,9162,9177,14,0,0.0,0.0,0,false
182,9180,9191,10,0,0.0,0.0,0,false
182,9194,9207,12,0,0.0,0.0,0,false
182,9208,9221,12,0,0.0,0.0,0,false
182,9222,9233,10,0,0.0,0.0,0,false
182,9234,9251,16,0,0.0,0.0,0,false
182,9252,9265,12,0,0.0,0.0,0,false
182,9267,9278,10,0,0.0,0.0,0,false
182,9280,9296,15,0,0.0,0.0,0,false
182,9297,9310,12,0,0.0,0.0,0,false
182,9311,9324,12,0,0.0,0.0,0,false
182,9326,9341,14,0,0.0,0.0,0,false
182,9342,9353,10,0,0.0,0.0,0,false
182,9354,9367,12,0,0.0,0.0,0,false
182,9369,9381,11,0,0.0,0.0,0,false
182,9383,9395,11,0,0.0,0.0,0,false
182,9397,9410,12,0,0.0,0.0,0,false
182,9412,9426,13,0,0.0,0.0,0,false
182,9428,9439,10,0,0.0,0.0,0,false
182,9441,9453,11,0,0.0,0.0,0,false
182,9454,9465,10,0,0.0,0.0,0,false
182,9467,9478,10,0,0.0,0.0,0,false
182,9479,9491,11,0,0.0,0.0,0,false
182,9493,9504,10,0,0.0,0.0,0,false
182,9505,9516,10,0,0.0,0.0,0,false
182,9517,9531,13,0,0.0,0.0,0,false
182,9532,9546,13,0,0.0,0.0,0,false
182,9548,9561,12,0,0.0,0.0,0,false
182,9565,9576,10,0,0.0,0.0,0,false
182,9577,9593,15,0,0.0,0.0,0,false
182,9595,9606,10,0,0.0,0.0,0,false
182,9607,9618,10,0,0.0,0.0,0,false
182,9623,9637,13,0,0.0,0.0,0,false
182,9638,9651,12,0,0.0,0.0,0,false
182,9652,9666,13,0,0.0,0.0,0,false
182,9668,9679,10,0,0.0,0.0,0,false
182,9682,9701,18,0,0.0,0.0,0,false
182,9702,9717,14,0,0.0,0.0,0,false
182,9718,9733,14,0,0.0,0.0,0,false
182,9734,9745,10,0,0.0,0.0,0,false
182,9747,9761,13,0,0.0,0.0,0,false
182,9762,9779,16,0,0.0,0.0,0,false
182,9780,9791,10,0,0.0,0.0,0,false
182,9792,9803,10,0,0.0,0.0,0,false
182,9804,9816,11,0,0.0,0.0,0,false
182,9817,9829,11,0,0.0,0.0,0,false
182,9830,9841,10,0,0.0,0.0,0,false
182,9842,9853,10,0,0.0,0.0,0,false
182,9857,9868,10,0,0.0,0.0,0,false
182,9870,9883,12,0,0.0,0.0,0,false
182,9884,9895,10,0,0.0,0.0,0,false
182,9897,9908,10,0,0.0,0.0,0,false
182,9909,9921,11,0,0.0,0.0,0,false
182,9922,9937,14,0,0.0,0.0,0,false
182,9939,9951,11,0,0.0,0.0,0,false
182,9958,9971,12,0,0.0,0.0,0,false
182,9973,9986,12,0,0.0,0.0,0,false
182,9987,10000,12,0,0.0,0.0,0,false
182,10005,10017,11,0,0.0,0.0,0,false
182,10018,10029,10,0,0.0,0.0,0,false
182,10030,10041,10,0,0.0,0.0,0,false
182,10044,10057,12,0,0.0,0.0,0,false
182,10061,10072,10,0,0.0,0.0,0,false
182,10073,10086,12,0,0.0,0.0,0,false
182,10087,10099,11,0,0.0,0.0,0,false
182,10102,10114,11,0,0.0,0.0,0,false
182,10116,10127,10,0,0.0,0.0,0,false
182,10130,10141,10,0,0.0,0.0,0,false
182,10142,10158,15,0,0.0,0.0,0,false
182,10159,10170,10,0,0.0,0.0,0,false
182,10171,10186,14,0,0.0,0.0,0,false
182,10188,10199,10,0,0.0,0.0,0,false
182,10200,10214,13,0,0.0,0.0,0,false
182,10217,10231,13,0,0.0,0.0,0,false
182,10233,10246,12,0,0.0,0.0,0,false
182,10247,10258,10,0,0.0,0.0,0,false
182,10259,10271,11,0,0.0,0.0,0,false
182,10272,10289,16,0,0.0,0.0,0,false
182,10290,10301,10,0,0.0,0.0,0,false
182,10302,10313,10,0,0.0,0.0,0,false
182,10314,10325,10,0,0.0,0.0,0,false
182,10329,10341,11,0,0.0,0.0,0,false
182,10342,10353,10,0,0.0,0.0,0,false
182,10355,10367,11,0,0.0,0.0,0,false
182,10370,10381,10,0,0.0,0.0,0,false
182,10382,10394,11,0,0.0,0.0,0,false
182,10395,10409,13,0,0.0,0.0,0,false
182,10410,10423,12,0,0.0,0.0,0,false
182,10424,10435,10,0,0.0,0.0,0,false
182,10436,10448,11,0,0.0,0.0,0,false
182,10449,10460,10,0,0.0,0.0,0,false
182,10461,10472,10,0,0.0,0.0,0,false
182,10474,10486,11,0,0.0,0.0,0,false
182,10489,10501,11,0,0.0,0.0,0,false
182,10503,10515,11,0,0.0,0.0,0,false
182,10517,10530,12,0,0.0,0.0,0,false
182,10531,10551,19,0,0.0,0.0,0,false
182,10552,10566,13,0,0.0,0.0,0,false
182,10569,10581,11,0,0.0,0.0,0,false
182,10583,10594,10,0,0.0,0.0,0,false
182,10595,10606,10,0,0.0,0.0,0,false
182,10617,10631,13,0,0.0,0.0,0,false
182,10632,10643,10,0,0.0,0.0,0,false
182,10645,10656,10,0,0.0,0.0,0,false
182,10658,10669,10,0,0.0,0.0,0,false
182,10670,10681,10,0,0.0,0.0,0,false
182,10682,10696,13,0,0.0,0.0,0,false
182,10698,10710,11,0,0.0,0.0,0,false
182,10713,10725,11,0,0.0,0.0,0,false
182,10726,10742,15,0,0.0,0.0,0,false
182,10745,10756,10,0,0.0,0.0,0,false
182,10758,10769,10,0,0.0,0.0,0,false
182,10770,10783,12,0,0.0,0.0,0,false
182,10784,10795,10,0,0.0,0.0,0,false
182,10797,10812,14,0,0.0,0.0,0,false
182,10813,10825,11,0,0.0,0.0,0,false
182,10827,10838,10,0,0.0,0.0,0,false
182,10842,10864,21,0,0.0,0.0,0,false
182,10865,10876,10,0,0.0,0.0,0,false
182,10878,10890,11,0,0.0,0.0,0,false
182,10892,10906,13,0,0.0,0.0,0,false
182,10907,10921,13,0,0.0,0.0,0,false
182,10922,10933,10,0,0.0,0.0,0,false
182,10934,10945,10,0,0.0,0.0,0,false
182,10946,10957,10,0,0.0,0.0,0,false
182,10958,10969,10,0,0.0,0.0,0,false
182,10970,10981,10,0,0.0,0.0,0,false
182,10982,10996,13,0,0.0,0.0,0,false
182,10998,11013,14,0,0.0,0.0,0,false
182,11014,11026,11,0,0.0,0.0,0,false
182,11027,11042,14,0,0.0,0.0,0,false
182,11044,11056,11,0,0.0,0.0,0,false
182,11058,11070,11,0,0.0,0.0,0,false
