creatureKey,regulation_time,final_hunger,final_sleep,final_apathy,final_stress,final_pain,final_tedium,final_fear,final_curiosity,final_fertility
349,1782771991531,0.1815,0.1815,0.0,0.0,0.1815,0.1815,0.0,0.0,0.0
349,1782771991602,0.1815,0.18251570537953907,0.0,0.0,0.1815,0.1815,0.0,0.0,0.0
349,1782771991614,0.183,0.18401570537953907,0.0,0.0,0.183,0.183,0.0,0.0,0.0
349,1782771991624,0.183,0.1850471006393037,0.0,0.0,0.183,0.183,0.0,0.0,0.0
349,1782771991658,0.1845,0.18654710063930371,0.0,0.0,0.1845,0.1845,0.0,0.0,0.0
349,1782771991668,0.1845,0.18759415479596298,0.0,0.0,0.1845,0.1845,0.0,0.0,0.0
349,1782771991679,0.186,0.18909415479596298,0.0,0.0,0.186,0.186,0.0,0.0,0.0
349,1782771991692,0.186,0.19015682141274512,0.0,0.0,0.186,0.186,0.0,0.0,0.0
349,1782771991810,0.186,0.19015682141274512,0.0,0.0,0.186,0.18,0.0,0.0,0.0
349,1782771991830,0.186,0.19015682141274512,0.0,0.0,0.186,0.18,0.0,0.0,0.0
349,1782771991833,0.1875,0.19165682141274512,0.0,0.0,0.1875,0.1815,0.0,0.0,0.0
349,1782771991887,0.1875,0.19273503864526523,0.0,0.0,0.1875,0.1815,0.0,0.0,0.0
349,1782771991962,0.1875,0.18,0.0,0.0,0.1875,0.1815,0.0,0.0,0.0
349,1782771991983,0.1875,0.18,0.0,0.0,0.1875,0.1815,0.0,0.0,0.0
349,1782771992000,0.1875,0.18,0.0,0.0,0.1875,0.1815,0.0,0.0,0.0
349,1782771992097,0.1875,0.18,0.0,0.0,0.1875,0.18,0.0,0.0,0.0
349,1782771992142,0.1875,0.18,0.0,0.0,0.4875,0.18,0.0,0.0,0.0
349,1782771992145,0.1875,0.18,0.0,0.0,0.7875,0.18,0.0,0.0,0.0
349,1782771992146,0.1875,0.18,0.0,0.0,1.0875,0.18,0.0,0.0,0.0
349,1782771992187,0.1875,0.18,0.0,0.0,1.3875,0.18,0.0,0.0,0.0
349,1782771992189,0.1875,0.18,0.0,0.0,1.6875,0.18,0.0,0.0,0.0
349,1782771992192,0.1875,0.18,0.0,0.0,1.9875,0.18,0.0,0.0,0.0
349,1782771992226,0.1875,0.18,0.0,0.0,2.2875,0.18,0.0,0.0,0.0
349,1782771992244,0.1875,0.18,0.0,0.0,2.5875,0.18,0.0,0.0,0.0
349,1782771992318,0.1875,0.18,0.0,0.0,2.8874999999999997,0.18,0.0,0.0,0.0
349,1782771992320,0.1875,0.18,0.0,0.0,2.8874999999999997,0.18,0.0,0.0,0.0
349,1782771992323,0.1875,0.18,0.0,0.0,2.8874999999999997,0.18,0.0,0.0,0.0
349,1782771992329,0.189,0.1815,0.0,0.0,2.889,0.1815,0.0,0.0,0.0
349,1782771992344,0.189,0.18259369065729286,0.0,0.0,2.889,0.1815,0.0,0.0,0.0
349,1782771992346,0.1905,0.18409369065729286,0.0,0.0,2.8905,0.183,0.0,0.0,0.0
349,1782771992347,0.1905,0.18520276227799112,0.0,0.0,2.8905,0.183,0.0,0.0,0.0
349,1782771992356,0.192,0.18670276227799112,0.0,0.0,2.892,0.1845,0.0,0.0,0.0
349,1782771992377,0.192,0.18782710722157356,0.0,0.0,2.892,0.1845,0.0,0.0,0.0
349,1782771992410,0.1935,0.18932710722157356,0.0,0.0,2.8935,0.186,0.0,0.0,0.0
349,1782771992419,0.1935,0.19046660277459318,0.0,0.0,2.8935,0.186,0.0,0.0,0.0
349,1782771992423,0.195,0.19196660277459318,0.0,0.0,2.895,0.1875,0.0,0.0,0.0
349,1782771992448,0.195,0.19312111127178067,0.0,0.0,2.895,0.1875,0.0,0.0,0.0
349,1782771992451,0.195,0.19312111127178067,0.0,0.0,2.89,0.1875,0.0,0.0,0.0
349,1782771994029,0.195,0.19312111127178067,0.0,0.0,3.19,0.1875,0.0,0.0,0.0
349,1782771994037,0.195,0.19312111127178067,0.0,0.0,3.4899999999999998,0.1875,0.0,0.0,0.0
349,1782771994045,0.195,0.19312111127178067,0.0,0.0,3.7899999999999996,0.1875,0.0,0.0,0.0
349,1782771994046,0.195,0.19312111127178067,0.0,0.0,4.09,0.1875,0.0,0.0,0.0
349,1782771994048,0.195,0.19312111127178067,0.0,0.0,4.39,0.1875,0.0,0.0,0.0
349,1782771994050,0.195,0.19312111127178067,0.0,0.0,4.6899999999999995,0.1875,0.0,0.0,0.0
349,1782771994053,0.195,0.19312111127178067,0.0,0.0,4.6899999999999995,0.2075,0.0,0.0,0.0
349,1782771994054,0.195,0.19312111127178067,0.0,0.0,4.6899999999999995,0.22749999999999998,0.0,0.0,0.0
349,1782771994066,0.1965,0.19462111127178067,0.0,0.0,4.6915,0.22899999999999998,0.0,0.0,0.0
349,1782771994068,0.1965,0.19579048023190332,0.0,0.0,4.6915,0.22899999999999998,0.0,0.0,0.0
349,1782771994095,0.1965,0.19579048023190332,0.0,0.0,4.6865,0.22899999999999998,0.0,0.0,0.0
349,1782771994097,0.198,0.19729048023190332,0.0,0.0,4.688,0.23049999999999998,0.0,0.0,0.0
349,1782771994114,0.198,0.19847454250824567,0.0,0.0,4.688,0.23049999999999998,0.0,0.0,0.0
349,1782771994117,0.1995,0.19997454250824567,0.0,0.0,4.6895,0.23199999999999998,0.0,0.0,0.0
349,1782771994133,0.1995,0.20117311645356306,0.0,0.0,4.6895,0.23199999999999998,0.0,0.0,0.0
349,1782771994134,0.201,0.20267311645356306,0.0,0.0,4.691,0.23349999999999999,0.0,0.0,0.0
349,1782771994141,0.201,0.2038860060993456,0.0,0.0,4.691,0.23349999999999999,0.0,0.0,0.0
349,1782771994144,0.2025,0.2053860060993456,0.0,0.0,4.6925,0.235,0.0,0.0,0.0
349,1782771994161,0.2025,0.20661300134921537,0.0,0.0,4.6925,0.235,0.0,0.0,0.0
349,1782771994163,0.2025,0.20661300134921537,0.0,0.0,4.6925,0.255,0.0,0.0,0.0
349,1782771994164,0.2025,0.20661300134921537,0.0,0.0,4.6925,0.275,0.0,0.0,0.0
349,1782771994175,0.2025,0.20661300134921537,0.0,0.0,4.6925,0.29500000000000004,0.0,0.0,0.0
349,1782771994177,0.20400000000000001,0.20811300134921537,0.0,0.0,4.694,0.29650000000000004,0.0,0.0,0.0
349,1782771994179,0.20400000000000001,0.20935387818626622,0.0,0.0,4.694,0.29650000000000004,0.0,0.0,0.0
349,1782771994180,0.20550000000000002,0.21085387818626622,0.0,0.0,4.6955,0.29800000000000004,0.0,0.0,0.0
349,1782771994182,0.20550000000000002,0.2121083988941414,0.0,0.0,4.6955,0.29800000000000004,0.0,0.0,0.0
349,1782771994228,0.20700000000000002,0.2136083988941414,0.0,0.0,4.697,0.29950000000000004,0.0,0.0,0.0
349,1782771994230,0.20700000000000002,0.2148763122916309,0.0,0.0,4.697,0.29950000000000004,0.0,0.0,0.0
349,1782771994231,0.20850000000000002,0.2163763122916309,0.0,0.0,4.6985,0.30100000000000005,0.0,0.0,0.0
349,1782771994233,0.20850000000000002,0.21765735398055697,0.0,0.0,4.6985,0.30100000000000005,0.0,0.0,0.0
349,1782771994234,0.21000000000000002,0.21915735398055697,0.0,0.0,4.7,0.30250000000000005,0.0,0.0,0.0
349,1782771994245,0.21000000000000002,0.2204512466067032,0.0,0.0,4.7,0.30250000000000005,0.0,0.0,0.0
349,1782771994247,0.21000000000000002,0.2204512466067032,0.0,0.0,4.7,0.32250000000000006,0.0,0.0,0.0
349,1782771994249,0.21000000000000002,0.2204512466067032,0.0,0.0,4.7,0.3425000000000001,0.0,0.0,0.0
349,1782771994253,0.21000000000000002,0.2204512466067032,0.0,0.0,4.7,0.2925000000000001,0.0,0.0,0.0
349,1782771994254,0.21000000000000002,0.2204512466067032,0.0,0.0,4.7,0.3125000000000001,0.0,0.0,0.0
349,1782771994256,0.21000000000000002,0.18,0.0,0.0,4.7,0.3125000000000001,0.0,0.0,0.0
349,1782771994261,0.21000000000000002,0.18,0.0,0.0,4.7,0.3125000000000001,0.0,0.0,0.0
349,1782771994267,0.21000000000000002,0.18,0.0,0.0,4.7,0.3125000000000001,0.0,0.0,0.0
349,1782771994282,0.21000000000000002,0.18,0.0,0.0,4.7,0.3125000000000001,0.0,0.0,0.0
349,1782771994295,0.21000000000000002,0.18,0.0,0.0,4.7,0.3125000000000001,0.0,0.0,0.0
349,1782771994297,0.21000000000000002,0.18,0.0,0.0,5.0,0.3125000000000001,0.0,0.0,0.0
349,1782771994299,0.21000000000000002,0.18,0.0,0.0,5.3,0.3125000000000001,0.0,0.0,0.0
349,1782771994304,0.21000000000000002,0.18,0.0,0.0,5.6,0.3125000000000001,0.0,0.0,0.0
349,1782771994306,0.21000000000000002,0.18,0.0,0.0,5.8999999999999995,0.3125000000000001,0.0,0.0,0.0
349,1782771994312,0.21000000000000002,0.18,0.0,0.0,6.199999999999999,0.3125000000000001,0.0,0.0,0.0
349,1782771994314,0.21000000000000002,0.18,0.0,0.0,6.499999999999999,0.3125000000000001,0.0,0.0,0.0
349,1782771994315,0.21000000000000002,0.18,0.0,0.0,6.799999999999999,0.3125000000000001,0.0,0.0,0.0
349,1782771994324,0.21000000000000002,0.18,0.0,0.0,7.0,0.3125000000000001,0.0,0.0,0.0
349,1782771994325,0.21000000000000002,0.18,0.0,0.0,7.0,0.3125000000000001,0.0,0.0,0.0
349,1782771994327,0.21000000000000002,0.18,0.0,0.0,7.0,0.3125000000000001,0.0,0.0,0.0
349,1782771994336,0.21000000000000002,0.18,0.0,0.0,7.0,0.3125000000000001,0.0,0.0,0.0
349,1782771994338,0.21000000000000002,0.18,0.0,0.0,7.0,0.3125000000000001,0.0,0.0,0.0
349,1782771994339,0.21000000000000002,0.18,0.0,0.0,7.0,0.3125000000000001,0.0,0.0,0.0
349,1782771994344,0.21000000000000002,0.18,0.0,0.0,7.0,0.3125000000000001,0.0,0.0,0.0
349,1782771994345,0.21000000000000002,0.18,0.0,0.0,7.0,0.3125000000000001,0.0,0.0,0.0
349,1782771994362,0.21000000000000002,0.18,0.0,0.0,7.0,0.3125000000000001,0.0,0.0,0.0
349,1782771994364,0.21000000000000002,0.18,0.0,0.0,7.0,0.3125000000000001,0.0,0.0,0.0
349,1782771994366,0.21000000000000002,0.18,0.0,0.0,7.0,0.3125000000000001,0.0,0.0,0.0
349,1782771994373,0.21000000000000002,0.18,0.0,0.0,7.0,0.3125000000000001,0.0,0.0,0.0
349,1782771994375,0.21000000000000002,0.18,0.0,0.0,7.0,0.3125000000000001,0.0,0.0,0.0
349,1782771994376,0.21000000000000002,0.18,0.0,0.0,7.0,0.3125000000000001,0.0,0.0,0.0
349,1782771994379,0.21000000000000002,0.18,0.0,0.0,7.0,0.3125000000000001,0.0,0.0,0.0
349,1782771994381,0.21000000000000002,0.18,0.0,0.0,7.0,0.3125000000000001,0.0,0.0,0.0
349,1782771994383,0.21150000000000002,0.1815,0.0,0.0,7.0,0.3140000000000001,0.0,0.0,0.0
349,1782771994400,0.21150000000000002,0.18280645352682648,0.0,0.0,7.0,0.3140000000000001,0.0,0.0,0.0
349,1782771994402,0.21300000000000002,0.18430645352682648,0.0,0.0,7.0,0.3155000000000001,0.0,0.0,0.0
349,1782771994403,0.21300000000000002,0.18562516552170083,0.0,0.0,7.0,0.3155000000000001,0.0,0.0,0.0
349,1782771994405,0.21300000000000002,0.18,0.0,0.0,7.0,0.3155000000000001,0.0,0.0,0.0
349,1782771994407,0.21300000000000002,0.18,0.0,0.0,7.0,0.3155000000000001,0.0,0.0,0.0
349,1782771994408,0.21450000000000002,0.1815,0.0,0.0,7.0,0.3170000000000001,0.0,0.0,0.0
349,1782771994412,0.21450000000000002,0.18283065593266182,0.0,0.0,7.0,0.3170000000000001,0.0,0.0,0.0
349,1782771994413,0.21450000000000002,0.18,0.0,0.0,7.0,0.3170000000000001,0.0,0.0,0.0
349,1782771994414,0.21600000000000003,0.1815,0.0,0.0,7.0,0.3185000000000001,0.0,0.0,0.0
349,1782771994420,0.21600000000000003,0.18284227355296434,0.0,0.0,7.0,0.3185000000000001,0.0,0.0,0.0
349,1782771994422,0.21600000000000003,0.18,0.0,0.0,7.0,0.3185000000000001,0.0,0.0,0.0
349,1782771994424,0.21750000000000003,0.1815,0.0,0.0,7.0,0.3200000000000001,0.0,0.0,0.0
349,1782771994427,0.21750000000000003,0.18,0.0,0.0,7.0,0.3200000000000001,0.0,0.0,0.0
349,1782771994428,0.21750000000000003,0.18135355339059328,0.0,0.0,7.0,0.3200000000000001,0.0,0.0,0.0
349,1782771994454,0.21750000000000003,0.18135355339059328,0.0,0.0,7.0,0.3200000000000001,0.0,0.0,0.0
349,1782771994456,0.21750000000000003,0.18135355339059328,0.0,0.0,7.0,0.3200000000000001,0.0,0.0,0.0
349,1782771994461,0.21750000000000003,0.18135355339059328,0.0,0.0,7.0,0.3200000000000001,0.0,0.0,0.0
349,1782771994468,0.21750000000000003,0.18135355339059328,0.0,0.0,7.0,0.3200000000000001,0.0,0.0,0.0
349,1782771994470,0.21750000000000003,0.18135355339059328,0.0,0.0,7.0,0.3200000000000001,0.0,0.0,0.0
349,1782771994499,0.21900000000000003,0.18285355339059328,0.0,0.0,7.0,0.3215000000000001,0.0,0.0,0.0
349,1782771994503,0.21900000000000003,0.18421803770430398,0.0,0.0,7.0,0.3215000000000001,0.0,0.0,0.0
349,1782771994508,0.22050000000000003,0.18571803770430398,0.0,0.0,7.0,0.3230000000000001,0.0,0.0,0.0
349,1782771994509,0.22050000000000003,0.1870930932391192,0.0,0.0,7.0,0.3230000000000001,0.0,0.0,0.0
349,1782771994511,0.22200000000000003,0.1885930932391192,0.0,0.0,7.0,0.3245000000000001,0.0,0.0,0.0
349,1782771994514,0.22200000000000003,0.1899783498605071,0.0,0.0,7.0,0.3245000000000001,0.0,0.0,0.0
349,1782771994515,0.22350000000000003,0.1914783498605071,0.0,0.0,7.0,0.3260000000000001,0.0,0.0,0.0
349,1782771994517,0.22350000000000003,0.19287342736669494,0.0,0.0,7.0,0.3260000000000001,0.0,0.0,0.0
349,1782771994524,0.22500000000000003,0.19437342736669494,0.0,0.0,7.0,0.3275000000000001,0.0,0.0,0.0
349,1782771994537,0.22500000000000003,0.19577793586388242,0.0,0.0,7.0,0.3275000000000001,0.0,0.0,0.0
349,1782771994539,0.22500000000000003,0.19577793586388242,0.0,0.0,6.995,0.3275000000000001,0.0,0.0,0.0
349,1782771994542,0.22500000000000003,0.19577793586388242,0.0,0.0,6.995,0.3275000000000001,0.0,0.0,0.0
349,1782771994544,0.22500000000000003,0.19577793586388242,0.0,0.0,6.995,0.3275000000000001,0.0,0.0,0.0
349,1782771994545,0.22500000000000003,0.19577793586388242,0.0,0.0,6.995,0.3275000000000001,0.0,0.0,0.0
349,1782771994551,0.22500000000000003,0.19577793586388242,0.0,0.0,6.995,0.3275000000000001,0.0,0.0,0.0
349,1782771994553,0.22500000000000003,0.19577793586388242,0.0,0.0,6.995,0.3275000000000001,0.0,0.0,0.0
349,1782771994558,0.22500000000000003,0.19577793586388242,0.0,0.0,6.995,0.3275000000000001,0.0,0.0,0.0
349,1782771994559,0.22500000000000003,0.19577793586388242,0.0,0.0,6.995,0.3275000000000001,0.0,0.0,0.0
349,1782771994563,0.22500000000000003,0.19577793586388242,0.0,0.0,6.995,0.3275000000000001,0.0,0.0,0.0
349,1782771994565,0.22500000000000003,0.19577793586388242,0.0,0.0,6.995,0.3275000000000001,0.0,0.0,0.0
349,1782771994573,0.22500000000000003,0.19577793586388242,0.0,0.0,6.995,0.3275000000000001,0.0,0.0,0.0
349,1782771994574,0.22500000000000003,0.19577793586388242,0.0,0.0,6.995,0.3275000000000001,0.0,0.0,0.0
349,1782771994584,0.22500000000000003,0.19577793586388242,0.0,0.0,6.995,0.3275000000000001,0.0,0.0,0.0
349,1782771994585,0.22500000000000003,0.19577793586388242,0.0,0.0,6.995,0.3275000000000001,0.0,0.0,0.0
349,1782771994587,0.22500000000000003,0.19577793586388242,0.0,0.0,6.995,0.3275000000000001,0.0,0.0,0.0
349,1782771994589,0.22500000000000003,0.19577793586388242,0.0,0.0,6.995,0.3275000000000001,0.0,0.0,0.0
349,1782771994591,0.22500000000000003,0.19577793586388242,0.0,0.0,6.995,0.3275000000000001,0.0,0.0,0.0
349,1782771994592,0.22500000000000003,0.19577793586388242,0.0,0.0,6.995,0.3275000000000001,0.0,0.0,0.0
349,1782771994597,0.22500000000000003,0.19577793586388242,0.0,0.0,6.995,0.3275000000000001,0.0,0.0,0.0
349,1782771994598,0.22500000000000003,0.19577793586388242,0.0,0.0,6.995,0.3275000000000001,0.0,0.0,0.0
349,1782771994600,0.22500000000000003,0.19577793586388242,0.0,0.0,6.995,0.3275000000000001,0.0,0.0,0.0
349,1782771994606,0.22500000000000003,0.19577793586388242,0.0,0.0,6.99,0.3275000000000001,0.0,0.0,0.0
349,1782771994628,0.22500000000000003,0.19577793586388242,0.0,0.0,6.985,0.3275000000000001,0.0,0.0,0.0
349,1782771994633,0.22650000000000003,0.19727793586388243,0.0,0.0,6.9865,0.3290000000000001,0.0,0.0,0.0
349,1782771994645,0.22650000000000003,0.1986914761510197,0.0,0.0,6.9865,0.3290000000000001,0.0,0.0,0.0
349,1782771994648,0.22650000000000003,0.1986914761510197,0.0,0.0,6.9815000000000005,0.3290000000000001,0.0,0.0,0.0
349,1782771994666,0.22650000000000003,0.1986914761510197,0.0,0.0,6.976500000000001,0.3290000000000001,0.0,0.0,0.0
349,1782771994671,0.22800000000000004,0.2001914761510197,0.0,0.0,6.978000000000001,0.3305000000000001,0.0,0.0,0.0
349,1782771994673,0.22800000000000004,0.2016136401137707,0.0,0.0,6.978000000000001,0.3305000000000001,0.0,0.0,0.0
349,1782771994682,0.22950000000000004,0.2031136401137707,0.0,0.0,6.979500000000001,0.33200000000000013,0.0,0.0,0.0
349,1782771994684,0.22950000000000004,0.20454401112727266,0.0,0.0,6.979500000000001,0.33200000000000013,0.0,0.0,0.0
349,1782771994698,0.23100000000000004,0.20604401112727266,0.0,0.0,6.981000000000001,0.33350000000000013,0.0,0.0,0.0
349,1782771994700,0.23100000000000004,0.2074821644672946,0.0,0.0,6.981000000000001,0.33350000000000013,0.0,0.0,0.0
349,1782771994701,0.23250000000000004,0.2089821644672946,0.0,0.0,6.982500000000001,0.33500000000000013,0.0,0.0,0.0
349,1782771994706,0.23250000000000004,0.21042766772938878,0.0,0.0,6.982500000000001,0.33500000000000013,0.0,0.0,0.0
349,1782771994711,0.23250000000000004,0.21042766772938878,0.0,0.0,6.982500000000001,0.35500000000000015,0.0,0.0,0.0
349,1782771994724,0.23250000000000004,0.21042766772938878,0.0,0.0,6.982500000000001,0.30500000000000016,0.0,0.0,0.0
349,1782771994726,0.23250000000000004,0.21042766772938878,0.0,0.0,6.982500000000001,0.25500000000000017,0.0,0.0,0.0
349,1782771994746,0.23250000000000004,0.21042766772938878,0.0,0.0,6.977500000000001,0.25500000000000017,0.0,0.0,0.0
349,1782771994750,0.23250000000000004,0.21042766772938878,0.0,0.0,6.977500000000001,0.20500000000000018,0.0,0.0,0.0
349,1782771994752,0.23250000000000004,0.21042766772938878,0.0,0.0,6.977500000000001,0.18,0.0,0.0,0.0
349,1782771994754,0.23250000000000004,0.21042766772938878,0.0,0.0,6.972500000000001,0.18,0.0,0.0,0.0
349,1782771994756,0.23250000000000004,0.21042766772938878,0.0,0.0,6.972500000000001,0.19999999999999998,0.0,0.0,0.0
349,1782771994760,0.23250000000000004,0.21042766772938878,0.0,0.0,6.967500000000001,0.19999999999999998,0.0,0.0,0.0
349,1782771994764,0.23250000000000004,0.21042766772938878,0.0,0.0,6.967500000000001,0.18,0.0,0.0,0.0
349,1782771994767,0.23250000000000004,0.21042766772938878,0.0,0.0,6.967500000000001,0.18,0.0,0.0,0.0
349,1782771994770,0.23250000000000004,0.21042766772938878,0.0,0.0,6.962500000000001,0.18,0.0,0.0,0.0
349,1782771995012,0.23250000000000004,0.21042766772938878,0.0,0.0,6.957500000000001,0.18,0.0,0.0,0.0
349,1782771995014,0.23400000000000004,0.21192766772938879,0.0,0.0,6.959000000000001,0.1815,0.0,0.0,0.0
349,1782771995019,0.23400000000000004,0.2133800812556218,0.0,0.0,6.959000000000001,0.1815,0.0,0.0,0.0
349,1782771995020,0.23550000000000004,0.2148800812556218,0.0,0.0,6.9605000000000015,0.183,0.0,0.0,0.0
349,1782771995022,0.23550000000000004,0.2163389585684638,0.0,0.0,6.9605000000000015,0.183,0.0,0.0,0.0
349,1782771995039,0.23700000000000004,0.2178389585684638,0.0,0.0,6.9620000000000015,0.1845,0.0,0.0,0.0
349,1782771995050,0.23700000000000004,0.21930384681140794,0.0,0.0,6.9620000000000015,0.1845,0.0,0.0,0.0
349,1782771995052,0.23850000000000005,0.22080384681140794,0.0,0.0,6.963500000000002,0.186,0.0,0.0,0.0
349,1782771995085,0.23850000000000005,0.22227428719588505,0.0,0.0,6.963500000000002,0.186,0.0,0.0,0.0
349,1782771995086,0.24000000000000005,0.22377428719588505,0.0,0.0,6.965000000000002,0.1875,0.0,0.0,0.0
349,1782771995090,0.24000000000000005,0.22524981545403264,0.0,0.0,6.965000000000002,0.1875,0.0,0.0,0.0
349,1782771995092,0.24000000000000005,0.22524981545403264,0.0,0.0,6.960000000000002,0.1875,0.0,0.0,0.0
349,1782771995094,0.24000000000000005,0.22524981545403264,0.0,0.0,6.960000000000002,0.2075,0.0,0.0,0.0
349,1782771995095,0.24000000000000005,0.22524981545403264,0.0,0.0,6.960000000000002,0.22749999999999998,0.0,0.0,0.0
349,1782771995097,0.24000000000000005,0.22524981545403264,0.0,0.0,6.955000000000002,0.22749999999999998,0.0,0.0,0.0
349,1782771995109,0.24000000000000005,0.22524981545403264,0.0,0.0,6.950000000000002,0.22749999999999998,0.0,0.0,0.0
349,1782771995110,0.24000000000000005,0.22524981545403264,0.0,0.0,6.950000000000002,0.18,0.0,0.0,0.0
349,1782771995140,0.24000000000000005,0.22524981545403264,0.0,0.0,6.945000000000002,0.18,0.0,0.0,0.0
349,1782771995152,0.24000000000000005,0.22524981545403264,0.0,0.0,6.940000000000002,0.18,0.0,0.0,0.0
349,1782771995166,0.24000000000000005,0.22524981545403264,0.0,0.0,6.935000000000002,0.18,0.0,0.0,0.0
349,1782771995180,0.24150000000000005,0.22674981545403264,0.0,0.0,6.936500000000002,0.1815,0.0,0.0,0.0
349,1782771995182,0.24150000000000005,0.22822996229687112,0.0,0.0,6.936500000000002,0.1815,0.0,0.0,0.0
349,1782771995183,0.24150000000000005,0.22822996229687112,0.0,0.0,6.931500000000002,0.1815,0.0,0.0,0.0
349,1782771995189,0.24150000000000005,0.22822996229687112,0.0,0.0,6.9265000000000025,0.1815,0.0,0.0,0.0
349,1782771995191,0.24150000000000005,0.22822996229687112,0.0,0.0,6.921500000000003,0.1815,0.0,0.0,0.0
349,1782771995255,0.24150000000000005,0.22822996229687112,0.0,0.0,6.916500000000003,0.1815,0.0,0.0,0.0
349,1782771995258,0.24300000000000005,0.22972996229687112,0.0,0.0,6.918000000000003,0.183,0.0,0.0,0.0
349,1782771995263,0.24300000000000005,0.23121425387743544,0.0,0.0,6.918000000000003,0.183,0.0,0.0,0.0
349,1782771995265,0.24450000000000005,0.23271425387743544,0.0,0.0,6.919500000000003,0.1845,0.0,0.0,0.0
349,1782771995266,0.24450000000000005,0.23420221225840482,0.0,0.0,6.919500000000003,0.1845,0.0,0.0,0.0
349,1782771995268,0.24600000000000005,0.23570221225840482,0.0,0.0,6.921000000000003,0.186,0.0,0.0,0.0
349,1782771995270,0.24600000000000005,0.23719335588376916,0.0,0.0,6.921000000000003,0.186,0.0,0.0,0.0
349,1782771995276,0.24750000000000005,0.23869335588376916,0.0,0.0,6.922500000000003,0.1875,0.0,0.0,0.0
349,1782771995277,0.24750000000000005,0.24018720005406674,0.0,0.0,6.922500000000003,0.1875,0.0,0.0,0.0
349,1782771995278,0.24750000000000005,0.24018720005406674,0.0,0.0,6.922500000000003,0.2075,0.0,0.0,0.0
349,1782771995282,0.24750000000000005,0.24018720005406674,0.0,0.0,6.922500000000003,0.22749999999999998,0.0,0.0,0.0
349,1782771995284,0.24750000000000005,0.24018720005406674,0.0,0.0,6.922500000000003,0.24749999999999997,0.0,0.0,0.0
349,1782771995288,0.24750000000000005,0.24018720005406674,0.0,0.0,6.917500000000003,0.24749999999999997,0.0,0.0,0.0
349,1782771995300,0.24750000000000005,0.24018720005406674,0.0,0.0,6.912500000000003,0.24749999999999997,0.0,0.0,0.0
349,1782771995303,0.24750000000000005,0.24018720005406674,0.0,0.0,6.907500000000003,0.24749999999999997,0.0,0.0,0.0
349,1782771995329,0.24750000000000005,0.24018720005406674,0.0,0.0,6.902500000000003,0.24749999999999997,0.0,0.0,0.0
349,1782771995358,0.24750000000000005,0.24018720005406674,0.0,0.0,6.8975000000000035,0.24749999999999997,0.0,0.0,0.0
349,1782771995360,0.24750000000000005,0.24018720005406674,0.0,0.0,6.892500000000004,0.24749999999999997,0.0,0.0,0.0
349,1782771995381,0.24750000000000005,0.24018720005406674,0.0,0.0,6.887500000000004,0.24749999999999997,0.0,0.0,0.0
349,1782771995396,0.24750000000000005,0.24018720005406674,0.0,0.0,6.882500000000004,0.24749999999999997,0.0,0.0,0.0
349,1782771995401,0.24750000000000005,0.24018720005406674,0.0,0.0,6.877500000000004,0.24749999999999997,0.0,0.0,0.0
349,1782771995424,0.24750000000000005,0.24018720005406674,0.0,0.0,6.872500000000004,0.24749999999999997,0.0,0.0,0.0
349,1782771995426,0.24750000000000005,0.24018720005406674,0.0,0.0,6.867500000000004,0.24749999999999997,0.0,0.0,0.0
349,1782771995440,0.24750000000000005,0.24018720005406674,0.0,0.0,6.862500000000004,0.24749999999999997,0.0,0.0,0.0
349,1782771995452,0.24750000000000005,0.24018720005406674,0.0,0.0,6.857500000000004,0.24749999999999997,0.0,0.0,0.0
349,1782771995457,0.24750000000000005,0.24018720005406674,0.0,0.0,6.8525000000000045,0.24749999999999997,0.0,0.0,0.0
349,1782771995498,0.24750000000000005,0.24018720005406674,0.0,0.0,6.847500000000005,0.24749999999999997,0.0,0.0,0.0
349,1782771995511,0.24750000000000005,0.24018720005406674,0.0,0.0,6.842500000000005,0.24749999999999997,0.0,0.0,0.0
349,1782771995514,0.24750000000000005,0.24018720005406674,0.0,0.0,6.837500000000005,0.24749999999999997,0.0,0.0,0.0
349,1782771995519,0.24750000000000005,0.24018720005406674,0.0,0.0,6.832500000000005,0.24749999999999997,0.0,0.0,0.0
349,1782771995546,0.24750000000000005,0.24018720005406674,0.0,0.0,6.827500000000005,0.24749999999999997,0.0,0.0,0.0
349,1782771995701,0.24750000000000005,0.24018720005406674,0.0,0.0,6.822500000000005,0.24749999999999997,0.0,0.0,0.0
349,1782771995709,0.24750000000000005,0.24018720005406674,0.0,0.0,6.817500000000005,0.24749999999999997,0.0,0.0,0.0
349,1782771995720,0.24750000000000005,0.24018720005406674,0.0,0.0,6.812500000000005,0.24749999999999997,0.0,0.0,0.0
349,1782771995726,0.24750000000000005,0.24018720005406674,0.0,0.0,6.807500000000005,0.24749999999999997,0.0,0.0,0.0
349,1782771995731,0.24750000000000005,0.24018720005406674,0.0,0.0,6.8025000000000055,0.24749999999999997,0.0,0.0,0.0
349,1782771996258,0.24750000000000005,0.24018720005406674,0.0,0.0,6.797500000000006,0.24749999999999997,0.0,0.0,0.0
349,1782771996260,0.24750000000000005,0.18,0.0,0.0,6.797500000000006,0.24749999999999997,0.0,0.0,0.0
349,1782771996275,0.24750000000000005,0.18,0.0,0.0,6.797500000000006,0.24749999999999997,0.0,0.0,0.0
349,1782771996277,0.24750000000000005,0.18,0.0,0.0,6.797500000000006,0.24749999999999997,0.0,0.0,0.0
349,1782771996279,0.24750000000000005,0.18,0.0,0.0,6.797500000000006,0.24749999999999997,0.0,0.0,0.0
349,1782771996281,0.24750000000000005,0.18,0.0,0.0,6.797500000000006,0.24749999999999997,0.0,0.0,0.0
349,1782771996283,0.24750000000000005,0.18,0.0,0.0,6.797500000000006,0.24749999999999997,0.0,0.0,0.0
349,1782771996285,0.24750000000000005,0.18,0.0,0.0,6.797500000000006,0.24749999999999997,0.0,0.0,0.0
349,1782771996287,0.24750000000000005,0.18,0.0,0.0,6.797500000000006,0.24749999999999997,0.0,0.0,0.0
349,1782771996301,0.24750000000000005,0.18,0.0,0.0,6.797500000000006,0.24749999999999997,0.0,0.0,0.0
349,1782771996307,0.24750000000000005,0.18,0.0,0.0,6.797500000000006,0.24749999999999997,0.0,0.0,0.0
349,1782771996308,0.24750000000000005,0.18,0.0,0.0,6.797500000000006,0.24749999999999997,0.0,0.0,0.0
349,1782771996310,0.24750000000000005,0.18,0.0,0.0,6.797500000000006,0.24749999999999997,0.0,0.0,0.0
349,1782771996312,0.24750000000000005,0.18,0.0,0.0,6.797500000000006,0.24749999999999997,0.0,0.0,0.0
349,1782771996314,0.24750000000000005,0.18,0.0,0.0,6.797500000000006,0.24749999999999997,0.0,0.0,0.0
349,1782771996324,0.24750000000000005,0.18,0.0,0.0,6.797500000000006,0.24749999999999997,0.0,0.0,0.0
349,1782771996326,0.24750000000000005,0.18,0.0,0.0,6.797500000000006,0.24749999999999997,0.0,0.0,0.0
349,1782771996327,0.24750000000000005,0.18,0.0,0.0,6.797500000000006,0.24749999999999997,0.0,0.0,0.0
349,1782771996334,0.24750000000000005,0.18,0.0,0.0,6.797500000000006,0.24749999999999997,0.0,0.0,0.0
349,1782771996336,0.24750000000000005,0.18,0.0,0.0,6.797500000000006,0.24749999999999997,0.0,0.0,0.0
349,1782771996338,0.24900000000000005,0.1815,0.0,0.0,6.799000000000006,0.24899999999999997,0.0,0.0,0.0
349,1782771996341,0.24900000000000005,0.18299605735065724,0.0,0.0,6.799000000000006,0.24899999999999997,0.0,0.0,0.0
349,1782771996343,0.25050000000000006,0.18449605735065724,0.0,0.0,6.800500000000006,0.25049999999999994,0.0,0.0,0.0
349,1782771996344,0.25050000000000006,0.1859938383329588,0.0,0.0,6.800500000000006,0.25049999999999994,0.0,0.0,0.0
349,1782771996349,0.25200000000000006,0.1874938383329588,0.0,0.0,6.802000000000006,0.25199999999999995,0.0,0.0,0.0
349,1782771996351,0.25200000000000006,0.18899285169717292,0.0,0.0,6.802000000000006,0.25199999999999995,0.0,0.0,0.0
349,1782771996359,0.25350000000000006,0.19049285169717292,0.0,0.0,6.803500000000006,0.25349999999999995,0.0,0.0,0.0
349,1782771996361,0.25350000000000006,0.1919926049773558,0.0,0.0,6.803500000000006,0.25349999999999995,0.0,0.0,0.0
349,1782771996366,0.25500000000000006,0.1934926049773558,0.0,0.0,6.805000000000006,0.25499999999999995,0.0,0.0,0.0
349,1782771996368,0.25500000000000006,0.1949926049773558,0.0,0.0,6.805000000000006,0.25499999999999995,0.0,0.0,0.0
349,1782771996369,0.25500000000000006,0.1949926049773558,0.0,0.0,6.805000000000006,0.27499999999999997,0.0,0.0,0.0
349,1782771996371,0.25500000000000006,0.1949926049773558,0.0,0.0,6.805000000000006,0.22499999999999998,0.0,0.0,0.0
349,1782771996373,0.25500000000000006,0.1949926049773558,0.0,0.0,6.805000000000006,0.24499999999999997,0.0,0.0,0.0
349,1782771996375,0.25500000000000006,0.1949926049773558,0.0,0.0,6.805000000000006,0.24499999999999997,0.0,0.0,0.0
349,1782771996387,0.25500000000000006,0.1949926049773558,0.0,0.0,6.805000000000006,0.24499999999999997,0.0,0.0,0.0
349,1782771996388,0.25500000000000006,0.1949926049773558,0.0,0.0,6.805000000000006,0.24499999999999997,0.0,0.0,0.0
349,1782771996390,0.25500000000000006,0.1949926049773558,0.0,0.0,6.805000000000006,0.24499999999999997,0.0,0.0,0.0
349,1782771996394,0.25500000000000006,0.1949926049773558,0.0,0.0,6.805000000000006,0.24499999999999997,0.0,0.0,0.0
349,1782771996398,0.25500000000000006,0.1949926049773558,0.0,0.0,6.805000000000006,0.24499999999999997,0.0,0.0,0.0
349,1782771996404,0.25500000000000006,0.18,0.0,0.0,6.805000000000006,0.24499999999999997,0.0,0.0,0.0
349,1782771996409,0.25500000000000006,0.18,0.0,0.0,6.805000000000006,0.24499999999999997,0.0,0.0,0.0
349,1782771996411,0.25500000000000006,0.18,0.0,0.0,6.805000000000006,0.24499999999999997,0.0,0.0,0.0
349,1782771996422,0.25500000000000006,0.18,0.0,0.0,6.805000000000006,0.24499999999999997,0.0,0.0,0.0
349,1782771996423,0.25500000000000006,0.18,0.0,0.0,6.805000000000006,0.24499999999999997,0.0,0.0,0.0
349,1782771996427,0.25500000000000006,0.18,0.0,0.0,6.800000000000006,0.24499999999999997,0.0,0.0,0.0
349,1782771996441,0.25500000000000006,0.18,0.0,0.0,6.795000000000006,0.24499999999999997,0.0,0.0,0.0
349,1782771996446,0.25500000000000006,0.18,0.0,0.0,6.790000000000006,0.24499999999999997,0.0,0.0,0.0
349,1782771996452,0.25500000000000006,0.18,0.0,0.0,6.785000000000006,0.24499999999999997,0.0,0.0,0.0
349,1782771996686,0.25500000000000006,0.18,0.0,0.0,6.7800000000000065,0.24499999999999997,0.0,0.0,0.0
349,1782771996707,0.25500000000000006,0.18,0.0,0.0,6.775000000000007,0.24499999999999997,0.0,0.0,0.0
349,1782771996709,0.25500000000000006,0.18,0.0,0.0,6.770000000000007,0.24499999999999997,0.0,0.0,0.0
349,1782771996714,0.25500000000000006,0.18,0.0,0.0,6.765000000000007,0.24499999999999997,0.0,0.0,0.0
349,1782771996718,0.25500000000000006,0.18,0.0,0.0,6.760000000000007,0.24499999999999997,0.0,0.0,0.0
349,1782771997483,0.25500000000000006,0.18,0.0,0.0,6.755000000000007,0.24499999999999997,0.0,0.0,0.0
349,1782771997487,0.25500000000000006,0.18,0.0,0.0,6.750000000000007,0.24499999999999997,0.0,0.0,0.0
349,1782771997498,0.25500000000000006,0.18,0.0,0.0,6.745000000000007,0.24499999999999997,0.0,0.0,0.0
349,1782771997503,0.25500000000000006,0.18,0.0,0.0,6.740000000000007,0.24499999999999997,0.0,0.0,0.0
349,1782771997512,0.25500000000000006,0.18,0.0,0.0,6.735000000000007,0.24499999999999997,0.0,0.0,0.0
349,1782771997537,0.25500000000000006,0.18,0.0,0.0,6.7300000000000075,0.24499999999999997,0.0,0.0,0.0
349,1782771997543,0.25500000000000006,0.18,0.0,0.0,6.725000000000008,0.24499999999999997,0.0,0.0,0.0
349,1782771997546,0.25500000000000006,0.18,0.0,0.0,6.720000000000008,0.24499999999999997,0.0,0.0,0.0
349,1782771997550,0.25500000000000006,0.18,0.0,0.0,6.715000000000008,0.24499999999999997,0.0,0.0,0.0
349,1782771997554,0.25500000000000006,0.18,0.0,0.0,6.710000000000008,0.24499999999999997,0.0,0.0,0.0
349,1782771998117,0.25500000000000006,0.18,0.0,0.0,6.705000000000008,0.24499999999999997,0.0,0.0,0.0
349,1782771998122,0.25500000000000006,0.18,0.0,0.0,6.700000000000008,0.24499999999999997,0.0,0.0,0.0
349,1782771998131,0.25500000000000006,0.18,0.0,0.0,6.695000000000008,0.24499999999999997,0.0,0.0,0.0
349,1782771998134,0.25500000000000006,0.18,0.0,0.0,6.690000000000008,0.24499999999999997,0.0,0.0,0.0
349,1782771998139,0.25500000000000006,0.18,0.0,0.0,6.6850000000000085,0.24499999999999997,0.0,0.0,0.0
349,1782771998305,0.25500000000000006,0.18,0.0,0.0,6.680000000000009,0.24499999999999997,0.0,0.0,0.0
349,1782771998311,0.25500000000000006,0.18,0.0,0.0,6.675000000000009,0.24499999999999997,0.0,0.0,0.0
349,1782771998313,0.25500000000000006,0.18,0.0,0.0,6.670000000000009,0.24499999999999997,0.0,0.0,0.0
349,1782771998317,0.25500000000000006,0.18,0.0,0.0,6.665000000000009,0.24499999999999997,0.0,0.0,0.0
349,1782771998319,0.25500000000000006,0.18,0.0,0.0,6.660000000000009,0.24499999999999997,0.0,0.0,0.0
349,1782771999228,0.25500000000000006,0.18,0.0,0.0,6.655000000000009,0.24499999999999997,0.0,0.0,0.0
349,1782771999230,0.25650000000000006,0.1815,0.0,0.0,6.656500000000009,0.24649999999999997,0.0,0.0,0.0
349,1782771999240,0.25650000000000006,0.18299975328018286,0.0,0.0,6.656500000000009,0.24649999999999997,0.0,0.0,0.0
349,1782771999241,0.25800000000000006,0.18449975328018287,0.0,0.0,6.658000000000009,0.24799999999999997,0.0,0.0,0.0
349,1782771999243,0.25800000000000006,0.185998766644397,0.0,0.0,6.658000000000009,0.24799999999999997,0.0,0.0,0.0
349,1782771999296,0.25950000000000006,0.187498766644397,0.0,0.0,6.659500000000009,0.24949999999999997,0.0,0.0,0.0
349,1782771999303,0.25950000000000006,0.18899654762669854,0.0,0.0,6.659500000000009,0.24949999999999997,0.0,0.0,0.0
349,1782771999305,0.26100000000000007,0.19049654762669854,0.0,0.0,6.661000000000009,0.25099999999999995,0.0,0.0,0.0
349,1782771999310,0.26100000000000007,0.1919926049773558,0.0,0.0,6.661000000000009,0.25099999999999995,0.0,0.0,0.0
349,1782771999312,0.26250000000000007,0.1934926049773558,0.0,0.0,6.662500000000009,0.25249999999999995,0.0,0.0,0.0
349,1782771999315,0.26250000000000007,0.19498644914765337,0.0,0.0,6.662500000000009,0.25249999999999995,0.0,0.0,0.0
349,1782771999321,0.26250000000000007,0.19498644914765337,0.0,0.0,6.6575000000000095,0.25249999999999995,0.0,0.0,0.0
349,1782771999327,0.26250000000000007,0.19498644914765337,0.0,0.0,6.65250000000001,0.25249999999999995,0.0,0.0,0.0
349,1782771999333,0.26250000000000007,0.19498644914765337,0.0,0.0,6.64750000000001,0.25249999999999995,0.0,0.0,0.0
349,1782771999339,0.26250000000000007,0.19498644914765337,0.0,0.0,6.64250000000001,0.25249999999999995,0.0,0.0,0.0
349,1782772000581,0.26250000000000007,0.19498644914765337,0.0,0.0,6.63750000000001,0.25249999999999995,0.0,0.0,0.0
349,1782772000583,0.26250000000000007,0.19498644914765337,0.0,0.0,6.63750000000001,0.27249999999999996,0.0,0.0,0.0
349,1782772000585,0.26250000000000007,0.19498644914765337,0.0,0.0,6.63750000000001,0.2925,0.0,0.0,0.0
349,1782772000594,0.26250000000000007,0.19498644914765337,0.0,0.0,6.63750000000001,0.2425,0.0,0.0,0.0
349,1782772000596,0.26250000000000007,0.19498644914765337,0.0,0.0,6.63750000000001,0.1925,0.0,0.0,0.0
349,1782772000599,0.26250000000000007,0.19498644914765337,0.0,0.0,6.63250000000001,0.1925,0.0,0.0,0.0
349,1782772000606,0.26250000000000007,0.19498644914765337,0.0,0.0,6.62750000000001,0.1925,0.0,0.0,0.0
349,1782772000613,0.26250000000000007,0.19498644914765337,0.0,0.0,6.62250000000001,0.1925,0.0,0.0,0.0
349,1782772000618,0.26250000000000007,0.19498644914765337,0.0,0.0,6.61750000000001,0.1925,0.0,0.0,0.0
349,1782772002034,0.26250000000000007,0.19498644914765337,0.0,0.0,6.6125000000000105,0.1925,0.0,0.0,0.0
349,1782772002037,0.26250000000000007,0.19498644914765337,0.0,0.0,6.607500000000011,0.1925,0.0,0.0,0.0
349,1782772002039,0.26250000000000007,0.19498644914765337,0.0,0.0,6.602500000000011,0.1925,0.0,0.0,0.0
349,1782772002066,0.26250000000000007,0.19498644914765337,0.0,0.0,6.597500000000011,0.1925,0.0,0.0,0.0
349,1782772002074,0.26250000000000007,0.19498644914765337,0.0,0.0,6.592500000000011,0.1925,0.0,0.0,0.0
349,1782772002527,0.26250000000000007,0.19498644914765337,0.0,0.0,6.587500000000011,0.1925,0.0,0.0,0.0
349,1782772002530,0.26250000000000007,0.19498644914765337,0.0,0.0,6.582500000000011,0.1925,0.0,0.0,0.0
349,1782772002535,0.26250000000000007,0.19498644914765337,0.0,0.0,6.577500000000011,0.1925,0.0,0.0,0.0
349,1782772002540,0.26250000000000007,0.19498644914765337,0.0,0.0,6.572500000000011,0.1925,0.0,0.0,0.0
349,1782772002544,0.26250000000000007,0.19498644914765337,0.0,0.0,6.567500000000011,0.1925,0.0,0.0,0.0
349,1782772003911,0.26250000000000007,0.19498644914765337,0.0,0.0,6.5625000000000115,0.1925,0.0,0.0,0.0
349,1782772003912,0.26400000000000007,0.19648644914765337,0.0,0.0,6.564000000000012,0.194,0.0,0.0,0.0
349,1782772003917,0.26400000000000007,0.1979775927730177,0.0,0.0,6.564000000000012,0.194,0.0,0.0,0.0
349,1782772003943,0.26400000000000007,0.1979775927730177,0.0,0.0,6.559000000000012,0.194,0.0,0.0,0.0
349,1782772004007,0.26400000000000007,0.1979775927730177,0.0,0.0,6.554000000000012,0.194,0.0,0.0,0.0
349,1782772004025,0.26400000000000007,0.1979775927730177,0.0,0.0,6.549000000000012,0.194,0.0,0.0,0.0
349,1782772004026,0.26550000000000007,0.19947759277301771,0.0,0.0,6.550500000000012,0.1955,0.0,0.0,0.0
349,1782772004028,0.26550000000000007,0.2009655511539871,0.0,0.0,6.550500000000012,0.1955,0.0,0.0,0.0
349,1782772004030,0.26700000000000007,0.2024655511539871,0.0,0.0,6.552000000000012,0.197,0.0,0.0,0.0
349,1782772004039,0.26700000000000007,0.2039498427345514,0.0,0.0,6.552000000000012,0.197,0.0,0.0,0.0
349,1782772004041,0.26850000000000007,0.2054498427345514,0.0,0.0,6.553500000000012,0.1985,0.0,0.0,0.0
349,1782772004042,0.26850000000000007,0.2069299895773899,0.0,0.0,6.553500000000012,0.1985,0.0,0.0,0.0
349,1782772004059,0.2700000000000001,0.2084299895773899,0.0,0.0,6.555000000000012,0.2,0.0,0.0,0.0
349,1782772004069,0.2700000000000001,0.20990551783553746,0.0,0.0,6.555000000000012,0.2,0.0,0.0,0.0
349,1782772004071,0.2700000000000001,0.20990551783553746,0.0,0.0,6.550000000000012,0.2,0.0,0.0,0.0
349,1782772004199,0.2700000000000001,0.20990551783553746,0.0,0.0,6.545000000000012,0.2,0.0,0.0,0.0
349,1782772004201,0.2700000000000001,0.20990551783553746,0.0,0.0,6.5400000000000125,0.2,0.0,0.0,0.0
349,1782772004208,0.2700000000000001,0.20990551783553746,0.0,0.0,6.535000000000013,0.2,0.0,0.0,0.0
349,1782772004210,0.2700000000000001,0.20990551783553746,0.0,0.0,6.530000000000013,0.2,0.0,0.0,0.0
349,1782772004236,0.2700000000000001,0.20990551783553746,0.0,0.0,6.525000000000013,0.2,0.0,0.0,0.0
349,1782772005933,0.2700000000000001,0.20990551783553746,0.0,0.0,6.520000000000013,0.2,0.0,0.0,0.0
349,1782772005934,0.2700000000000001,0.18,0.0,0.0,6.520000000000013,0.2,0.0,0.0,0.0
349,1782772005936,0.2700000000000001,0.18,0.0,0.0,6.520000000000013,0.2,0.0,0.0,0.0
349,1782772005939,0.2700000000000001,0.18,0.0,0.0,6.520000000000013,0.2,0.0,0.0,0.0
349,1782772005941,0.2700000000000001,0.18,0.0,0.0,6.520000000000013,0.2,0.0,0.0,0.0
349,1782772005943,0.2715000000000001,0.1815,0.0,0.0,6.521500000000013,0.2015,0.0,0.0,0.0
349,1782772005958,0.2715000000000001,0.1829704403844771,0.0,0.0,6.521500000000013,0.2015,0.0,0.0,0.0
349,1782772005960,0.2730000000000001,0.1844704403844771,0.0,0.0,6.523000000000013,0.203,0.0,0.0,0.0
349,1782772005961,0.2730000000000001,0.18593532862742124,0.0,0.0,6.523000000000013,0.203,0.0,0.0,0.0
349,1782772005963,0.2745000000000001,0.18743532862742124,0.0,0.0,6.524500000000013,0.20450000000000002,0.0,0.0,0.0
349,1782772005975,0.2745000000000001,0.18889420594026324,0.0,0.0,6.524500000000013,0.20450000000000002,0.0,0.0,0.0
349,1782772005977,0.2760000000000001,0.19039420594026324,0.0,0.0,6.526000000000013,0.20600000000000002,0.0,0.0,0.0
349,1782772005980,0.2760000000000001,0.19184661946649625,0.0,0.0,6.526000000000013,0.20600000000000002,0.0,0.0,0.0
349,1782772005982,0.2775000000000001,0.19334661946649626,0.0,0.0,6.527500000000013,0.20750000000000002,0.0,0.0,0.0
349,1782772005985,0.2775000000000001,0.19479212272859045,0.0,0.0,6.527500000000013,0.20750000000000002,0.0,0.0,0.0
349,1782772005989,0.2775000000000001,0.19479212272859045,0.0,0.0,6.527500000000013,0.2275,0.0,0.0,0.0
349,1782772005992,0.2775000000000001,0.19479212272859045,0.0,0.0,6.527500000000013,0.18,0.0,0.0,0.0
349,1782772005993,0.2775000000000001,0.19479212272859045,0.0,0.0,6.527500000000013,0.19999999999999998,0.0,0.0,0.0
349,1782772005994,0.2775000000000001,0.19479212272859045,0.0,0.0,6.527500000000013,0.18,0.0,0.0,0.0
349,1782772005998,0.2775000000000001,0.19479212272859045,0.0,0.0,6.527500000000013,0.18,0.0,0.0,0.0
349,1782772006000,0.2775000000000001,0.18,0.0,0.0,6.527500000000013,0.18,0.0,0.0,0.0
349,1782772006007,0.2775000000000001,0.18,0.0,0.0,6.527500000000013,0.18,0.0,0.0,0.0
349,1782772006009,0.2775000000000001,0.18,0.0,0.0,6.527500000000013,0.18,0.0,0.0,0.0
349,1782772006013,0.2775000000000001,0.18,0.0,0.0,6.527500000000013,0.18,0.0,0.0,0.0
349,1782772006014,0.2775000000000001,0.18,0.0,0.0,6.527500000000013,0.18,0.0,0.0,0.0
349,1782772006016,0.2775000000000001,0.18,0.0,0.0,6.527500000000013,0.18,0.0,0.0,0.0
349,1782772006018,0.2775000000000001,0.18,0.0,0.0,6.527500000000013,0.18,0.0,0.0,0.0
349,1782772006024,0.2775000000000001,0.18,0.0,0.0,6.527500000000013,0.18,0.0,0.0,0.0
349,1782772006026,0.2775000000000001,0.18,0.0,0.0,6.527500000000013,0.18,0.0,0.0,0.0
349,1782772006034,0.2790000000000001,0.1815,0.0,0.0,6.529000000000013,0.1815,0.0,0.0,0.0
349,1782772006039,0.2790000000000001,0.18293815334002192,0.0,0.0,6.529000000000013,0.1815,0.0,0.0,0.0
349,1782772006046,0.2805000000000001,0.18443815334002192,0.0,0.0,6.530500000000013,0.183,0.0,0.0,0.0
349,1782772006065,0.2805000000000001,0.18586852435352388,0.0,0.0,6.530500000000013,0.183,0.0,0.0,0.0
349,1782772006067,0.2820000000000001,0.18736852435352389,0.0,0.0,6.532000000000013,0.1845,0.0,0.0,0.0
349,1782772006068,0.2820000000000001,0.18879068831627488,0.0,0.0,6.532000000000013,0.1845,0.0,0.0,0.0
349,1782772006072,0.2835000000000001,0.19029068831627488,0.0,0.0,6.533500000000013,0.186,0.0,0.0,0.0
349,1782772006074,0.2835000000000001,0.19170422860341216,0.0,0.0,6.533500000000013,0.186,0.0,0.0,0.0
349,1782772006083,0.2850000000000001,0.19320422860341216,0.0,0.0,6.5350000000000135,0.1875,0.0,0.0,0.0
349,1782772006091,0.2850000000000001,0.19460873710059964,0.0,0.0,6.5350000000000135,0.1875,0.0,0.0,0.0
349,1782772006092,0.2850000000000001,0.19460873710059964,0.0,0.0,6.5350000000000135,0.2075,0.0,0.0,0.0
349,1782772006097,0.2850000000000001,0.19460873710059964,0.0,0.0,6.5350000000000135,0.22749999999999998,0.0,0.0,0.0
349,1782772006102,0.2850000000000001,0.19460873710059964,0.0,0.0,6.5350000000000135,0.24749999999999997,0.0,0.0,0.0
349,1782772006104,0.2865000000000001,0.19610873710059964,0.0,0.0,6.5365000000000135,0.24899999999999997,0.0,0.0,0.0
349,1782772006105,0.2865000000000001,0.19750381460678748,0.0,0.0,6.5365000000000135,0.24899999999999997,0.0,0.0,0.0
349,1782772006107,0.2880000000000001,0.19900381460678748,0.0,0.0,6.538000000000014,0.25049999999999994,0.0,0.0,0.0
349,1782772006109,0.2880000000000001,0.20038907122817537,0.0,0.0,6.538000000000014,0.25049999999999994,0.0,0.0,0.0
349,1782772006115,0.2895000000000001,0.20188907122817537,0.0,0.0,6.539500000000014,0.25199999999999995,0.0,0.0,0.0
349,1782772006117,0.2895000000000001,0.2032641267629906,0.0,0.0,6.539500000000014,0.25199999999999995,0.0,0.0,0.0
349,1782772006118,0.2910000000000001,0.2047641267629906,0.0,0.0,6.541000000000014,0.25349999999999995,0.0,0.0,0.0
349,1782772006122,0.2910000000000001,0.2061286110767013,0.0,0.0,6.541000000000014,0.25349999999999995,0.0,0.0,0.0
349,1782772006124,0.2925000000000001,0.2076286110767013,0.0,0.0,6.542500000000014,0.25499999999999995,0.0,0.0,0.0
349,1782772006129,0.2925000000000001,0.2089821644672946,0.0,0.0,6.542500000000014,0.25499999999999995,0.0,0.0,0.0
349,1782772006140,0.2925000000000001,0.2089821644672946,0.0,0.0,6.542500000000014,0.27499999999999997,0.0,0.0,0.0
349,1782772006142,0.2925000000000001,0.2089821644672946,0.0,0.0,6.542500000000014,0.295,0.0,0.0,0.0
349,1782772006144,0.2925000000000001,0.2089821644672946,0.0,0.0,6.542500000000014,0.245,0.0,0.0,0.0
349,1782772006146,0.2925000000000001,0.2089821644672946,0.0,0.0,6.542500000000014,0.265,0.0,0.0,0.0
349,1782772006151,0.2940000000000001,0.2104821644672946,0.0,0.0,6.544000000000014,0.2665,0.0,0.0,0.0
349,1782772006165,0.2940000000000001,0.21182443802025894,0.0,0.0,6.544000000000014,0.2665,0.0,0.0,0.0
349,1782772006168,0.2955000000000001,0.21332443802025894,0.0,0.0,6.545500000000014,0.268,0.0,0.0,0.0
349,1782772006171,0.2955000000000001,0.21465509395292076,0.0,0.0,6.545500000000014,0.268,0.0,0.0,0.0
349,1782772006173,0.2970000000000001,0.21615509395292076,0.0,0.0,6.547000000000014,0.2695,0.0,0.0,0.0
349,1782772006183,0.2970000000000001,0.2174738059477951,0.0,0.0,6.547000000000014,0.2695,0.0,0.0,0.0
349,1782772006185,0.2985000000000001,0.2189738059477951,0.0,0.0,6.548500000000014,0.271,0.0,0.0,0.0
349,1782772006188,0.2985000000000001,0.2202802594746216,0.0,0.0,6.548500000000014,0.271,0.0,0.0,0.0
349,1782772006195,0.3000000000000001,0.2217802594746216,0.0,0.0,6.550000000000014,0.2725,0.0,0.0,0.0
349,1782772006196,0.3000000000000001,0.22307415210076784,0.0,0.0,6.550000000000014,0.2725,0.0,0.0,0.0
349,1782772006198,0.3000000000000001,0.22307415210076784,0.0,0.0,6.545000000000014,0.2725,0.0,0.0,0.0
349,1782772006204,0.3000000000000001,0.22307415210076784,0.0,0.0,6.540000000000014,0.2725,0.0,0.0,0.0
349,1782772006206,0.3000000000000001,0.22307415210076784,0.0,0.0,6.535000000000014,0.2725,0.0,0.0,0.0
349,1782772006216,0.3000000000000001,0.22307415210076784,0.0,0.0,6.5300000000000145,0.2725,0.0,0.0,0.0
349,1782772007298,0.3000000000000001,0.22307415210076784,0.0,0.0,6.525000000000015,0.2725,0.0,0.0,0.0
349,1782772007301,0.3000000000000001,0.22307415210076784,0.0,0.0,6.525000000000015,0.29250000000000004,0.0,0.0,0.0
349,1782772007304,0.3000000000000001,0.22307415210076784,0.0,0.0,6.525000000000015,0.24250000000000005,0.0,0.0,0.0
349,1782772007307,0.3000000000000001,0.22307415210076784,0.0,0.0,6.525000000000015,0.26250000000000007,0.0,0.0,0.0
349,1782772007309,0.3015000000000001,0.22457415210076784,0.0,0.0,6.526500000000015,0.26400000000000007,0.0,0.0,0.0
349,1782772007311,0.3015000000000001,0.2258551937896939,0.0,0.0,6.526500000000015,0.26400000000000007,0.0,0.0,0.0
349,1782772007313,0.3030000000000001,0.2273551937896939,0.0,0.0,6.528000000000015,0.26550000000000007,0.0,0.0,0.0
349,1782772007315,0.3030000000000001,0.2286231071871834,0.0,0.0,6.528000000000015,0.26550000000000007,0.0,0.0,0.0
349,1782772007317,0.3045000000000001,0.2301231071871834,0.0,0.0,6.529500000000015,0.26700000000000007,0.0,0.0,0.0
349,1782772007323,0.3045000000000001,0.23137762789505859,0.0,0.0,6.529500000000015,0.26700000000000007,0.0,0.0,0.0
349,1782772007325,0.3060000000000001,0.2328776278950586,0.0,0.0,6.531000000000015,0.26850000000000007,0.0,0.0,0.0
349,1782772007327,0.3060000000000001,0.23411850473210943,0.0,0.0,6.531000000000015,0.26850000000000007,0.0,0.0,0.0
349,1782772007330,0.3075000000000001,0.23561850473210944,0.0,0.0,6.532500000000015,0.2700000000000001,0.0,0.0,0.0
349,1782772007332,0.3075000000000001,0.2368454999819792,0.0,0.0,6.532500000000015,0.2700000000000001,0.0,0.0,0.0
349,1782772007334,0.3075000000000001,0.2368454999819792,0.0,0.0,6.532500000000015,0.2900000000000001,0.0,0.0,0.0
349,1782772007335,0.3075000000000001,0.2368454999819792,0.0,0.0,6.532500000000015,0.3100000000000001,0.0,0.0,0.0
349,1782772007337,0.3075000000000001,0.2368454999819792,0.0,0.0,6.532500000000015,0.3300000000000001,0.0,0.0,0.0
349,1782772007339,0.3075000000000001,0.2368454999819792,0.0,0.0,6.532500000000015,0.28000000000000014,0.0,0.0,0.0
349,1782772007343,0.3090000000000001,0.2383454999819792,0.0,0.0,6.534000000000015,0.28150000000000014,0.0,0.0,0.0
349,1782772007345,0.3090000000000001,0.23955838962776174,0.0,0.0,6.534000000000015,0.28150000000000014,0.0,0.0,0.0
349,1782772007353,0.3105000000000001,0.24105838962776174,0.0,0.0,6.535500000000015,0.28300000000000014,0.0,0.0,0.0
349,1782772007355,0.3105000000000001,0.24225696357307913,0.0,0.0,6.535500000000015,0.28300000000000014,0.0,0.0,0.0
349,1782772007359,0.3120000000000001,0.24375696357307913,0.0,0.0,6.537000000000015,0.28450000000000014,0.0,0.0,0.0
349,1782772007366,0.3120000000000001,0.24494102584942148,0.0,0.0,6.537000000000015,0.28450000000000014,0.0,0.0,0.0
349,1782772007369,0.3135000000000001,0.24644102584942149,0.0,0.0,6.538500000000015,0.28600000000000014,0.0,0.0,0.0
349,1782772007371,0.3135000000000001,0.24761039480954414,0.0,0.0,6.538500000000015,0.28600000000000014,0.0,0.0,0.0
349,1782772007377,0.3150000000000001,0.24911039480954414,0.0,0.0,6.540000000000015,0.28750000000000014,0.0,0.0,0.0
349,1782772007383,0.3150000000000001,0.2502649033067316,0.0,0.0,6.540000000000015,0.28750000000000014,0.0,0.0,0.0
349,1782772007385,0.3150000000000001,0.18,0.0,0.0,6.540000000000015,0.28750000000000014,0.0,0.0,0.0
349,1782772007389,0.3150000000000001,0.18,0.0,0.0,6.540000000000015,0.28750000000000014,0.0,0.0,0.0
349,1782772007404,0.3150000000000001,0.18,0.0,0.0,6.540000000000015,0.28750000000000014,0.0,0.0,0.0
349,1782772007406,0.3150000000000001,0.18,0.0,0.0,6.540000000000015,0.28750000000000014,0.0,0.0,0.0
349,1782772007407,0.3150000000000001,0.18,0.0,0.0,6.540000000000015,0.28750000000000014,0.0,0.0,0.0
349,1782772007409,0.3150000000000001,0.18,0.0,0.0,6.540000000000015,0.28750000000000014,0.0,0.0,0.0
349,1782772007410,0.3150000000000001,0.18,0.0,0.0,6.540000000000015,0.28750000000000014,0.0,0.0,0.0
349,1782772007413,0.3150000000000001,0.18,0.0,0.0,6.540000000000015,0.28750000000000014,0.0,0.0,0.0
349,1782772007424,0.3150000000000001,0.18,0.0,0.0,6.540000000000015,0.28750000000000014,0.0,0.0,0.0
349,1782772007426,0.3150000000000001,0.18,0.0,0.0,6.540000000000015,0.28750000000000014,0.0,0.0,0.0
349,1782772007427,0.3150000000000001,0.18,0.0,0.0,6.540000000000015,0.28750000000000014,0.0,0.0,0.0
349,1782772007435,0.3150000000000001,0.18,0.0,0.0,6.540000000000015,0.28750000000000014,0.0,0.0,0.0
349,1782772007437,0.3150000000000001,0.18,0.0,0.0,6.540000000000015,0.28750000000000014,0.0,0.0,0.0
349,1782772007443,0.3150000000000001,0.18,0.0,0.0,6.540000000000015,0.28750000000000014,0.0,0.0,0.0
349,1782772007449,0.3150000000000001,0.18,0.0,0.0,6.540000000000015,0.28750000000000014,0.0,0.0,0.0
349,1782772007457,0.3150000000000001,0.18,0.0,0.0,6.540000000000015,0.28750000000000014,0.0,0.0,0.0
349,1782772007468,0.3150000000000001,0.18,0.0,0.0,6.540000000000015,0.28750000000000014,0.0,0.0,0.0
349,1782772007470,0.3150000000000001,0.18,0.0,0.0,6.540000000000015,0.28750000000000014,0.0,0.0,0.0
349,1782772007476,0.3150000000000001,0.18,0.0,0.0,6.540000000000015,0.28750000000000014,0.0,0.0,0.0
349,1782772007477,0.3150000000000001,0.18,0.0,0.0,6.540000000000015,0.28750000000000014,0.0,0.0,0.0
349,1782772007479,0.3150000000000001,0.18,0.0,0.0,6.535000000000015,0.28750000000000014,0.0,0.0,0.0
349,1782772007492,0.3150000000000001,0.18,0.0,0.0,6.530000000000015,0.28750000000000014,0.0,0.0,0.0
349,1782772007514,0.3165000000000001,0.1815,0.0,0.0,6.531500000000015,0.28900000000000015,0.0,0.0,0.0
349,1782772007519,0.3165000000000001,0.18263949555301962,0.0,0.0,6.531500000000015,0.28900000000000015,0.0,0.0,0.0
349,1782772007522,0.3180000000000001,0.18413949555301962,0.0,0.0,6.5330000000000155,0.29050000000000015,0.0,0.0,0.0
349,1782772007523,0.3180000000000001,0.18526384049660205,0.0,0.0,6.5330000000000155,0.29050000000000015,0.0,0.0,0.0
349,1782772007525,0.3195000000000001,0.18676384049660205,0.0,0.0,6.5345000000000155,0.29200000000000015,0.0,0.0,0.0
349,1782772007527,0.3195000000000001,0.1878729121173003,0.0,0.0,6.5345000000000155,0.29200000000000015,0.0,0.0,0.0
349,1782772007529,0.3210000000000001,0.1893729121173003,0.0,0.0,6.536000000000016,0.29350000000000015,0.0,0.0,0.0
349,1782772007539,0.3210000000000001,0.19046660277459318,0.0,0.0,6.536000000000016,0.29350000000000015,0.0,0.0,0.0
349,1782772007542,0.3225000000000001,0.19196660277459318,0.0,0.0,6.537500000000016,0.29500000000000015,0.0,0.0,0.0
349,1782772007551,0.3225000000000001,0.1930448200071133,0.0,0.0,6.537500000000016,0.29500000000000015,0.0,0.0,0.0
349,1782772007553,0.3225000000000001,0.1930448200071133,0.0,0.0,6.532500000000016,0.29500000000000015,0.0,0.0,0.0
349,1782772007558,0.3225000000000001,0.1930448200071133,0.0,0.0,6.527500000000016,0.29500000000000015,0.0,0.0,0.0
349,1782772007612,0.3225000000000001,0.1930448200071133,0.0,0.0,6.522500000000016,0.29500000000000015,0.0,0.0,0.0
349,1782772007614,0.3225000000000001,0.1930448200071133,0.0,0.0,6.522500000000016,0.29500000000000015,0.0,0.0,0.0
349,1782772007616,0.3225000000000001,0.1930448200071133,0.0,0.0,6.522500000000016,0.29500000000000015,0.0,0.0,0.0
349,1782772007617,0.3225000000000001,0.1930448200071133,0.0,0.0,6.522500000000016,0.29500000000000015,0.0,0.0,0.0
349,1782772007619,0.3225000000000001,0.1930448200071133,0.0,0.0,6.522500000000016,0.29500000000000015,0.0,0.0,0.0
349,1782772007621,0.3225000000000001,0.1930448200071133,0.0,0.0,6.522500000000016,0.29500000000000015,0.0,0.0,0.0
349,1782772007623,0.3225000000000001,0.1930448200071133,0.0,0.0,6.522500000000016,0.29500000000000015,0.0,0.0,0.0
349,1782772007626,0.3225000000000001,0.1930448200071133,0.0,0.0,6.522500000000016,0.29500000000000015,0.0,0.0,0.0
349,1782772007628,0.3225000000000001,0.1930448200071133,0.0,0.0,6.522500000000016,0.29500000000000015,0.0,0.0,0.0
349,1782772007633,0.3225000000000001,0.1930448200071133,0.0,0.0,6.522500000000016,0.29500000000000015,0.0,0.0,0.0
349,1782772007657,0.3225000000000001,0.1930448200071133,0.0,0.0,6.522500000000016,0.29500000000000015,0.0,0.0,0.0
349,1782772007658,0.3225000000000001,0.1930448200071133,0.0,0.0,6.522500000000016,0.29500000000000015,0.0,0.0,0.0
349,1782772007660,0.3225000000000001,0.1930448200071133,0.0,0.0,6.522500000000016,0.29500000000000015,0.0,0.0,0.0
349,1782772007667,0.3225000000000001,0.1930448200071133,0.0,0.0,6.522500000000016,0.29500000000000015,0.0,0.0,0.0
349,1782772007672,0.3225000000000001,0.1930448200071133,0.0,0.0,6.522500000000016,0.29500000000000015,0.0,0.0,0.0
349,1782772007674,0.3225000000000001,0.1930448200071133,0.0,0.0,6.522500000000016,0.29500000000000015,0.0,0.0,0.0
349,1782772007676,0.3225000000000001,0.1930448200071133,0.0,0.0,6.522500000000016,0.29500000000000015,0.0,0.0,0.0
349,1782772007685,0.3225000000000001,0.1930448200071133,0.0,0.0,6.522500000000016,0.29500000000000015,0.0,0.0,0.0
349,1782772007687,0.3225000000000001,0.1930448200071133,0.0,0.0,6.522500000000016,0.29500000000000015,0.0,0.0,0.0
349,1782772007689,0.3225000000000001,0.1930448200071133,0.0,0.0,6.522500000000016,0.29500000000000015,0.0,0.0,0.0
349,1782772007696,0.3225000000000001,0.1930448200071133,0.0,0.0,6.522500000000016,0.29500000000000015,0.0,0.0,0.0
349,1782772007698,0.3225000000000001,0.1930448200071133,0.0,0.0,6.522500000000016,0.29500000000000015,0.0,0.0,0.0
349,1782772007700,0.3225000000000001,0.1930448200071133,0.0,0.0,6.522500000000016,0.29500000000000015,0.0,0.0,0.0
349,1782772007703,0.3225000000000001,0.1930448200071133,0.0,0.0,6.522500000000016,0.29500000000000015,0.0,0.0,0.0
349,1782772007719,0.3225000000000001,0.1930448200071133,0.0,0.0,6.522500000000016,0.29500000000000015,0.0,0.0,0.0
349,1782772007721,0.3225000000000001,0.1930448200071133,0.0,0.0,6.522500000000016,0.29500000000000015,0.0,0.0,0.0
349,1782772007724,0.3225000000000001,0.1930448200071133,0.0,0.0,6.522500000000016,0.29500000000000015,0.0,0.0,0.0
349,1782772007734,0.3225000000000001,0.1930448200071133,0.0,0.0,6.522500000000016,0.29500000000000015,0.0,0.0,0.0
349,1782772007741,0.3225000000000001,0.1930448200071133,0.0,0.0,6.522500000000016,0.29500000000000015,0.0,0.0,0.0
349,1782772007742,0.3225000000000001,0.1930448200071133,0.0,0.0,6.522500000000016,0.29500000000000015,0.0,0.0,0.0
349,1782772007743,0.3225000000000001,0.1930448200071133,0.0,0.0,6.522500000000016,0.29500000000000015,0.0,0.0,0.0
349,1782772007744,0.3225000000000001,0.1930448200071133,0.0,0.0,6.522500000000016,0.29500000000000015,0.0,0.0,0.0
349,1782772007745,0.3225000000000001,0.1930448200071133,0.0,0.0,6.522500000000016,0.29500000000000015,0.0,0.0,0.0
349,1782772007748,0.3225000000000001,0.1930448200071133,0.0,0.0,6.522500000000016,0.29500000000000015,0.0,0.0,0.0
349,1782772007749,0.3225000000000001,0.1930448200071133,0.0,0.0,6.522500000000016,0.29500000000000015,0.0,0.0,0.0
349,1782772007751,0.3225000000000001,0.1930448200071133,0.0,0.0,6.522500000000016,0.29500000000000015,0.0,0.0,0.0
349,1782772007756,0.3225000000000001,0.1930448200071133,0.0,0.0,6.522500000000016,0.29500000000000015,0.0,0.0,0.0
349,1782772007758,0.3225000000000001,0.1930448200071133,0.0,0.0,6.522500000000016,0.29500000000000015,0.0,0.0,0.0
349,1782772007764,0.3225000000000001,0.1930448200071133,0.0,0.0,6.522500000000016,0.29500000000000015,0.0,0.0,0.0
349,1782772007766,0.3225000000000001,0.1930448200071133,0.0,0.0,6.517500000000016,0.29500000000000015,0.0,0.0,0.0
349,1782772007775,0.3225000000000001,0.1930448200071133,0.0,0.0,6.512500000000016,0.29500000000000015,0.0,0.0,0.0
349,1782772007782,0.3225000000000001,0.1930448200071133,0.0,0.0,6.507500000000016,0.29500000000000015,0.0,0.0,0.0
349,1782772007788,0.3225000000000001,0.1930448200071133,0.0,0.0,6.502500000000016,0.29500000000000015,0.0,0.0,0.0
349,1782772008194,0.3225000000000001,0.1930448200071133,0.0,0.0,6.4975000000000165,0.29500000000000015,0.0,0.0,0.0
349,1782772008196,0.3225000000000001,0.18,0.0,0.0,6.4975000000000165,0.29500000000000015,0.0,0.0,0.0
349,1782772008198,0.3225000000000001,0.18,0.0,0.0,6.4975000000000165,0.29500000000000015,0.0,0.0,0.0
349,1782772008201,0.3225000000000001,0.18,0.0,0.0,6.4975000000000165,0.29500000000000015,0.0,0.0,0.0
349,1782772008210,0.3225000000000001,0.18,0.0,0.0,6.4975000000000165,0.29500000000000015,0.0,0.0,0.0
349,1782772008211,0.3225000000000001,0.18,0.0,0.0,6.4975000000000165,0.29500000000000015,0.0,0.0,0.0
349,1782772008213,0.3225000000000001,0.18,0.0,0.0,6.4975000000000165,0.29500000000000015,0.0,0.0,0.0
349,1782772008215,0.3225000000000001,0.18,0.0,0.0,6.4975000000000165,0.29500000000000015,0.0,0.0,0.0
349,1782772008216,0.3225000000000001,0.18,0.0,0.0,6.4975000000000165,0.29500000000000015,0.0,0.0,0.0
349,1782772008217,0.3225000000000001,0.18,0.0,0.0,6.4975000000000165,0.29500000000000015,0.0,0.0,0.0
349,1782772008223,0.3225000000000001,0.18,0.0,0.0,6.4975000000000165,0.29500000000000015,0.0,0.0,0.0
349,1782772008237,0.3225000000000001,0.18,0.0,0.0,6.492500000000017,0.29500000000000015,0.0,0.0,0.0
349,1782772008242,0.3225000000000001,0.18,0.0,0.0,6.487500000000017,0.29500000000000015,0.0,0.0,0.0
349,1782772008253,0.3225000000000001,0.18,0.0,0.0,6.482500000000017,0.29500000000000015,0.0,0.0,0.0
349,1782772008256,0.3225000000000001,0.18,0.0,0.0,6.477500000000017,0.29500000000000015,0.0,0.0,0.0
349,1782772010102,0.3225000000000001,0.18,0.0,0.0,6.472500000000017,0.29500000000000015,0.0,0.0,0.0
349,1782772010104,0.3240000000000001,0.1815,0.0,0.0,6.474000000000017,0.29650000000000015,0.0,0.0,0.0
349,1782772010107,0.3240000000000001,0.18256266661678214,0.0,0.0,6.474000000000017,0.29650000000000015,0.0,0.0,0.0
349,1782772010111,0.3255000000000001,0.18406266661678214,0.0,0.0,6.475500000000017,0.29800000000000015,0.0,0.0,0.0
349,1782772010124,0.3255000000000001,0.1851097207734414,0.0,0.0,6.475500000000017,0.29800000000000015,0.0,0.0,0.0
349,1782772010130,0.3270000000000001,0.1866097207734414,0.0,0.0,6.477000000000017,0.29950000000000015,0.0,0.0,0.0
349,1782772010131,0.3270000000000001,0.18764111603320607,0.0,0.0,6.477000000000017,0.29950000000000015,0.0,0.0,0.0
349,1782772010134,0.3285000000000001,0.18914111603320607,0.0,0.0,6.478500000000017,0.30100000000000016,0.0,0.0,0.0
349,1782772010135,0.3285000000000001,0.19015682141274515,0.0,0.0,6.478500000000017,0.30100000000000016,0.0,0.0,0.0
349,1782772010137,0.3300000000000001,0.19165682141274515,0.0,0.0,6.480000000000017,0.30250000000000016,0.0,0.0,0.0
349,1782772010138,0.3300000000000001,0.19265682141274515,0.0,0.0,6.480000000000017,0.30250000000000016,0.0,0.0,0.0
349,1782772010140,0.33150000000000013,0.19415682141274515,0.0,0.0,6.481500000000017,0.30400000000000016,0.0,0.0,0.0
349,1782772010142,0.33150000000000013,0.19514111603320608,0.0,0.0,6.481500000000017,0.30400000000000016,0.0,0.0,0.0
349,1782772010162,0.33300000000000013,0.19664111603320608,0.0,0.0,6.483000000000017,0.30550000000000016,0.0,0.0,0.0
349,1782772010164,0.33300000000000013,0.19760972077344144,0.0,0.0,6.483000000000017,0.30550000000000016,0.0,0.0,0.0
349,1782772010167,0.33450000000000013,0.19910972077344144,0.0,0.0,6.4845000000000175,0.30700000000000016,0.0,0.0,0.0
349,1782772010169,0.33450000000000013,0.20006266661678218,0.0,0.0,6.4845000000000175,0.30700000000000016,0.0,0.0,0.0
349,1782772010171,0.33600000000000013,0.20156266661678218,0.0,0.0,6.4860000000000175,0.30850000000000016,0.0,0.0,0.0
349,1782772010173,0.33600000000000013,0.20250000000000004,0.0,0.0,6.4860000000000175,0.30850000000000016,0.0,0.0,0.0
349,1782772010175,0.33750000000000013,0.20400000000000004,0.0,0.0,6.487500000000018,0.31000000000000016,0.0,0.0,0.0
349,1782772010176,0.33750000000000013,0.20492178276747994,0.0,0.0,6.487500000000018,0.31000000000000016,0.0,0.0,0.0
349,1782772010182,0.33750000000000013,0.20492178276747994,0.0,0.0,6.487500000000018,0.2600000000000002,0.0,0.0,0.0
349,1782772010185,0.33750000000000013,0.20492178276747994,0.0,0.0,6.487500000000018,0.2100000000000002,0.0,0.0,0.0
349,1782772010186,0.33750000000000013,0.20492178276747994,0.0,0.0,6.487500000000018,0.23000000000000018,0.0,0.0,0.0
349,1782772010195,0.33750000000000013,0.20492178276747994,0.0,0.0,6.487500000000018,0.25000000000000017,0.0,0.0,0.0
349,1782772010204,0.33750000000000013,0.20492178276747994,0.0,0.0,6.487500000000018,0.20000000000000018,0.0,0.0,0.0
349,1782772010207,0.33750000000000013,0.20492178276747994,0.0,0.0,6.487500000000018,0.22000000000000017,0.0,0.0,0.0
349,1782772010209,0.33750000000000013,0.20492178276747994,0.0,0.0,6.487500000000018,0.24000000000000016,0.0,0.0,0.0
349,1782772010212,0.33750000000000013,0.20492178276747994,0.0,0.0,6.487500000000018,0.24000000000000016,0.0,0.0,0.0
349,1782772010222,0.33750000000000013,0.20492178276747994,0.0,0.0,6.487500000000018,0.24000000000000016,0.0,0.0,0.0
349,1782772010223,0.33750000000000013,0.20492178276747994,0.0,0.0,6.487500000000018,0.24000000000000016,0.0,0.0,0.0
349,1782772010249,0.33750000000000013,0.20492178276747994,0.0,0.0,6.487500000000018,0.24000000000000016,0.0,0.0,0.0
349,1782772010251,0.33750000000000013,0.20492178276747994,0.0,0.0,6.487500000000018,0.24000000000000016,0.0,0.0,0.0
349,1782772010252,0.33750000000000013,0.20492178276747994,0.0,0.0,6.487500000000018,0.24000000000000016,0.0,0.0,0.0
349,1782772010254,0.33750000000000013,0.20492178276747994,0.0,0.0,6.487500000000018,0.24000000000000016,0.0,0.0,0.0
349,1782772010256,0.33750000000000013,0.20492178276747994,0.0,0.0,6.487500000000018,0.24000000000000016,0.0,0.0,0.0
349,1782772010258,0.33750000000000013,0.20492178276747994,0.0,0.0,6.487500000000018,0.24000000000000016,0.0,0.0,0.0
349,1782772010262,0.33750000000000013,0.20492178276747994,0.0,0.0,6.487500000000018,0.24000000000000016,0.0,0.0,0.0
349,1782772010265,0.33750000000000013,0.20492178276747994,0.0,0.0,6.482500000000018,0.24000000000000016,0.0,0.0,0.0
349,1782772010268,0.33750000000000013,0.20492178276747994,0.0,0.0,6.477500000000018,0.24000000000000016,0.0,0.0,0.0
349,1782772010273,0.33750000000000013,0.20492178276747994,0.0,0.0,6.472500000000018,0.24000000000000016,0.0,0.0,0.0
349,1782772010277,0.33750000000000013,0.20492178276747994,0.0,0.0,6.467500000000018,0.24000000000000016,0.0,0.0,0.0
349,1782772010359,0.33750000000000013,0.20492178276747994,0.0,0.0,6.462500000000018,0.24000000000000016,0.0,0.0,0.0
349,1782772010369,0.33750000000000013,0.20492178276747994,0.0,0.0,6.457500000000018,0.24000000000000016,0.0,0.0,0.0
349,1782772010373,0.33750000000000013,0.20492178276747994,0.0,0.0,6.452500000000018,0.24000000000000016,0.0,0.0,0.0
349,1782772010376,0.33750000000000013,0.20492178276747994,0.0,0.0,6.447500000000018,0.24000000000000016,0.0,0.0,0.0
349,1782772010391,0.33750000000000013,0.20492178276747994,0.0,0.0,6.4425000000000185,0.24000000000000016,0.0,0.0,0.0
349,1782772012057,0.33750000000000013,0.20492178276747994,0.0,0.0,6.437500000000019,0.24000000000000016,0.0,0.0,0.0
349,1782772012058,0.33900000000000013,0.20642178276747994,0.0,0.0,6.439000000000019,0.24150000000000016,0.0,0.0,0.0
349,1782772012072,0.33900000000000013,0.20732809211018707,0.0,0.0,6.439000000000019,0.24150000000000016,0.0,0.0,0.0
349,1782772012074,0.34050000000000014,0.20882809211018707,0.0,0.0,6.440500000000019,0.24300000000000016,0.0,0.0,0.0
349,1782772012076,0.34050000000000014,0.20971902048948882,0.0,0.0,6.440500000000019,0.24300000000000016,0.0,0.0,0.0
349,1782772012080,0.34200000000000014,0.21121902048948882,0.0,0.0,6.442000000000019,0.24450000000000016,0.0,0.0,0.0
349,1782772012081,0.34200000000000014,0.21209467554590639,0.0,0.0,6.442000000000019,0.24450000000000016,0.0,0.0,0.0
349,1782772012083,0.34350000000000014,0.2135946755459064,0.0,0.0,6.443500000000019,0.24600000000000016,0.0,0.0,0.0
349,1782772012085,0.34350000000000014,0.21445517999288677,0.0,0.0,6.443500000000019,0.24600000000000016,0.0,0.0,0.0
349,1782772012087,0.34500000000000014,0.21595517999288677,0.0,0.0,6.445000000000019,0.24750000000000016,0.0,0.0,0.0
349,1782772012100,0.34500000000000014,0.2168006714956993,0.0,0.0,6.445000000000019,0.24750000000000016,0.0,0.0,0.0
349,1782772012102,0.34500000000000014,0.2168006714956993,0.0,0.0,6.445000000000019,0.2675000000000002,0.0,0.0,0.0
349,1782772012116,0.34500000000000014,0.2168006714956993,0.0,0.0,6.445000000000019,0.2875000000000002,0.0,0.0,0.0
349,1782772012118,0.34500000000000014,0.18,0.0,0.0,6.445000000000019,0.2875000000000002,0.0,0.0,0.0
349,1782772012120,0.34500000000000014,0.18,0.0,0.0,6.445000000000019,0.2875000000000002,0.0,0.0,0.0
349,1782772012124,0.34500000000000014,0.18,0.0,0.0,6.445000000000019,0.2875000000000002,0.0,0.0,0.0
349,1782772012125,0.34500000000000014,0.18,0.0,0.0,6.445000000000019,0.2875000000000002,0.0,0.0,0.0
349,1782772012130,0.34500000000000014,0.18,0.0,0.0,6.445000000000019,0.2875000000000002,0.0,0.0,0.0
349,1782772012132,0.34500000000000014,0.18,0.0,0.0,6.445000000000019,0.2875000000000002,0.0,0.0,0.0
349,1782772012144,0.34500000000000014,0.18,0.0,0.0,6.445000000000019,0.2875000000000002,0.0,0.0,0.0
349,1782772012145,0.34500000000000014,0.18,0.0,0.0,6.445000000000019,0.2875000000000002,0.0,0.0,0.0
349,1782772012148,0.34500000000000014,0.18,0.0,0.0,6.445000000000019,0.2875000000000002,0.0,0.0,0.0
349,1782772012156,0.34500000000000014,0.18,0.0,0.0,6.445000000000019,0.2875000000000002,0.0,0.0,0.0
349,1782772012158,0.34500000000000014,0.18,0.0,0.0,6.445000000000019,0.2875000000000002,0.0,0.0,0.0
349,1782772012160,0.34500000000000014,0.18,0.0,0.0,6.445000000000019,0.2875000000000002,0.0,0.0,0.0
349,1782772012162,0.34500000000000014,0.18,0.0,0.0,6.445000000000019,0.2875000000000002,0.0,0.0,0.0
349,1782772012163,0.34500000000000014,0.18,0.0,0.0,6.445000000000019,0.2875000000000002,0.0,0.0,0.0
349,1782772012166,0.34500000000000014,0.18,0.0,0.0,6.445000000000019,0.2875000000000002,0.0,0.0,0.0
349,1782772012168,0.34500000000000014,0.18,0.0,0.0,6.445000000000019,0.2875000000000002,0.0,0.0,0.0
349,1782772012171,0.34500000000000014,0.18,0.0,0.0,6.445000000000019,0.2875000000000002,0.0,0.0,0.0
349,1782772012201,0.34500000000000014,0.18,0.0,0.0,6.440000000000019,0.2875000000000002,0.0,0.0,0.0
349,1782772012221,0.34500000000000014,0.18,0.0,0.0,6.435000000000019,0.2875000000000002,0.0,0.0,0.0
349,1782772012224,0.34500000000000014,0.18,0.0,0.0,6.430000000000019,0.2875000000000002,0.0,0.0,0.0
349,1782772012229,0.34500000000000014,0.18,0.0,0.0,6.425000000000019,0.2875000000000002,0.0,0.0,0.0
349,1782772012441,0.34500000000000014,0.18,0.0,0.0,6.4200000000000195,0.2875000000000002,0.0,0.0,0.0
349,1782772012445,0.34500000000000014,0.18,0.0,0.0,6.41500000000002,0.2875000000000002,0.0,0.0,0.0
349,1782772012448,0.34500000000000014,0.18,0.0,0.0,6.41000000000002,0.2875000000000002,0.0,0.0,0.0
349,1782772012450,0.34500000000000014,0.18,0.0,0.0,6.40500000000002,0.2875000000000002,0.0,0.0,0.0
349,1782772012456,0.34500000000000014,0.18,0.0,0.0,6.40000000000002,0.2875000000000002,0.0,0.0,0.0
349,1782772012614,0.34500000000000014,0.18,0.0,0.0,6.39500000000002,0.2875000000000002,0.0,0.0,0.0
349,1782772012631,0.34500000000000014,0.18,0.0,0.0,6.39000000000002,0.2875000000000002,0.0,0.0,0.0
349,1782772012640,0.34500000000000014,0.18,0.0,0.0,6.38500000000002,0.2875000000000002,0.0,0.0,0.0
349,1782772012647,0.34500000000000014,0.18,0.0,0.0,6.38000000000002,0.2875000000000002,0.0,0.0,0.0
349,1782772012656,0.34500000000000014,0.18,0.0,0.0,6.37500000000002,0.2875000000000002,0.0,0.0,0.0
349,1782772013459,0.34500000000000014,0.18,0.0,0.0,6.3700000000000205,0.2875000000000002,0.0,0.0,0.0
349,1782772013464,0.34650000000000014,0.1815,0.0,0.0,6.371500000000021,0.2890000000000002,0.0,0.0,0.0
349,1782772013472,0.34650000000000014,0.18233063103987734,0.0,0.0,6.371500000000021,0.2890000000000002,0.0,0.0,0.0
349,1782772013475,0.34800000000000014,0.18383063103987735,0.0,0.0,6.373000000000021,0.2905000000000002,0.0,0.0,0.0
349,1782772013477,0.34800000000000014,0.184646568763535,0.0,0.0,6.373000000000021,0.2905000000000002,0.0,0.0,0.0
349,1782772013485,0.34950000000000014,0.186146568763535,0.0,0.0,6.374500000000021,0.2920000000000002,0.0,0.0,0.0
349,1782772013486,0.34950000000000014,0.1869479948182176,0.0,0.0,6.374500000000021,0.2920000000000002,0.0,0.0,0.0
349,1782772013488,0.35100000000000015,0.1884479948182176,0.0,0.0,6.376000000000021,0.2935000000000002,0.0,0.0,0.0
349,1782772013492,0.35100000000000015,0.18923510517243508,0.0,0.0,6.376000000000021,0.2935000000000002,0.0,0.0,0.0
349,1782772013494,0.35250000000000015,0.19073510517243508,0.0,0.0,6.377500000000021,0.2950000000000002,0.0,0.0,0.0
349,1782772013496,0.35250000000000015,0.1915081099225653,0.0,0.0,6.377500000000021,0.2950000000000002,0.0,0.0,0.0
349,1782772013498,0.35250000000000015,0.1915081099225653,0.0,0.0,6.377500000000021,0.2950000000000002,0.0,0.0,0.0
349,1782772013500,0.35250000000000015,0.1915081099225653,0.0,0.0,6.377500000000021,0.2950000000000002,0.0,0.0,0.0
349,1782772013501,0.35250000000000015,0.1915081099225653,0.0,0.0,6.377500000000021,0.2950000000000002,0.0,0.0,0.0
349,1782772013503,0.35250000000000015,0.1915081099225653,0.0,0.0,6.377500000000021,0.2950000000000002,0.0,0.0,0.0
349,1782772013504,0.35250000000000015,0.1915081099225653,0.0,0.0,6.377500000000021,0.2950000000000002,0.0,0.0,0.0
349,1782772013506,0.35250000000000015,0.1915081099225653,0.0,0.0,6.377500000000021,0.2950000000000002,0.0,0.0,0.0
349,1782772013508,0.35250000000000015,0.1915081099225653,0.0,0.0,6.377500000000021,0.2950000000000002,0.0,0.0,0.0
349,1782772013514,0.35250000000000015,0.1915081099225653,0.0,0.0,6.377500000000021,0.2950000000000002,0.0,0.0,0.0
349,1782772013516,0.35250000000000015,0.1915081099225653,0.0,0.0,6.377500000000021,0.2950000000000002,0.0,0.0,0.0
349,1782772013517,0.35250000000000015,0.1915081099225653,0.0,0.0,6.377500000000021,0.2950000000000002,0.0,0.0,0.0
349,1782772013519,0.35250000000000015,0.1915081099225653,0.0,0.0,6.377500000000021,0.2950000000000002,0.0,0.0,0.0
349,1782772013524,0.35250000000000015,0.1915081099225653,0.0,0.0,6.377500000000021,0.2950000000000002,0.0,0.0,0.0
349,1782772013526,0.35250000000000015,0.1915081099225653,0.0,0.0,6.377500000000021,0.2950000000000002,0.0,0.0,0.0
349,1782772013528,0.35250000000000015,0.1915081099225653,0.0,0.0,6.377500000000021,0.2950000000000002,0.0,0.0,0.0
349,1782772013529,0.35250000000000015,0.1915081099225653,0.0,0.0,6.377500000000021,0.2950000000000002,0.0,0.0,0.0
349,1782772013531,0.35250000000000015,0.1915081099225653,0.0,0.0,6.377500000000021,0.2950000000000002,0.0,0.0,0.0
349,1782772013536,0.35250000000000015,0.1915081099225653,0.0,0.0,6.377500000000021,0.2950000000000002,0.0,0.0,0.0
349,1782772013538,0.35250000000000015,0.1915081099225653,0.0,0.0,6.377500000000021,0.2950000000000002,0.0,0.0,0.0
349,1782772013540,0.35250000000000015,0.1915081099225653,0.0,0.0,6.377500000000021,0.2950000000000002,0.0,0.0,0.0
349,1782772013545,0.35250000000000015,0.1915081099225653,0.0,0.0,6.377500000000021,0.2950000000000002,0.0,0.0,0.0
349,1782772013547,0.35250000000000015,0.1915081099225653,0.0,0.0,6.377500000000021,0.2950000000000002,0.0,0.0,0.0
349,1782772013549,0.35250000000000015,0.1915081099225653,0.0,0.0,6.377500000000021,0.2950000000000002,0.0,0.0,0.0
349,1782772013553,0.35250000000000015,0.1915081099225653,0.0,0.0,6.377500000000021,0.2950000000000002,0.0,0.0,0.0
349,1782772013559,0.35250000000000015,0.1915081099225653,0.0,0.0,6.377500000000021,0.2950000000000002,0.0,0.0,0.0
349,1782772013561,0.35250000000000015,0.1915081099225653,0.0,0.0,6.377500000000021,0.2950000000000002,0.0,0.0,0.0
349,1782772013562,0.35400000000000015,0.1930081099225653,0.0,0.0,6.379000000000021,0.2965000000000002,0.0,0.0,0.0
349,1782772013570,0.35400000000000015,0.19376723308551447,0.0,0.0,6.379000000000021,0.2965000000000002,0.0,0.0,0.0
349,1782772013572,0.35550000000000015,0.19526723308551447,0.0,0.0,6.380500000000021,0.2980000000000002,0.0,0.0,0.0
349,1782772013581,0.35550000000000015,0.1960127123776393,0.0,0.0,6.380500000000021,0.2980000000000002,0.0,0.0,0.0
349,1782772013582,0.35700000000000015,0.1975127123776393,0.0,0.0,6.382000000000021,0.2995000000000002,0.0,0.0,0.0
349,1782772013584,0.35700000000000015,0.1982447989801498,0.0,0.0,6.382000000000021,0.2995000000000002,0.0,0.0,0.0
349,1782772013588,0.35850000000000015,0.1997447989801498,0.0,0.0,6.383500000000021,0.3010000000000002,0.0,0.0,0.0
349,1782772013590,0.35850000000000015,0.20046375729122373,0.0,0.0,6.383500000000021,0.3010000000000002,0.0,0.0,0.0
349,1782772013591,0.36000000000000015,0.20196375729122373,0.0,0.0,6.385000000000021,0.3025000000000002,0.0,0.0,0.0
349,1782772013593,0.36000000000000015,0.2026698646650775,0.0,0.0,6.385000000000021,0.3025000000000002,0.0,0.0,0.0
349,1782772013596,0.36000000000000015,0.2026698646650775,0.0,0.0,6.385000000000021,0.32250000000000023,0.0,0.0,0.0
349,1782772013600,0.36000000000000015,0.2026698646650775,0.0,0.0,6.385000000000021,0.34250000000000025,0.0,0.0,0.0
349,1782772013601,0.36000000000000015,0.2026698646650775,0.0,0.0,6.385000000000021,0.29250000000000026,0.0,0.0,0.0
349,1782772013604,0.36000000000000015,0.2026698646650775,0.0,0.0,6.380000000000021,0.29250000000000026,0.0,0.0,0.0
349,1782772013608,0.36000000000000015,0.2026698646650775,0.0,0.0,6.380000000000021,0.3125000000000003,0.0,0.0,0.0
349,1782772013610,0.36000000000000015,0.2026698646650775,0.0,0.0,6.380000000000021,0.3325000000000003,0.0,0.0,0.0
349,1782772013611,0.36000000000000015,0.2026698646650775,0.0,0.0,6.380000000000021,0.3525000000000003,0.0,0.0,0.0
349,1782772013624,0.36000000000000015,0.2026698646650775,0.0,0.0,6.375000000000021,0.3525000000000003,0.0,0.0,0.0
349,1782772013645,0.36000000000000015,0.2026698646650775,0.0,0.0,6.375000000000021,0.37250000000000033,0.0,0.0,0.0
349,1782772013646,0.36000000000000015,0.2026698646650775,0.0,0.0,6.375000000000021,0.39250000000000035,0.0,0.0,0.0
349,1782772013648,0.36000000000000015,0.2026698646650775,0.0,0.0,6.370000000000021,0.39250000000000035,0.0,0.0,0.0
349,1782772013653,0.36000000000000015,0.2026698646650775,0.0,0.0,6.3650000000000215,0.39250000000000035,0.0,0.0,0.0
349,1782772014659,0.36000000000000015,0.2026698646650775,0.0,0.0,6.360000000000022,0.39250000000000035,0.0,0.0,0.0
349,1782772014666,0.36000000000000015,0.2026698646650775,0.0,0.0,6.355000000000022,0.39250000000000035,0.0,0.0,0.0
349,1782772014670,0.36000000000000015,0.2026698646650775,0.0,0.0,6.350000000000022,0.39250000000000035,0.0,0.0,0.0
349,1782772014673,0.36000000000000015,0.2026698646650775,0.0,0.0,6.345000000000022,0.39250000000000035,0.0,0.0,0.0
349,1782772014696,0.36000000000000015,0.2026698646650775,0.0,0.0,6.340000000000022,0.39250000000000035,0.0,0.0,0.0
349,1782772016695,0.36000000000000015,0.2026698646650775,0.0,0.0,6.335000000000022,0.39250000000000035,0.0,0.0,0.0
349,1782772016696,0.36150000000000015,0.2041698646650775,0.0,0.0,6.336500000000022,0.39400000000000035,0.0,0.0,0.0
349,1782772016698,0.36150000000000015,0.20486341113825102,0.0,0.0,6.336500000000022,0.39400000000000035,0.0,0.0,0.0
349,1782772016699,0.36300000000000016,0.20636341113825102,0.0,0.0,6.338000000000022,0.39550000000000035,0.0,0.0,0.0
349,1782772016701,0.36300000000000016,0.20704469914337667,0.0,0.0,6.338000000000022,0.39550000000000035,0.0,0.0,0.0
349,1782772016702,0.36450000000000016,0.20854469914337667,0.0,0.0,6.339500000000022,0.39700000000000035,0.0,0.0,0.0
349,1782772016706,0.36450000000000016,0.20921404321071485,0.0,0.0,6.339500000000022,0.39700000000000035,0.0,0.0,0.0
349,1782772016708,0.36600000000000016,0.21071404321071485,0.0,0.0,6.341000000000022,0.39850000000000035,0.0,0.0,0.0
349,1782772016710,0.36600000000000016,0.2113717696577505,0.0,0.0,6.341000000000022,0.39850000000000035,0.0,0.0,0.0
349,1782772016712,0.36750000000000016,0.2128717696577505,0.0,0.0,6.3425000000000225,0.40000000000000036,0.0,0.0,0.0
349,1782772016713,0.36750000000000016,0.21351821626715725,0.0,0.0,6.3425000000000225,0.40000000000000036,0.0,0.0,0.0
349,1782772016715,0.36750000000000016,0.21351821626715725,0.0,0.0,6.642500000000022,0.40000000000000036,0.0,0.0,0.0
349,1782772016722,0.36750000000000016,0.21351821626715725,0.0,0.0,6.942500000000022,0.40000000000000036,0.0,0.0,0.0
349,1782772016723,0.36750000000000016,0.18,0.0,0.0,6.942500000000022,0.40000000000000036,0.0,0.0,0.0
349,1782772016730,0.36750000000000016,0.18,0.0,0.0,7.0,0.40000000000000036,0.0,0.0,0.0
349,1782772016732,0.36750000000000016,0.18,0.0,0.0,7.0,0.40000000000000036,0.0,0.0,0.0
349,1782772016734,0.36750000000000016,0.18,0.0,0.0,7.0,0.40000000000000036,0.0,0.0,0.0
349,1782772016745,0.36750000000000016,0.18,0.0,0.0,7.0,0.40000000000000036,0.0,0.0,0.0
349,1782772016747,0.36900000000000016,0.1815,0.0,0.0,7.0,0.40150000000000036,0.0,0.0,0.0
349,1782772016754,0.36900000000000016,0.1821355156862893,0.0,0.0,7.0,0.40150000000000036,0.0,0.0,0.0
349,1782772016756,0.37050000000000016,0.1836355156862893,0.0,0.0,7.0,0.40300000000000036,0.0,0.0,0.0
349,1782772016757,0.37050000000000016,0.18426046015147407,0.0,0.0,7.0,0.40300000000000036,0.0,0.0,0.0
349,1782772016761,0.37200000000000016,0.18576046015147407,0.0,0.0,7.0,0.40450000000000036,0.0,0.0,0.0
349,1782772016766,0.37200000000000016,0.1863752035300862,0.0,0.0,7.0,0.40450000000000036,0.0,0.0,0.0
349,1782772016769,0.37350000000000017,0.1878752035300862,0.0,0.0,7.0,0.40600000000000036,0.0,0.0,0.0
349,1782772016771,0.37350000000000017,0.18848012602389835,0.0,0.0,7.0,0.40600000000000036,0.0,0.0,0.0
349,1782772016775,0.37500000000000017,0.18998012602389835,0.0,0.0,7.0,0.40750000000000036,0.0,0.0,0.0
349,1782772016777,0.37500000000000017,0.19057561752671087,0.0,0.0,7.0,0.40750000000000036,0.0,0.0,0.0
349,1782772016779,0.37500000000000017,0.19057561752671087,0.0,0.0,7.0,0.4275000000000004,0.0,0.0,0.0
349,1782772016780,0.37500000000000017,0.19057561752671087,0.0,0.0,7.0,0.4475000000000004,0.0,0.0,0.0
349,1782772016782,0.37500000000000017,0.19057561752671087,0.0,0.0,7.0,0.4675000000000004,0.0,0.0,0.0
349,1782772016784,0.37500000000000017,0.19057561752671087,0.0,0.0,7.0,0.4175000000000004,0.0,0.0,0.0
349,1782772016788,0.37500000000000017,0.19057561752671087,0.0,0.0,7.0,0.36750000000000044,0.0,0.0,0.0
349,1782772016798,0.37500000000000017,0.19057561752671087,0.0,0.0,6.995,0.36750000000000044,0.0,0.0,0.0
349,1782772016800,0.37500000000000017,0.19057561752671087,0.0,0.0,6.99,0.36750000000000044,0.0,0.0,0.0
349,1782772016807,0.37500000000000017,0.19057561752671087,0.0,0.0,6.985,0.36750000000000044,0.0,0.0,0.0
349,1782772016816,0.37500000000000017,0.19057561752671087,0.0,0.0,6.98,0.36750000000000044,0.0,0.0,0.0
349,1782772018356,0.37500000000000017,0.19057561752671087,0.0,0.0,6.9750000000000005,0.36750000000000044,0.0,0.0,0.0
349,1782772018357,0.37650000000000017,0.19207561752671087,0.0,0.0,6.976500000000001,0.36900000000000044,0.0,0.0,0.0
349,1782772018360,0.37650000000000017,0.1926620772395736,0.0,0.0,6.976500000000001,0.36900000000000044,0.0,0.0,0.0
349,1782772018362,0.37800000000000017,0.1941620772395736,0.0,0.0,6.978000000000001,0.37050000000000044,0.0,0.0,0.0
349,1782772018364,0.37800000000000017,0.1947399132768226,0.0,0.0,6.978000000000001,0.37050000000000044,0.0,0.0,0.0
349,1782772018376,0.37950000000000017,0.1962399132768226,0.0,0.0,6.979500000000001,0.37200000000000044,0.0,0.0,0.0
349,1782772018378,0.37950000000000017,0.19680954226332065,0.0,0.0,6.979500000000001,0.37200000000000044,0.0,0.0,0.0
349,1782772018382,0.38100000000000017,0.19830954226332065,0.0,0.0,6.981000000000001,0.37350000000000044,0.0,0.0,0.0
349,1782772018384,0.38100000000000017,0.19887138892329873,0.0,0.0,6.981000000000001,0.37350000000000044,0.0,0.0,0.0
349,1782772018398,0.3825000000000002,0.20037138892329873,0.0,0.0,6.982500000000001,0.37500000000000044,0.0,0.0,0.0
349,1782772018407,0.3825000000000002,0.20092588566120453,0.0,0.0,6.982500000000001,0.37500000000000044,0.0,0.0,0.0
349,1782772018409,0.3840000000000002,0.20242588566120454,0.0,0.0,6.984000000000001,0.37650000000000045,0.0,0.0,0.0
349,1782772018412,0.3840000000000002,0.20297347213497152,0.0,0.0,6.984000000000001,0.37650000000000045,0.0,0.0,0.0
349,1782772018418,0.3855000000000002,0.20447347213497152,0.0,0.0,6.985500000000001,0.37800000000000045,0.0,0.0,0.0
349,1782772018424,0.3855000000000002,0.20501459482212953,0.0,0.0,6.985500000000001,0.37800000000000045,0.0,0.0,0.0
349,1782772018429,0.3870000000000002,0.20651459482212953,0.0,0.0,6.987000000000001,0.37950000000000045,0.0,0.0,0.0
349,1782772018431,0.3870000000000002,0.2070497065791854,0.0,0.0,6.987000000000001,0.37950000000000045,0.0,0.0,0.0
349,1782772018433,0.3885000000000002,0.2085497065791854,0.0,0.0,6.988500000000001,0.38100000000000045,0.0,0.0,0.0
349,1782772018435,0.3885000000000002,0.2090792661947083,0.0,0.0,6.988500000000001,0.38100000000000045,0.0,0.0,0.0
349,1782772018437,0.3900000000000002,0.2105792661947083,0.0,0.0,6.990000000000001,0.38250000000000045,0.0,0.0,0.0
349,1782772018439,0.3900000000000002,0.2111037379365607,0.0,0.0,6.990000000000001,0.38250000000000045,0.0,0.0,0.0
349,1782772018443,0.3915000000000002,0.2126037379365607,0.0,0.0,6.991500000000001,0.38400000000000045,0.0,0.0,0.0
349,1782772018444,0.3915000000000002,0.21312359109372223,0.0,0.0,6.991500000000001,0.38400000000000045,0.0,0.0,0.0
349,1782772018448,0.3930000000000002,0.21462359109372223,0.0,0.0,6.993000000000001,0.38550000000000045,0.0,0.0,0.0
349,1782772018450,0.3930000000000002,0.2151392995131579,0.0,0.0,6.993000000000001,0.38550000000000045,0.0,0.0,0.0
349,1782772018456,0.3945000000000002,0.2166392995131579,0.0,0.0,6.994500000000001,0.38700000000000045,0.0,0.0,0.0
349,1782772018471,0.3945000000000002,0.21715134113218854,0.0,0.0,6.994500000000001,0.38700000000000045,0.0,0.0,0.0
349,1782772018472,0.3960000000000002,0.21865134113218854,0.0,0.0,6.996000000000001,0.38850000000000046,0.0,0.0,0.0
349,1782772018474,0.3960000000000002,0.2191601975068242,0.0,0.0,6.996000000000001,0.38850000000000046,0.0,0.0,0.0
349,1782772018475,0.3975000000000002,0.2206601975068242,0.0,0.0,6.997500000000001,0.39000000000000046,0.0,0.0,0.0
349,1782772018477,0.3975000000000002,0.22116635333652662,0.0,0.0,6.997500000000001,0.39000000000000046,0.0,0.0,0.0
349,1782772018481,0.3975000000000002,0.22116635333652662,0.0,0.0,6.9925000000000015,0.39000000000000046,0.0,0.0,0.0
349,1782772018508,0.3975000000000002,0.22116635333652662,0.0,0.0,6.987500000000002,0.39000000000000046,0.0,0.0,0.0
349,1782772018509,0.3975000000000002,0.18,0.0,0.0,6.987500000000002,0.39000000000000046,0.0,0.0,0.0
349,1782772018514,0.3975000000000002,0.18,0.0,0.0,6.987500000000002,0.39000000000000046,0.0,0.0,0.0
349,1782772018526,0.3975000000000002,0.18,0.0,0.0,6.987500000000002,0.39000000000000046,0.0,0.0,0.0
349,1782772018528,0.3975000000000002,0.18,0.0,0.0,6.982500000000002,0.39000000000000046,0.0,0.0,0.0
349,1782772018536,0.3975000000000002,0.18,0.0,0.0,6.977500000000002,0.39000000000000046,0.0,0.0,0.0
349,1782772020503,0.3975000000000002,0.18,0.0,0.0,6.977500000000002,0.39000000000000046,0.0,0.0,0.0
349,1782772020508,0.3975000000000002,0.18,0.0,0.0,6.977500000000002,0.39000000000000046,0.0,0.0,0.0
349,1782772020510,0.3975000000000002,0.18,0.0,0.0,6.977500000000002,0.39000000000000046,0.0,0.0,0.0
349,1782772020512,0.3975000000000002,0.18,0.0,0.0,6.972500000000002,0.39000000000000046,0.0,0.0,0.0
349,1782772020520,0.3975000000000002,0.18,0.0,0.0,6.972500000000002,0.39000000000000046,0.0,0.0,0.0
349,1782772020524,0.3975000000000002,0.18,0.0,0.0,6.972500000000002,0.39000000000000046,0.0,0.0,0.0
349,1782772020526,0.3975000000000002,0.18,0.0,0.0,6.972500000000002,0.39000000000000046,0.0,0.0,0.0
349,1782772020527,0.3975000000000002,0.18,0.0,0.0,6.972500000000002,0.4100000000000005,0.0,0.0,0.0
349,1782772020529,0.3975000000000002,0.18,0.0,0.0,6.972500000000002,0.4300000000000005,0.0,0.0,0.0
349,1782772020537,0.3975000000000002,0.18,0.0,0.0,6.972500000000002,0.4500000000000005,0.0,0.0,0.0
349,1782772020540,0.3975000000000002,0.18,0.0,0.0,6.972500000000002,0.47000000000000053,0.0,0.0,0.0
349,1782772020543,0.3975000000000002,0.18,0.0,0.0,6.972500000000002,0.49000000000000055,0.0,0.0,0.0
349,1782772020544,0.3975000000000002,0.18,0.0,0.0,6.972500000000002,0.5100000000000006,0.0,0.0,0.0
349,1782772020549,0.3975000000000002,0.18,0.0,0.0,6.972500000000002,0.5300000000000006,0.0,0.0,0.0
349,1782772020554,0.3975000000000002,0.18,0.0,0.0,6.972500000000002,0.4800000000000006,0.0,0.0,0.0
349,1782772020556,0.3975000000000002,0.18,0.0,0.0,6.972500000000002,0.4300000000000006,0.0,0.0,0.0
349,1782772020559,0.3975000000000002,0.18,0.0,0.0,6.972500000000002,0.3800000000000006,0.0,0.0,0.0
349,1782772020561,0.3975000000000002,0.18,0.0,0.0,6.972500000000002,0.3800000000000006,0.0,0.0,0.0
349,1782772020568,0.3975000000000002,0.18,0.0,0.0,6.972500000000002,0.3800000000000006,0.0,0.0,0.0
349,1782772020570,0.3975000000000002,0.18,0.0,0.0,6.972500000000002,0.3800000000000006,0.0,0.0,0.0
349,1782772020580,0.3975000000000002,0.18,0.0,0.0,6.972500000000002,0.3800000000000006,0.0,0.0,0.0
349,1782772020582,0.3975000000000002,0.18,0.0,0.0,6.972500000000002,0.3800000000000006,0.0,0.0,0.0
349,1782772020584,0.3975000000000002,0.18,0.0,0.0,6.972500000000002,0.3800000000000006,0.0,0.0,0.0
349,1782772020585,0.3975000000000002,0.18,0.0,0.0,6.972500000000002,0.3800000000000006,0.0,0.0,0.0
349,1782772020588,0.3975000000000002,0.18,0.0,0.0,6.972500000000002,0.3800000000000006,0.0,0.0,0.0
349,1782772020590,0.3975000000000002,0.18,0.0,0.0,6.972500000000002,0.3800000000000006,0.0,0.0,0.0
349,1782772020592,0.3975000000000002,0.18,0.0,0.0,6.972500000000002,0.3800000000000006,0.0,0.0,0.0
349,1782772020594,0.3975000000000002,0.18,0.0,0.0,6.972500000000002,0.3800000000000006,0.0,0.0,0.0
349,1782772020598,0.3975000000000002,0.18,0.0,0.0,6.972500000000002,0.3800000000000006,0.0,0.0,0.0
349,1782772020600,0.3975000000000002,0.18,0.0,0.0,6.972500000000002,0.3800000000000006,0.0,0.0,0.0
349,1782772020605,0.3975000000000002,0.18,0.0,0.0,6.972500000000002,0.3800000000000006,0.0,0.0,0.0
349,1782772020607,0.3990000000000002,0.1815,0.0,0.0,6.974000000000002,0.3815000000000006,0.0,0.0,0.0
349,1782772020611,0.3990000000000002,0.18200394264934275,0.0,0.0,6.974000000000002,0.3815000000000006,0.0,0.0,0.0
349,1782772020613,0.4005000000000002,0.18350394264934275,0.0,0.0,6.975500000000002,0.3830000000000006,0.0,0.0,0.0
349,1782772020614,0.4005000000000002,0.1840061616670412,0.0,0.0,6.975500000000002,0.3830000000000006,0.0,0.0,0.0
349,1782772020616,0.4020000000000002,0.1855061616670412,0.0,0.0,6.977000000000002,0.3845000000000006,0.0,0.0,0.0
349,1782772020618,0.4020000000000002,0.18600714830282708,0.0,0.0,6.977000000000002,0.3845000000000006,0.0,0.0,0.0
349,1782772020620,0.4035000000000002,0.18750714830282708,0.0,0.0,6.978500000000002,0.3860000000000006,0.0,0.0,0.0
349,1782772020635,0.4035000000000002,0.1880073950226442,0.0,0.0,6.978500000000002,0.3860000000000006,0.0,0.0,0.0
349,1782772020637,0.4050000000000002,0.18950739502264421,0.0,0.0,6.980000000000002,0.3875000000000006,0.0,0.0,0.0
349,1782772020641,0.4050000000000002,0.19000739502264422,0.0,0.0,6.980000000000002,0.3875000000000006,0.0,0.0,0.0
349,1782772020643,0.4065000000000002,0.19150739502264422,0.0,0.0,6.981500000000002,0.3890000000000006,0.0,0.0,0.0
349,1782772020648,0.4065000000000002,0.19200764174246135,0.0,0.0,6.981500000000002,0.3890000000000006,0.0,0.0,0.0
349,1782772020656,0.4080000000000002,0.19350764174246135,0.0,0.0,6.983000000000002,0.3905000000000006,0.0,0.0,0.0
349,1782772020660,0.4080000000000002,0.19400862837824723,0.0,0.0,6.983000000000002,0.3905000000000006,0.0,0.0,0.0
349,1782772020668,0.4095000000000002,0.19550862837824723,0.0,0.0,6.984500000000002,0.3920000000000006,0.0,0.0,0.0
349,1782772020677,0.4095000000000002,0.19601084739594568,0.0,0.0,6.984500000000002,0.3920000000000006,0.0,0.0,0.0
349,1782772020679,0.4110000000000002,0.19751084739594568,0.0,0.0,6.986000000000002,0.3935000000000006,0.0,0.0,0.0
349,1782772020683,0.4110000000000002,0.19801479004528844,0.0,0.0,6.986000000000002,0.3935000000000006,0.0,0.0,0.0
349,1782772020685,0.4125000000000002,0.19951479004528844,0.0,0.0,6.9875000000000025,0.39500000000000063,0.0,0.0,0.0
349,1782772020687,0.4125000000000002,0.20002094587499086,0.0,0.0,6.9875000000000025,0.39500000000000063,0.0,0.0,0.0
349,1782772020689,0.4140000000000002,0.20152094587499086,0.0,0.0,6.9890000000000025,0.39650000000000063,0.0,0.0,0.0
349,1782772020690,0.4140000000000002,0.20202980224962652,0.0,0.0,6.9890000000000025,0.39650000000000063,0.0,0.0,0.0
349,1782772020692,0.4155000000000002,0.20352980224962652,0.0,0.0,6.990500000000003,0.39800000000000063,0.0,0.0,0.0
349,1782772020693,0.4155000000000002,0.20404184386865715,0.0,0.0,6.990500000000003,0.39800000000000063,0.0,0.0,0.0
349,1782772020697,0.4170000000000002,0.20554184386865715,0.0,0.0,6.992000000000003,0.39950000000000063,0.0,0.0,0.0
349,1782772020699,0.4170000000000002,0.20605755228809283,0.0,0.0,6.992000000000003,0.39950000000000063,0.0,0.0,0.0
349,1782772020700,0.4185000000000002,0.20755755228809283,0.0,0.0,6.993500000000003,0.40100000000000063,0.0,0.0,0.0
349,1782772020708,0.4185000000000002,0.20807740544525435,0.0,0.0,6.993500000000003,0.40100000000000063,0.0,0.0,0.0
349,1782772020709,0.4200000000000002,0.20957740544525436,0.0,0.0,6.995000000000003,0.40250000000000064,0.0,0.0,0.0
349,1782772020711,0.4200000000000002,0.21010187718710677,0.0,0.0,6.995000000000003,0.40250000000000064,0.0,0.0,0.0
349,1782772020713,0.4215000000000002,0.21160187718710677,0.0,0.0,6.996500000000003,0.40400000000000064,0.0,0.0,0.0
349,1782772020715,0.4215000000000002,0.21213143680262966,0.0,0.0,6.996500000000003,0.40400000000000064,0.0,0.0,0.0
349,1782772020731,0.4230000000000002,0.21363143680262967,0.0,0.0,6.998000000000003,0.40550000000000064,0.0,0.0,0.0
349,1782772020733,0.4230000000000002,0.21416654855968553,0.0,0.0,6.998000000000003,0.40550000000000064,0.0,0.0,0.0
349,1782772020735,0.4245000000000002,0.21566654855968553,0.0,0.0,6.999500000000003,0.40700000000000064,0.0,0.0,0.0
349,1782772020741,0.4245000000000002,0.21620767124684354,0.0,0.0,6.999500000000003,0.40700000000000064,0.0,0.0,0.0
349,1782772020743,0.4260000000000002,0.21770767124684354,0.0,0.0,7.0,0.40850000000000064,0.0,0.0,0.0
349,1782772020744,0.4260000000000002,0.21825525772061052,0.0,0.0,7.0,0.40850000000000064,0.0,0.0,0.0
349,1782772020748,0.4275000000000002,0.21975525772061053,0.0,0.0,7.0,0.41000000000000064,0.0,0.0,0.0
349,1782772020749,0.4275000000000002,0.22030975445851633,0.0,0.0,7.0,0.41000000000000064,0.0,0.0,0.0
349,1782772020757,0.4275000000000002,0.22030975445851633,0.0,0.0,7.0,0.43000000000000066,0.0,0.0,0.0
349,1782772020758,0.4275000000000002,0.22030975445851633,0.0,0.0,7.0,0.38000000000000067,0.0,0.0,0.0
349,1782772020761,0.4275000000000002,0.22030975445851633,0.0,0.0,7.0,0.4000000000000007,0.0,0.0,0.0
349,1782772020763,0.4275000000000002,0.22030975445851633,0.0,0.0,7.0,0.3500000000000007,0.0,0.0,0.0
349,1782772020765,0.4275000000000002,0.22030975445851633,0.0,0.0,7.0,0.3700000000000007,0.0,0.0,0.0
349,1782772020768,0.4275000000000002,0.22030975445851633,0.0,0.0,7.0,0.39000000000000073,0.0,0.0,0.0
349,1782772020770,0.4275000000000002,0.22030975445851633,0.0,0.0,7.0,0.34000000000000075,0.0,0.0,0.0
349,1782772020781,0.4275000000000002,0.22030975445851633,0.0,0.0,7.0,0.36000000000000076,0.0,0.0,0.0
349,1782772020788,0.4275000000000002,0.22030975445851633,0.0,0.0,7.0,0.3800000000000008,0.0,0.0,0.0
349,1782772020794,0.4275000000000002,0.22030975445851633,0.0,0.0,7.0,0.4000000000000008,0.0,0.0,0.0
349,1782772020796,0.4275000000000002,0.22030975445851633,0.0,0.0,7.0,0.4200000000000008,0.0,0.0,0.0
349,1782772020800,0.4275000000000002,0.22030975445851633,0.0,0.0,6.995,0.4200000000000008,0.0,0.0,0.0
349,1782772020805,0.4275000000000002,0.22030975445851633,0.0,0.0,6.99,0.4200000000000008,0.0,0.0,0.0
349,1782772020808,0.4275000000000002,0.22030975445851633,0.0,0.0,6.985,0.4200000000000008,0.0,0.0,0.0
349,1782772020815,0.4275000000000002,0.22030975445851633,0.0,0.0,6.98,0.4200000000000008,0.0,0.0,0.0
349,1782772021146,0.4275000000000002,0.22030975445851633,0.0,0.0,6.9750000000000005,0.4200000000000008,0.0,0.0,0.0
349,1782772021148,0.4275000000000002,0.18,0.0,0.0,6.9750000000000005,0.4200000000000008,0.0,0.0,0.0
349,1782772021150,0.4275000000000002,0.18,0.0,0.0,6.9750000000000005,0.4200000000000008,0.0,0.0,0.0
349,1782772021152,0.4275000000000002,0.18,0.0,0.0,6.9750000000000005,0.4200000000000008,0.0,0.0,0.0
349,1782772021159,0.4275000000000002,0.18,0.0,0.0,6.9750000000000005,0.4200000000000008,0.0,0.0,0.0
349,1782772021167,0.4275000000000002,0.18,0.0,0.0,6.9750000000000005,0.4200000000000008,0.0,0.0,0.0
349,1782772021168,0.4275000000000002,0.18,0.0,0.0,6.9750000000000005,0.4200000000000008,0.0,0.0,0.0
349,1782772021172,0.4275000000000002,0.18,0.0,0.0,6.9750000000000005,0.4200000000000008,0.0,0.0,0.0
349,1782772021174,0.4275000000000002,0.18,0.0,0.0,6.9750000000000005,0.4200000000000008,0.0,0.0,0.0
349,1782772021175,0.4275000000000002,0.18,0.0,0.0,6.9750000000000005,0.4200000000000008,0.0,0.0,0.0
349,1782772021191,0.4275000000000002,0.18,0.0,0.0,6.9750000000000005,0.4200000000000008,0.0,0.0,0.0
349,1782772021193,0.4275000000000002,0.18,0.0,0.0,6.9750000000000005,0.4200000000000008,0.0,0.0,0.0
349,1782772021194,0.4275000000000002,0.18,0.0,0.0,6.9750000000000005,0.4200000000000008,0.0,0.0,0.0
349,1782772021197,0.4275000000000002,0.18,0.0,0.0,6.9750000000000005,0.4200000000000008,0.0,0.0,0.0
349,1782772021199,0.4275000000000002,0.18,0.0,0.0,6.9750000000000005,0.4200000000000008,0.0,0.0,0.0
349,1782772021203,0.4275000000000002,0.18,0.0,0.0,6.9750000000000005,0.4200000000000008,0.0,0.0,0.0
349,1782772021205,0.4275000000000002,0.18,0.0,0.0,6.9750000000000005,0.4200000000000008,0.0,0.0,0.0
349,1782772021207,0.4275000000000002,0.18,0.0,0.0,6.9750000000000005,0.4200000000000008,0.0,0.0,0.0
349,1782772021210,0.4275000000000002,0.18,0.0,0.0,6.9750000000000005,0.4200000000000008,0.0,0.0,0.0
349,1782772021211,0.4290000000000002,0.1815,0.0,0.0,6.976500000000001,0.4215000000000008,0.0,0.0,0.0
349,1782772021218,0.4290000000000002,0.18206184665997807,0.0,0.0,6.976500000000001,0.4215000000000008,0.0,0.0,0.0
349,1782772021220,0.4305000000000002,0.18356184665997807,0.0,0.0,6.978000000000001,0.4230000000000008,0.0,0.0,0.0
349,1782772021222,0.4305000000000002,0.18413147564647608,0.0,0.0,6.978000000000001,0.4230000000000008,0.0,0.0,0.0
349,1782772021224,0.4320000000000002,0.18563147564647609,0.0,0.0,6.979500000000001,0.4245000000000008,0.0,0.0,0.0
349,1782772021225,0.4320000000000002,0.18620931168372507,0.0,0.0,6.979500000000001,0.4245000000000008,0.0,0.0,0.0
349,1782772021227,0.4335000000000002,0.18770931168372507,0.0,0.0,6.981000000000001,0.4260000000000008,0.0,0.0,0.0
349,1782772021230,0.4335000000000002,0.1882957713965878,0.0,0.0,6.981000000000001,0.4260000000000008,0.0,0.0,0.0
349,1782772021231,0.4350000000000002,0.1897957713965878,0.0,0.0,6.982500000000001,0.4275000000000008,0.0,0.0,0.0
349,1782772021233,0.4350000000000002,0.1903912628994003,0.0,0.0,6.982500000000001,0.4275000000000008,0.0,0.0,0.0
349,1782772021237,0.4350000000000002,0.1903912628994003,0.0,0.0,6.977500000000001,0.4275000000000008,0.0,0.0,0.0
349,1782772021247,0.4350000000000002,0.1903912628994003,0.0,0.0,6.972500000000001,0.4275000000000008,0.0,0.0,0.0
349,1782772021250,0.4350000000000002,0.1903912628994003,0.0,0.0,6.967500000000001,0.4275000000000008,0.0,0.0,0.0
349,1782772021264,0.4350000000000002,0.1903912628994003,0.0,0.0,6.962500000000001,0.4275000000000008,0.0,0.0,0.0
349,1782772022324,0.4350000000000002,0.1903912628994003,0.0,0.0,6.957500000000001,0.4275000000000008,0.0,0.0,0.0
349,1782772022326,0.4350000000000002,0.1903912628994003,0.0,0.0,6.957500000000001,0.44750000000000084,0.0,0.0,0.0
349,1782772022328,0.4350000000000002,0.1903912628994003,0.0,0.0,6.957500000000001,0.39750000000000085,0.0,0.0,0.0
349,1782772022332,0.4350000000000002,0.1903912628994003,0.0,0.0,6.957500000000001,0.34750000000000086,0.0,0.0,0.0
349,1782772022339,0.4365000000000002,0.1918912628994003,0.0,0.0,6.959000000000001,0.34900000000000087,0.0,0.0,0.0
349,1782772022341,0.4365000000000002,0.19249618539321245,0.0,0.0,6.959000000000001,0.34900000000000087,0.0,0.0,0.0
349,1782772022343,0.4380000000000002,0.19399618539321245,0.0,0.0,6.9605000000000015,0.35050000000000087,0.0,0.0,0.0
349,1782772022344,0.4380000000000002,0.19461092877182454,0.0,0.0,6.9605000000000015,0.35050000000000087,0.0,0.0,0.0
349,1782772022347,0.4395000000000002,0.19611092877182454,0.0,0.0,6.9620000000000015,0.35200000000000087,0.0,0.0,0.0
349,1782772022352,0.4395000000000002,0.1967358732370093,0.0,0.0,6.9620000000000015,0.35200000000000087,0.0,0.0,0.0
349,1782772022360,0.4410000000000002,0.1982358732370093,0.0,0.0,6.963500000000002,0.35350000000000087,0.0,0.0,0.0
349,1782772022370,0.4410000000000002,0.1988713889232986,0.0,0.0,6.963500000000002,0.35350000000000087,0.0,0.0,0.0
349,1782772022372,0.4425000000000002,0.2003713889232986,0.0,0.0,6.965000000000002,0.35500000000000087,0.0,0.0,0.0
349,1782772022374,0.4425000000000002,0.2010178355327053,0.0,0.0,6.965000000000002,0.35500000000000087,0.0,0.0,0.0
349,1782772022410,0.4425000000000002,0.2010178355327053,0.0,0.0,6.960000000000002,0.35500000000000087,0.0,0.0,0.0
349,1782772022415,0.4425000000000002,0.2010178355327053,0.0,0.0,6.955000000000002,0.35500000000000087,0.0,0.0,0.0
349,1782772022417,0.4425000000000002,0.2010178355327053,0.0,0.0,6.950000000000002,0.35500000000000087,0.0,0.0,0.0
349,1782772022419,0.4425000000000002,0.2010178355327053,0.0,0.0,6.945000000000002,0.35500000000000087,0.0,0.0,0.0
349,1782772023972,0.4425000000000002,0.2010178355327053,0.0,0.0,6.940000000000002,0.35500000000000087,0.0,0.0,0.0
349,1782772023975,0.4425000000000002,0.18,0.0,0.0,6.940000000000002,0.35500000000000087,0.0,0.0,0.0
349,1782772023977,0.4425000000000002,0.18,0.0,0.0,6.940000000000002,0.35500000000000087,0.0,0.0,0.0
349,1782772023978,0.4425000000000002,0.18,0.0,0.0,6.940000000000002,0.35500000000000087,0.0,0.0,0.0
349,1782772023984,0.4425000000000002,0.18,0.0,0.0,6.940000000000002,0.35500000000000087,0.0,0.0,0.0
349,1782772023986,0.4425000000000002,0.18,0.0,0.0,7.0,0.35500000000000087,0.0,0.0,0.0
349,1782772023987,0.4425000000000002,0.18,0.0,0.0,7.0,0.35500000000000087,0.0,0.0,0.0
349,1782772023989,0.4425000000000002,0.18,0.0,0.0,7.0,0.35500000000000087,0.0,0.0,0.0
349,1782772023991,0.4425000000000002,0.18,0.0,0.0,7.0,0.35500000000000087,0.0,0.0,0.0
