time,simpleEfficiency,complexEfficiency
0.002,,0.107715962592712
0.003,,0.10924473427926475
0.01,0.07707361458287695,0.11295255981941309
0.012,0.07826041402329728,0.11382394453402128
0.015,0.07855684696031619,0.11556539825862626
0.018,0.08181227933923102,
0.019,0.08181227933923102,
0.02,,0.11904396388261852
0.021,,0.12078081264108352
0.023,0.08652825300693424,0.12598188584327638
0.024,,0.12660007444603125
0.025,,0.12684734988713317
0.026,0.08799731448271046,0.12857709384069654
0.028,0.09414359419311348,
0.034,0.09472693301745008,
0.035,0.09472693301745008,0.1380624637213802
0.041,0.09763838286004685,0.1432161715575621
0.042,0.09821962544011953,
0.075,0.1008308621742035,0.14807047103085028
0.101,0.10343514488653144,
0.103,0.10487851955128609,0.15177410770719127
0.113,0.10660852667467377,0.15603827410512744
0.114,0.10804757749694384,0.1577411776846179
0.126,0.1091972304742028,0.16029257271847797
0.127,0.11091912528910429,0.16199152918413418
0.13,0.11206533447570036,0.16368890680425674
0.131,0.11206533447570036,0.16368890680425674
0.138,0.11492484705876448,0.16792544340535315
0.139,0.1177757939590279,
0.14,0.1177757939590279,0.17440225690637434
0.144,0.1194822612485949,
0.145,0.1194822612485949,
0.146,0.1194822612485949,0.17468337697516934
0.157,0.12345209326845782,
0.158,0.12345209326845782,0.18057584650112876
0.182,0.12627749676435632,0.1847729119638827
0.186,0.12909443675137797,0.188960109642051
0.193,0.1319029385820019,
0.194,0.13246346043847618,0.19480560851338286
0.199,0.13470302753276328,0.19730490164463085
0.2,0.13749472880448177,
0.201,,0.2014624959690423
0.204,0.14055590074392943,0.20643858368268309
0.205,,0.20726655014511455
0.207,0.143053068736848,
0.208,0.143053068736848,0.20974808126410846
0.226,0.07707361458287695,
0.227,0.07707361458287695,0.1120807803934215
0.23,0.08299339579241807,0.12078081264108352
0.231,0.08299339579241807,0.12078081264108352
0.233,0.08299339579241807,
0.234,0.08299339579241807,0.12078081264108352
0.235,0.08299339579241807,
0.236,,0.12078081264108352
0.239,0.08740993667567931,0.12713570633129098
0.242,0.09763838286004685,0.14235820702999033
0.243,0.09763838286004685,
0.244,0.09763838286004685,0.14235820702999033
0.245,0.09763838286004685,
0.246,0.09763838286004685,0.14235820702999033
0.248,0.09763838286004685,0.14235820702999033
0.249,0.1028570325571079,0.1482101100720198
0.251,0.11244694599587125,0.16397160571858546
0.252,0.11521028396501187,0.16834850499838766
0.254,0.11834461638888356,0.17215211222186397
0.255,0.1200504014327463,
0.257,0.12061820083503201,0.17636891325378914
0.258,0.12061820083503202,0.17636891325378914
0.259,0.12061820083503202,
0.26,0.12061820083503202,0.17636891325378914
0.261,0.12061820083503202,0.17742153466623675
0.263,0.12853172461666976,0.1881234595291842
0.267,0.13470302753276328,
0.268,0.1349825327645488,0.19772105578845542
0.269,0.137494561553528,0.20229283069977433
0.271,0.13972056592904233,0.20654193147371827
0.272,0.14581975742259273,
0.273,0.14802714008603873,0.21387607223476307
0.274,0.14857815847993833,0.21881663592389564
0.275,0.15187722525379022,0.22312793582715262
0.276,,0.22456253595614328
0.277,0.15680388376625984,
0.278,,0.2302893582715254
0.285,,0.23436801031925195
0.286,,0.23436801031925195
0.287,,0.23436801031925195
0.291,0.16224671563955653,
0.292,0.16224671563955653,0.2384367945823929
0.311,0.1676569882969389,
0.313,0.168196232314578,0.24816161625282177
0.314,0.16927375019576965,0.2489694524346986
0.315,0.1703499758310066,0.25058394066430195
0.316,,0.25058394066430195
0.319,0.17303489650880668,0.25461325378910044
0.32,0.17571177449464317,0.25863269912931325
0.325,0.17838063388043643,
0.326,0.17891344564059572,0.2634430080619156
0.335,,0.2634430080619156
0.336,,0.2634430080619156
0.353,,0.2634430080619156
0.359,0.17891344564059572,0.2634430080619156
0.36,0.17891344564059572,0.2634430080619156
0.361,0.1831639732457318,0.27063182844243805
0.362,0.18686484442097495,0.27619925314414717
0.363,0.19002833023901697,0.2785819090615932
0.367,0.19944570667992412,
0.368,0.19961909884906895,0.29436365688487565
0.369,0.20204347096513356,0.29828442437923214
0.37,0.20204347096513356,0.29828442437923214
0.374,0.20463345363574537,0.30219532408900307
0.387,,0.30609635601418833
0.393,0.2097901673027979,0.30998752015478803
0.394,0.21235694470969632,0.31386881651080206
0.395,0.2150861279963301,0.3169667487907117
0.396,0.21721261996915112,0.32160180586907333
0.397,0.21899448729575924,0.32442703858970096
0.398,0.22153384524464267,
0.399,0.22406544441145945,0.331595682683004
0.401,0.22507595944788197,0.33312728152208804
0.402,0.2255807624161786,0.33542171944533855
0.403,0.2301103853103386,0.3379024266365671
0.404,0.2301103853103386,0.34076159303450315
0.405,,0.3422837188003851
0.406,0.23511469505631813,0.3479775794904849
0.407,0.23710802683325152,0.35213757175104576
0.408,0.24074914128241462,0.3574181399548509
0.409,0.2447871218878771,0.36392718176931904
0.41,0.24749489103284492,0.36717084811350903
0.411,,0.36717084811350903
0.412,0.24994872377026595,0.3709041277007388
0.413,,0.3709041277007388
0.416,0.25239520604068794,0.37462753950338296
0.417,0.25239520604068794,0.37462753950338296
0.422,0.25239520604068794,
0.423,0.25239520604068794,0.37462753950338296
0.424,,0.37462753950338296
0.429,0.25239520604068794,0.37462753950338296
0.43,0.25239520604068794,0.37462753950338296
0.431,0.25239520604068794,
0.432,0.25239520604068794,0.37462753950338296
0.436,0.26931661011403374,0.40041512415349495
0.437,,0.4011448074814537
0.443,0.27208654290586426,0.40478730345049585
0.444,0.27345127594631824,0.40551461851015397
0.445,0.27740767494162194,0.4102324959690381
0.452,0.07410037780138054,0.107715962592712
0.453,0.07410037780138054,0.107715962592712
0.456,0.08003794502022478,0.11643573040954532
0.457,,0.11643573040954532
0.463,0.08299339579241807,
0.464,,0.12078081264108352
0.469,0.08299339579241807,
0.47,0.08299339579241807,0.12078081264108352
0.473,0.08299339579241807,
0.474,0.08299339579241807,0.12078081264108352
0.475,0.08299339579241807,0.12078081264108352
0.476,0.08299339579241807,0.12078081264108352
0.477,0.08299339579241807,0.12078081264108352
0.479,0.08299339579241807,0.12078081264108352
0.502,0.10632050924131668,
0.503,0.10632050924131668,0.15518623024830705
0.504,0.10804757749694384,0.1577411776846179
0.505,0.1091972304742028,0.1594425024185747
0.506,0.1091972304742028,0.1594425024185747
0.507,0.1091972304742028,0.1594425024185747
0.508,0.1091972304742028,0.1594425024185747
0.511,0.11492484705876448,
0.512,0.11549572087125928,0.16877156659142215
0.513,0.11587596105983544,0.16877156659142215
0.514,0.1177757939590279,0.17187059744168554
0.518,0.12345209326845782,0.18057584650112876
0.519,0.12401785226782411,0.18078589712995813
0.528,0.12909443675137797,
0.529,0.12909443675137797,0.188960109642051
0.539,0.1319029385820019,0.19313743953563373
0.54,0.1319029385820019,
0.55,0.1349825327645488,0.1989691235085457
0.551,0.13665772097935533,0.1989691235085457
0.552,0.1377733967770886,0.20229283069977433
0.553,0.1386090663936424,0.20312277071912296
0.554,0.13972190072966542,
0.555,,0.2068521722025154
0.557,0.14581975742259273,0.2138760722347631
0.561,0.14581975742259273,0.2138760722347631
0.57,0.1513282967345134,0.22210245082231547
0.571,,0.22210245082231547
0.572,0.1540701969375803,
0.573,0.1558934201571545,0.22742838116736547
0.574,0.1562578022884587,0.22947244372782985
0.575,0.1562578022884587,0.22947244372782985
0.578,0.1562578022884587,0.22947244372782985
0.579,0.1562578022884587,0.22947244372782985
0.58,,0.22947244372782985
0.582,0.1562578022884587,0.22947244372782985
0.583,0.1562578022884587,
0.6,0.1703499758310066,
0.601,0.1708876045407661,0.2513905927120285
0.602,0.1708876045407661,0.2513905927120285
0.603,0.17303489650880668,
0.604,0.17704684471371557,0.2594354040632056
0.606,0.17838063388043643,
0.607,0.17838063388043643,0.26424247636246384
0.608,0.18157271440607445,0.26846692919334786
0.609,0.18633934027553897,0.27461180264430846
0.61,0.18897636474024715,
0.611,,0.2791765369235732
0.612,0.19160548998631366,0.2830692585187575
0.613,0.19370311864908948,
0.614,0.19475004662429404,0.2867554818875632
0.616,0.1973617516004213,0.2904330216059336
0.617,,0.296716512092873
0.619,0.20463345363574537,
0.62,,0.30219532408900307
0.628,0.20721567800162125,
0.629,0.20773088476962323,0.3084322386326984
0.63,0.2097901673027979,0.30998752015478803
0.631,0.2097901673027979,0.30998752015478803
0.632,0.2097901673027979,0.30998752015478803
0.633,0.2097901673027979,0.30998752015478803
0.634,0.2097901673027979,0.30998752015478803
0.635,0.2097901673027979,0.30998752015478803
0.642,0.2097901673027979,0.3102465363861112
0.643,0.2113311576942331,0.3134376052169542
0.645,0.22153384524464267,0.3281437633021592
0.646,0.2235597319795481,0.33178708319896655
0.65,0.23511469505631813,0.3483564334085758
0.651,0.23661014229892766,
0.652,0.23760561272645594,0.3533976880576135
0.653,0.2400890688415121,0.3559118026443059
0.655,0.2400890688415121,
0.656,,0.3559118026443059
0.671,0.2450336857439138,
0.672,0.2450336857439138,0.36342770074169356
0.674,0.2450336857439138,0.3634277007416936
0.675,0.2450336857439138,0.3634277007416936
0.676,0.2450336857439138,0.3634277007416936
0.679,0.2450336857439138,0.3634277007416936
0.68,0.2450336857439138,0.3634277007416936
0.681,0.2450336857439138,0.3634277007416936
0.682,,0.3634277007416936
0.686,0.2617439547470349,0.386476145759429
0.695,0.2669209682783535,
0.696,,0.3967607868429502
0.697,0.26931661011403374,
0.698,0.2697948766536554,0.4016307367515816
0.699,0.2717050757938229,0.4040595936794542
0.7,0.2717050757938229,0.4040595936794542
0.702,0.2717050757938229,0.4040595936794542
0.703,0.27194349273884877,0.4040595936794542
0.704,0.2750369127201445,0.4057566621519899
0.705,0.27992781834491187,0.4150766534666193
0.706,0.28212961546762044,0.4214147668493988
0.707,,0.425431892679776
0.709,0.29288186561051277,0.4364157691067347
0.71,0.29288186561051277,0.4364157691067347
0.711,0.29288186561051277,0.4364157691067347
0.712,0.29288186561051277,0.4364157691067347
0.714,0.296587132899977,0.4445562882940933
0.715,0.2998146843392752,0.4470235407932871
0.716,0.3021117929005842,0.4505397291196334
0.718,0.3041732724514664,
0.719,0.30531618942723415,0.45649435601418337
0.722,0.3089619149768738,0.4610290873911583
0.723,0.3089619149768738,0.46102908739115833
0.724,,0.4610290873911583
0.727,0.3089619149768738,
0.728,0.3089619149768738,0.4610290873911583
0.729,0.3089619149768738,
0.73,0.3089619149768738,0.4610290873911583
0.732,0.3089619149768738,0.4610290873911583
0.733,0.3089619149768738,0.4610290873911583
0.734,0.3089619149768738,
0.735,0.31145818550522775,0.4645058045791621
0.748,0.32470780426762763,
0.749,0.32470780426762763,0.48515888423088666
0.756,0.3269303453762562,0.4885665269267911
0.758,0.3269303453762562,0.4885665269267911
0.759,0.3269303453762562,0.4885665269267911
0.76,,0.4885665269267911
0.764,0.3269303453762562,
0.765,0.3269303453762562,0.4885665269267911
0.766,0.3269303453762562,
0.767,0.3269303453762562,0.4885665269267911
0.768,0.3269303453762562,0.4885665269267911
0.774,0.3370685918161678,
0.775,0.3379435844054356,0.5054567236375291
0.776,0.34230283207824924,0.512143727829725
0.777,,0.512143727829725
0.783,0.34879285766678275,0.5221002257336266
0.784,0.34879285766678275,0.5221002257336266
0.785,0.349653703533578,0.5237509584005082
0.786,0.3537998855565252,0.5296729525959292
0.792,0.3547977418401762,
0.793,0.3547977418401762,0.5313128306997666
0.808,0.3573558625894331,
0.809,0.3573558625894331,0.5352374072879642
0.811,0.3599046634435998,0.5384970332150847
0.812,0.36075239624688404,0.5404480722347559
0.814,0.36371101872626677,0.5449866817155686
0.825,0.365606155077448,0.5488615246694547
0.826,0.36749662270469863,0.551179483521438
0.827,0.36875412243190836,0.5527221580135373
0.828,0.36896343339561033,0.5565685817478168
0.829,0.3731775831768031,0.5608759248629411
0.83,,0.5654883108674561
0.831,0.3783191649522152,0.5673896162528157
0.861,0.37914468654225597,
0.862,0.38038111298884286,0.5705505643340799
0.863,0.3803811129888429,0.5705505643340799
0.864,0.38325746774107,0.5755875562721646
0.865,0.3851683097708683,0.5780965791680048
0.866,0.38693793122035236,0.5805992866817101
0.867,0.3885673241318213,
0.868,,0.5837187900677149
0.871,0.39059857376154433,0.5862072879716168
0.872,0.39262373877386786,0.5899281934859671
0.873,0.39383592474940665,0.5911653376330166
0.874,0.39383592474940665,0.5911653376330166
0.88,0.39383592474940665,0.5911653376330166
0.881,0.39383592474940665,
0.883,0.3966558877977133,
0.884,,0.5954829087391116
0.9,0.4008636572579888,0.6022285869074447
0.901,,0.6034499425991572
0.902,0.40265893059446456,0.6052788842308888
0.903,0.4046479687536641,
0.904,0.4068287624925978,0.6098338052241171
0.905,0.40821323484036803,
0.906,0.40966021381896445,
0.911,0.4101856350562232,0.6167806514027695
0.912,0.41254471787314156,0.6197837149306639
0.913,,0.6197837149306639
0.916,0.41528595610848157,0.6233741683327922
0.917,0.4164576988839344,0.6257602386326956
0.918,0.4184054027706749,0.6288820757820024
0.922,0.4203472723016645,0.631697291196385
0.926,0.4222833249537422,
0.927,0.42266983899296284,
0.928,0.42266983899296284,0.6352405765881943
0.932,0.42421357815139493,0.6375948726217319
0.933,0.42421357815139493,0.6375948726217319
0.934,0.42421357815139493,0.6375948726217319
0.939,0.42805675562055373,
0.94,,0.6435988929377592
0.944,0.42996971448068305,
0.945,0.4304468649275817,0.6481109203482722
0.946,0.4337784585354096,0.6495610738471436
0.947,0.43415807756319147,0.6527438594001911
0.948,0.43415807756319147,0.6527438594001911
0.949,0.43415807756319147,0.6527438594001911
0.95,0.43415807756319147,0.6527438594001911
0.951,0.43415807756319147,0.6527438594001911
0.953,0.43415807756319147,0.6527438594001911
0.954,0.43415807756319147,0.6527438594001911
0.955,0.43415807756319147,0.6527438594001911
0.957,0.43415807756319147,
0.958,,0.6527438594001911
0.972,0.39732556368283556,
0.974,0.39732556368283556,0.5965080511662889
0.982,0.39933057796660093,0.6005976128130696
0.983,0.40093026418816596,
0.985,0.4013295862210635,0.6026358808986334
0.988,0.40332260643731105,0.6058371537138544
1.017,0.40530965655253903,
1.018,0.40530965655253903,0.6087242394926355
1.019,0.4061023333720078,
1.02,0.4080815309840581,0.612617123631393
1.027,0.41123516485906003,
1.028,0.41123516485906003,0.6177827689992467
1.029,0.41123516485906003,
1.03,0.41123516485906003,0.6177827689992468
1.035,0.41123516485906003,
1.036,0.41123516485906003,0.6177827689992468
1.039,0.41123516485906003,0.6177827689992468
1.04,0.41182475837266086,0.6189838628399433
1.067,0.42292738621115666,0.6356333978286574
1.068,,0.6356333978286574
1.069,0.42292738621115666,0.6356333978286574
1.131,0.42677825772673555,
1.134,0.42716207561521846,0.642089620982479
1.136,0.42716207561521846,0.642089620982479
1.137,0.42716207561521846,0.642089620982479
1.139,0.4325114154984597,
1.14,0.4332719453906627,0.6513952333655815
1.145,0.4344110304048937,0.6532730518112442
1.146,0.4356734958370542,0.6558655858325277
1.147,0.4389469221805508,0.6600274745780939
1.148,0.4400758014245089,0.6617432656132439
1.149,0.44007580142450886,0.6617432656132439
1.15,0.441014955005648,0.6632653870794377
1.207,0.44568981824145,
1.209,0.44568981824145,
1.21,0.44568981824145,0.6702689347522317
1.213,0.44754995718320895,0.6730910888960563
1.214,0.44792120441600974,0.6738952759324962
1.216,0.45272864562713944,0.6803825084381399
1.217,0.4545678099076112,
1.228,0.4549349590659047,0.6842810276254989
1.231,0.45676740414675215,0.6870538428463955
1.232,0.45676740414675215,0.6870538428463955
1.233,0.45676740414675215,
1.241,0.46041584345862485,0.6925698699344317
1.247,0.46223187052562836,0.6953130818015715
1.255,0.46223187052562836,0.6953130818015715
1.256,0.46223187052562836,
1.257,0.46295675726196955,0.6953130818015715
1.265,0.4676473773555416,
1.266,0.46836576938129254,0.7043858101687652
1.267,0.46968041735631555,0.7065466976244247
1.268,0.47015798240944684,0.7072659847361091
1.274,0.4730143632955059,0.7115651295281119
1.276,0.4730143632955059,0.7115651295281119
1.28,0.4730143632955059,0.7115651295281119
1.282,0.4730143632955059,0.7115651295281119
1.287,0.4756795575873666,0.7165488268300576
1.29,0.4820280862117518,0.7253628876706472
1.292,0.48302085018816304,0.7271124901644663
1.293,0.48395423989104763,0.7276365288616606
1.294,0.4867445574200934,0.7326819305600377
1.295,,0.7339807122433657
1.297,0.488828523623532,
1.298,0.488828523623532,0.7352771256583933
1.307,0.49055944037934035,
1.308,0.4909050010365488,0.7395113786090544
1.309,0.4922851721662235,0.7404379125013472
1.311,0.494005734515779,0.743003504245946
1.312,0.494005734515779,0.743003504245946
1.313,0.494005734515779,0.743003504245946
1.315,0.494005734515779,0.743003504245946
1.316,,0.7430035042459459
1.32,0.49913655955941844,
1.321,0.4994769754886916,0.7519053172095063
1.326,0.5008365985472295,0.753167193378484
1.327,0.5008365985472295,0.753167193378484
1.335,0.502531545060608,0.7556834462001546
1.336,0.502531545060608,0.7556834462001546
1.342,0.502531545060608,0.7556834462001546
1.343,0.5035451626730898,0.7556834462001546
1.344,0.5062425769868156,0.7611844678060883
1.345,0.5062425769868156,
1.347,0.5077536559692908,0.7635037617972739
1.349,0.5092607107757952,0.7662673962162787
1.35,0.5109304228231131,0.7681166935397229
1.351,0.5109304228231131,
1.352,,0.7681166935397229
1.353,0.5109304228231131,0.7681166935397229
1.357,0.5159096090701318,0.7759443091475915
1.358,0.5169000800824674,0.7769158783188266
1.365,0.5175594043127114,0.7778856712888365
1.385,0.5192042575862232,
1.386,0.5192042575862232,0.7803032462646506
1.387,0.5192042575862232,
1.423,0.520844183694358,
1.424,0.5211715789557412,0.7831913107599748
1.425,,0.7831913107599748
1.44,0.5226424046701645,0.7855871766097009
1.441,0.523783681315855,
1.444,0.5241093134076689,
1.445,0.5241093134076689,0.78749676448458
1.446,0.5241093134076689,
1.447,0.5257345463990343,0.7898748683220518
1.455,0.527354910997666,
1.456,0.527354910997666,0.7922431043749381
1.457,0.527354910997666,0.7922431043749381
1.458,0.527354910997666,0.7922431043749381
1.459,,0.7922431043749381
1.46,0.5337879764762226,0.8020819395893853
1.461,,0.8020819395893853
1.462,0.5353842169888448,0.803936267870585
1.463,0.5353842169888448,0.803936267870585
1.464,0.5353842169888448,
1.474,0.5353842169888448,0.803936267870585
1.485,0.5401443065025726,
1.486,0.5401443065025726,0.8108337525529457
1.5,0.5417215066000189,
1.501,0.5417215066000189,0.8131131785445613
1.502,0.5434509468987027,0.8153827367515913
1.507,0.5451746738836634,
1.508,0.5458001514548966,0.8189935048909013
1.51,0.546580842141901,
1.511,0.5470487321951978,0.8207894158873542
1.512,0.5482942266277345,0.8221322046651677
1.513,0.5492264577600832,0.8242732461356613
1.514,0.5510859863241149,0.8265825110179573
1.515,0.5523218962717632,0.8281303491346941
1.517,0.5541702084870207,0.8309933462324045
1.518,,0.8309933462324045
1.524,0.5557053939320032,
1.525,,0.8331839621627495
1.531,0.5572359807220822,0.8353647103085091
1.536,0.5587619826325491,
1.537,0.5590666340384083,
1.538,0.5593711027082503,0.838833382349786
1.54,0.5602834133974314,0.8396966032462712
1.543,0.5618002867096159,0.8418477480382739
1.545,0.5633126162209732,
1.546,0.5633126162209732,0.8439890250456908
1.547,0.5633126162209732,0.8439890250456907
1.548,0.5633126162209732,0.8439890250456906
1.549,0.5637654084385719,0.8439890250456908
1.556,0.5708065817250519,
1.557,0.5711040085390501,0.8549645967967391
1.571,0.5722919328391924,0.8569062835644484
1.573,0.5737728345773916,
1.574,0.5737728345773916,0.8587016661292126
1.575,0.5752493002677748,0.8610724629689418
1.579,0.5767213431985433,0.8628164678060911
1.58,0.5767213431985433,
1.583,0.5767213431985433,0.8628164678060909
1.588,0.5767213431985433,
1.589,0.5767213431985433,0.8628164678060909
1.598,0.5825655516988256,0.8709276577448207
1.599,0.5825655516988256,
1.604,0.584015678765534,0.872930785768039
1.607,0.5854614619700934,
1.608,0.5863267657924676,0.875718587122441
1.617,0.5869029143245624,
1.619,0.5869029143245624,0.876907438460719
1.652,0.588340048802022,
1.654,0.588340048802022,0.8788809631301804
1.667,0.5897728783366918,0.8808446200150564
1.689,0.5912014158240478,
1.691,0.5914866094079225,0.8831879828012542
1.692,0.5914866094079225,
1.693,0.5926256741209368,0.8847423304310512
1.722,0.5940456660456931,
1.723,0.5940456660456931,0.8866763839621704
1.725,0.5940456660456931,0.8866763839621703
1.754,0.596872901860273,
1.755,0.5971546090610316,0.8912778518757466
1.76,0.5982801711952379,0.8924193378480135
1.789,0.5994029509097778,
1.79,0.5999633310733422,0.8946916525851953
1.791,0.6008026414714382,
1.796,0.6024767367825585,0.8980734816725865
1.797,0.6024767367825585,0.8980734816725865
1.799,0.6024767367825585,0.8980734816725865
1.8,,0.8980734816725865
1.805,0.6024767367825585,0.8980734816725865
1.811,0.6024767367825585,
1.812,0.6024767367825585,0.8980734816725865
1.816,0.6024767367825585,0.8980734816725865
1.82,0.6038664700695091,0.9005578836934399
1.825,0.6107574059213641,0.9091153391379204
1.828,0.6117136265364169,0.9109211114694263
1.829,,0.9109211114694263
1.831,0.6134846715072865,0.9127170160163467
1.832,,0.9127170160163467
1.834,0.6134846715072865,0.9127170160163467
1.838,0.6134846715072865,0.9127170160163467
1.842,0.6175450105308634,0.9183975990540765
1.844,0.6178144026988128,0.9183975990540765
1.845,0.6178144026988128,0.9183975990540765
1.846,0.6178144026988128,
1.859,0.6178144026988128,
1.861,0.6178144026988128,
1.862,0.6178144026988128,0.9183975990540764
1.863,0.6180835794499767,0.9191005671288911
1.865,0.6207670731104566,0.9222443852520774
1.866,0.6218359489708987,0.9238906957970627
1.881,0.5327211526276049,
1.882,0.5327211526276049,0.8000659572181131
1.884,0.5327211526276049,0.800065957218113
1.889,0.5327211526276049,0.800065957218113
1.892,0.537505102189313,
1.893,0.537505102189313,0.8070127808234018
1.912,0.5390902080351471,
1.913,0.5390902080351471,0.8093086531226602
1.936,0.5406705656892925,
1.937,,0.8115946576373329
1.963,0.5422461893749786,
1.964,0.5422461893749786,0.8138707943674198
1.965,,0.8138707943674198
1.966,0.5439739010977955,0.8170408079114381
1.967,0.54538329152099,0.8183934644738373
1.968,0.54538329152099,0.8206399978501675
1.969,,0.8210881203912833
1.97,0.5485016274091976,0.8228766634419121
1.971,0.5485016274091976,0.8228766634419121
1.972,0.5485016274091976,0.8228766634419121
1.98,0.5531441898940784,0.8295274535096325
1.986,0.5546824487823698,0.8317246479630346
1.987,0.5556031914575534,0.8330382280984747
1.989,0.5577451567775716,0.8365237411587779
1.99,0.5588127477080922,0.8378242958185651
1.991,0.5589651038792091,0.8378242958185651
1.992,0.5589651038792091,0.8378242958185651
1.993,0.5592696334488747,
1.994,0.5609410790994027,0.8406299281952178
1.997,0.563815718678269,0.8447005912071495
1.998,,0.8447005912071495
1.999,0.563815718678269,0.8447005912071495
2.0,0.563815718678269,0.8447005912071495
2.001,0.563815718678269,0.8447005912071495
2.004,0.563815718678269,
2.005,0.563815718678269,0.8447005912071495
2.013,0.5662236196431294,
2.014,0.5671236068962476,
2.015,0.5692150494154995,0.8544082377727735
2.016,0.5726360733232795,0.854616905299378
2.017,0.5751510069654961,0.8589772142319804
2.018,0.5757404720073767,0.8614492529291748
2.026,0.576034939375128,0.8630892529291749
2.027,0.5772110436309906,0.8634984306137927
2.028,0.5775046289204177,0.8679712948511356
2.029,0.5823228957323878,0.871596463506408
2.03,0.5836294034857061,0.8727975508975723
2.033,0.5859424266523721,0.875586273245202
2.034,0.5861586876755838,0.8756854757605196
2.038,0.5902495337575938,0.881496979469001
2.039,0.5902495337575938,
2.04,0.5902495337575938,0.881496979469001
2.042,0.5902495337575938,0.881496979469001
2.043,0.5902495337575938,0.881496979469001
2.044,,0.881496979469001
2.045,0.5905352982994037,0.88188786885952
2.046,0.5908208914339159,0.8823339793307966
2.047,0.5913915638922395,0.883058168762777
2.049,0.5959323741164292,0.8896223725680014
2.058,0.6029406946948269,0.8986962377727737
2.06,0.6029406946948269,0.8986962377727737
2.061,,0.8986962377727737
2.063,0.6029406946948269,
2.064,,0.8986962377727737
2.067,0.6029406946948269,0.8986962377727737
2.093,0.6084721512418876,
2.095,0.6084721512418876,
2.096,0.6084721512418876,0.9060837901752247
2.097,0.6084721512418876,0.9060837901752247
2.106,0.6112130873034485,0.9097183596689365
2.134,0.6125774005484359,
2.135,0.6125774005484359,0.911520842738914
2.14,0.6125774005484359,0.911520842738914
2.143,0.6125774005484359,0.911520842738914
2.145,0.6125774005484359,0.911520842738914
2.146,0.6125774005484359,0.911520842738914
2.147,0.6125774005484359,0.911520842738914
2.149,0.6125774005484359,0.911520842738914
2.15,,0.911520842738914
2.151,0.6125774005484359,0.911520842738914
2.154,0.6125774005484359,0.911520842738914
2.159,0.6233458052009819,
2.16,0.6236117179360635,0.9259289910781593
2.165,0.624673774834951,0.9272991400623581
2.179,0.6259977665299101,
2.18,0.6259977665299101,0.9290029452864792
2.181,0.6259977665299101,0.9290029452864792
2.182,0.6259977665299101,
2.194,0.6286338637308411,0.9323809523809649
2.195,0.6286338637308411,0.9323809523809649
2.196,,0.9350549388369467
2.199,0.6312541917035588,0.9357194883371079
2.2,,0.9357194883371079
2.212,0.6325584717301983,
2.213,0.6325584717301983,0.937373954638301
2.216,0.6325584717301983,0.9373739546383011
2.223,0.6364479167284165,
2.224,0.6364479167284165,0.9424940058045914
2.228,0.6377366389283898,
2.229,0.6377366389283898,0.9438931419972175
2.23,,0.9438931419972174
2.231,0.6403025137726669,
2.232,0.6405582555342025,0.9481809931051549
2.233,,0.9486789207782559
2.234,0.6415796895098613,
2.235,0.6415796895098613,0.9486789207782559
2.236,,0.9486789207782559
2.239,0.6415796895098613,0.9486789207782559
2.24,0.6436997012339045,0.9518201010426867
2.241,0.6461459267980587,0.9518201010426867
2.242,,0.954996639256166
2.243,0.6496632062525728,0.958085399118576
2.245,0.6504134370432186,0.9595003654735152
2.246,0.6504134370432186,0.9595003654735151
2.249,0.6519085826756204,0.9618055182199411
2.251,0.6529034788254917,0.9625033967537474
2.27,0.6553786250883161,
2.271,,0.9654669568956372
2.272,,0.9654669568956372
2.273,0.6563645328255838,
2.274,0.6571024123756752,0.9676149728044837
2.275,0.6578389649372245,
2.276,0.6578389649372245,0.9683910458991843
2.277,0.6578389649372245,
2.278,0.6578389649372245,
2.279,0.6578389649372245,0.9683910458991841
2.28,0.6578389649372245,0.9683910458991842
2.281,0.6578389649372245,0.9683910458991841
2.282,0.6578389649372245,0.9683910458991842
2.283,0.6578389649372245,0.9683910458991842
2.284,0.6578389649372245,0.9683910458991842
2.289,0.6578389649372245,
2.29,0.6578389649372245,0.9683910458991842
2.291,0.6578389649372245,0.9683910458991841
2.292,0.6578389649372245,0.9683910458991842
2.293,0.6578389649372245,
2.294,0.6578389649372245,0.9683910458991841
2.295,0.6578389649372245,0.9683910458991841
2.309,0.6734763346096969,0.9864355154251433
2.317,0.6746539498513675,0.9885408017198868
2.318,0.6758284133097069,0.9893242055251109
2.321,0.6769991710550917,0.9903627969472328
2.322,0.6769991710550917,0.9903627969472328
2.323,0.6769991710550917,0.9903627969472328
2.324,0.6790975648392071,0.9929316457056978
2.328,0.6816472368311192,0.9954610233258201
2.329,0.6816472368311192,
2.33,0.6816472368311192,0.9954610233258201
2.331,0.6816472368311192,
2.332,0.6821089830437846,0.9962744367408476
2.335,0.685096865087526,0.9991810813716118
2.337,0.6862398591439334,
2.338,0.6862398591439334,1.0004013651510377
2.342,0.6873794293565053,
2.343,0.6873794293565053,1.001611781145878
2.344,0.6873794293565053,1.001611781145878
2.356,0.6896483392439784,
2.357,0.6896483392439784,1.004003009781802
2.358,0.6896483392439784,1.004003009781802
2.36,0.6896483392439784,1.004003009781802
2.361,0.6896483392439784,
2.386,0.6103012686299915,0.9085112221864086
2.387,0.6103012686299915,0.9085112221864086
2.39,0.6130312628455871,0.9121194775878917
2.391,0.6143901297375626,0.9139088036117551
2.392,,0.9142654846823776
2.393,0.6158801620849699,0.9163972821670597
2.394,,0.916574241212529
2.395,0.6170956642390342,
2.396,0.6170956642390342,0.9174578523057249
2.397,0.6173653259338924,0.9178105862625128
2.398,0.6184423561983593,
2.399,0.6192484342692973,
2.41,0.6197850141358647,
2.411,0.6197850141358647,0.9209674298613519
2.414,0.6197850141358647,
2.415,0.6197850141358647,
2.416,0.6197850141358647,0.9209674298613519
2.417,0.6224582762449409,0.9244375362786367
2.424,0.6224582762449409,0.9244375362786367
2.427,0.6224582762449409,
2.428,0.6224582762449409,0.9244375362786367
2.429,0.6224582762449409,
2.43,0.6224582762449409,0.9244375362786367
2.431,,0.9244375362786366
2.432,0.6224582762449409,0.9244375362786367
2.436,0.6224582762449409,0.9244375362786367
2.437,0.6224582762449409,0.9244375362786367
2.438,0.6224582762449409,
2.455,0.632992362943374,
2.456,0.632992362943374,0.9379232505643507
2.458,0.632992362943374,0.9379232505643507
2.459,,0.9379232505643507
2.47,0.6368779204406683,
2.471,0.6368779204406683,0.9428175749758306
2.472,0.6368779204406683,
2.475,0.6368779204406683,0.9428175749758306
2.476,0.6368779204406683,0.9428175749758306
2.477,0.6368779204406683,0.9428175749758306
2.485,0.6368779204406683,
2.486,0.6368779204406683,
2.488,0.638165354562588,0.94458985940021
2.491,0.6447979532235304,0.952339793614979
2.492,,0.9532724772654143
2.494,0.6458093756036386,0.9538922928087873
2.495,0.6458093756036386,0.9544074242717565
2.497,0.6483269590469412,0.9569676878426473
2.499,0.6495800975222338,0.958490583682699
2.5,0.6508294822155887,
2.501,0.6508294822155887,0.960003611738165
2.502,0.6508294822155887,0.960003611738165
2.503,0.6528207179121112,0.9629999329248787
2.504,0.6543078848210516,0.9641875936794742
2.505,0.6548023444441002,0.964542194646904
2.506,0.6562817993696414,
2.507,,0.9678735615034734
2.511,0.659471009479003,0.9703185101580291
2.512,0.6604471072703769,0.9703185101580291
2.513,0.6611776447962718,0.9721326505428513
2.514,0.6637237422660219,0.9752939974202025
2.515,,0.9759956465656394
2.544,0.6655333630165837,
2.545,0.6655333630165837,0.9773902612060779
2.546,0.6655333630165837,0.9773902612060779
2.549,0.6668948843320207,0.9790507732989511
2.553,0.6679329568581823,0.9801498871331981
2.554,0.6679329568581823,0.9801498871331981
2.555,,0.9801498871331981
2.556,0.6679329568581823,0.9801498871331981
2.557,0.6679329568581823,0.9801498871331981
2.558,,0.9801498871331981
2.562,0.6679329568581823,0.9801498871331982
2.563,0.6679329568581823,
2.564,0.6679329568581823,0.9801498871331981
2.565,0.6679329568581823,0.9801498871331981
2.566,0.6679329568581823,0.9801498871331981
2.579,0.6679329568581823,0.9801498871331981
2.582,0.6679329568581823,0.9801498871331981
2.583,0.6679329568581823,
2.584,0.6679329568581823,0.9801498871331981
2.595,0.6735532029995207,0.9877978284424528
2.596,0.6766873123317484,0.9907934821025622
2.597,,0.9910516826830202
2.6,0.5985603883526606,0.8926087960873057
2.601,0.6008025576159217,0.8961986348489953
2.604,0.6024767367825691,
2.605,0.6024767367825691,0.8980734816726006
2.609,0.603867219804826,
2.61,0.603867219804826,0.8999384607116202
2.611,0.603867219804826,0.8999384607116202
2.612,,0.8999384607116202
2.613,0.6053919200487712,0.9025328534881439
2.614,0.6073250458682172,0.9040066799957219
2.615,0.608288671792245,0.9062051837042031
2.616,0.6096619096258693,
2.618,0.612123084161991,
2.619,0.612123084161991,0.9109211114694399
2.624,0.6134846715072968,
2.625,,0.9127170160163603
2.627,0.6148421802115871,0.914503052778695
2.628,0.6148421802115871,
2.629,0.6148421802115871,0.914503052778695
2.657,0.6175450105308737,
2.658,0.6175450105308737,0.9180455229496074
2.665,0.6188903564713611,0.9198019563581855
2.677,0.6202316724220344,
2.678,0.6202316724220344,0.9215485219821775
2.686,0.6210342117655486,
2.687,0.6215689704547458,0.9232852198215841
2.688,0.6236116470567273,0.9257000189186494
2.689,0.6250272277484069,0.9269001163065889
2.69,,0.9280954771579271
2.694,0.6252921319325555,0.9280954771579271
2.696,0.6252921319325555,0.928095477157927
2.7,0.6252921319325555,
2.701,,0.9280954771579271
2.702,0.6252921319325555,0.9280954771579271
2.703,,0.928095477157927
2.704,0.6252921319325555,0.928095477157927
2.708,0.6254685758589201,0.9282657918951086
2.738,0.6334258204822096,
2.741,0.6340318640581152,0.9387998434913676
2.742,0.6349826057905221,0.9403270833064807
2.745,0.6360174827973887,0.9417376222724059
2.746,0.6360174827973887,
2.772,0.637307494364138,
2.773,0.637307494364138,0.943355906696785
2.787,0.6398759363666244,
2.788,0.6398759363666244,0.9465628721917865
2.79,0.6411543899183569,0.9481515532624086
2.791,0.6411543899183569,
2.792,0.6411543899183569,0.9481515532624086
2.793,0.6411543899183569,0.9481515532624087
2.796,0.6411543899183569,0.9481515532624086
2.797,,0.9481515532624086
2.803,0.6462300225361847,
2.804,0.6462300225361847,0.9544075996990419
2.817,0.6474894423942243,0.955946941846736
2.818,,0.955946941846736
2.82,0.6484942614672775,
2.821,0.6494963715036881,0.9577811269483162
2.822,0.6499969756175938,0.9589960227883676
2.825,0.6499969756175938,
2.826,0.6499969756175938,0.9589960227883676
2.827,0.6499969756175938,0.9589960227883676
2.83,0.6499969756175938,0.9589960227883676
2.836,0.6499969756175938,0.9589960227883676
2.839,0.6499969756175938,0.9589960227883676
2.84,0.6499969756175938,0.9589960227883676
2.841,0.6499969756175938,0.9589960227883676
2.842,0.6499969756175938,0.9589960227883676
2.854,0.6549670572282393,
2.855,0.6579207223015675,0.966738908309167
2.856,0.6586558032301172,0.9699022305349723
2.857,0.6606094895106254,0.9716565077932042
2.858,0.6620079593311488,0.9735076622595051
2.863,0.668331491267578,0.9806059873159383
2.873,0.6695247060766507,
2.874,0.6698422290932101,0.9825096351714686
2.875,0.6708330966728331,
2.876,0.6714263485801951,0.9843935474578277
2.877,0.6730829476169317,0.9846615500376407
2.878,0.6742619294171445,0.9867880718048125
2.879,,0.9873159195958476
2.88,0.6750850970971118,
2.881,0.6754373795720733,
2.882,0.6763752040216051,
2.883,0.6770766760045402,0.9905344482425206
2.884,0.6790589281154724,0.9919937254649217
2.885,,0.992761617112777
2.886,0.6798720676950822,0.9940829983446378
2.887,,0.9951425344942668
2.889,0.6814931982535289,
2.89,0.6814931982535289,
2.893,0.6814931982535289,0.9952936261421225
2.894,0.6814931982535289,
2.895,0.6814931982535289,0.9952936261421225
2.896,0.6814931982535289,0.9952936261421225
2.903,0.6814931982535289,0.9952936261421225
2.907,0.6818395425717014,
2.908,0.6833373247976016,0.9970425471353502
2.913,0.6881372457621204,1.0024132430398967
2.916,0.6905144680208228,1.0050269508760785
2.917,0.6910782902605515,1.0054970392346725
2.92,0.691528725996745,1.0059655487477328
2.925,0.691528725996745,1.0059655487477328
2.926,0.691528725996745,1.0059655487477328
2.929,0.69254021545288,
2.93,0.692652453384877,1.0071299150811734
2.931,0.6948898198530679,
2.932,0.6948898198530679,
2.933,0.6948898198530679,1.009429044394298
2.943,0.6960034790694399,1.0105638073739818
2.944,,1.0108858262618983
2.954,0.6982207995815296,
2.955,0.6985890465629875,1.0132469779641138
2.966,0.6993244808331468,1.0139088896055197
2.967,0.6993244808331468,
2.979,0.7005713087866487,1.015547682898006
2.987,0.701521934993309,1.016089605503617
2.99,0.7026157276789562,1.017165161775787
3.002,0.7038150993706185,
3.003,,1.0184428038267381
3.004,0.7047934934821795,1.0192866709663706
3.013,0.7058774861996623,1.020332623884784
3.014,,1.020332623884784
3.02,0.7058774861996623,1.020332623884784
3.021,,1.020332623884784
3.026,0.7080357400461672,
3.027,,1.02259878834786
3.029,0.7091100205994885,1.0237478224228893
3.03,0.7101810831405816,1.024417757712581
3.031,0.7111422799962153,1.0254143717080662
3.032,0.7112489373090168,1.0254143717080664
3.033,0.7112489373090168,1.0254143717080662
3.034,0.7112489373090168,1.0254143717080662
3.035,0.7112489373090168,1.0254143717080664
3.036,0.7123135927154887,1.0266950695474726
3.038,0.7157675506494421,1.0287263642266082
3.039,0.7194691604795307,1.0313731295281234
3.04,0.7198852979222781,1.0331877797331264
3.059,0.7227863087515621,1.0357258518757528
3.062,0.7227863087515621,1.0357258518757528
3.078,0.7248434134137559,
3.079,0.7248434134137559,1.0374723852520826
3.08,0.7258673465059268,1.0385013591314762
3.081,0.7262760604127299,1.0386714732881999
3.086,0.7280076180010745,1.0403509057293476
3.087,0.7283122892550438,1.0403509057293476
3.088,0.7283122892550438,1.0403509057293476
3.09,0.7283122892550438,1.0403509057293476
3.091,0.7283122892550438,1.0403509057293476
3.092,0.7283122892550438,1.0403509057293476
3.094,0.7319468545505875,
3.095,,1.043393417499744
3.108,0.7329495092528915,
3.109,0.7329495092528915,1.0440638073739779
3.11,0.7339488010197559,1.0449978531656579
3.116,0.7349458172843593,
3.117,0.7354430106539362,1.046070041492004
3.123,0.7359394885803089,1.046372772224026
3.126,0.7369301833294235,
3.127,0.7369301833294235,1.0471226916048706
3.143,0.7379179104479621,
3.144,0.7381151005387504,1.0480095693862315
3.145,0.7387059023905233,1.0483020376222842
3.146,0.7389026788254758,1.0485929270128034
3.149,0.7398844973248866,1.0493132430398913
3.151,0.7408633747825675,1.0500236912823935
3.152,0.7408633747825675,1.0500236912823935
3.153,,1.0500236912823935
3.154,0.7408633747825675,1.0500236912823935
3.176,0.7437824488723966,
3.177,0.7437824488723966,1.0520958293023868
3.186,0.7447496499986894,
3.187,0.7447496499986894,1.0527668064065463
3.189,0.7457139538696591,1.0535261940234442
3.195,0.7466753691640472,
3.196,0.7468673063556331,1.0542082214339568
3.198,0.7468673063556331,1.0542082214339568
3.199,,1.0542082214339568
3.201,0.7468673063556331,1.0542082214339568
3.225,0.750492317242342,
3.226,0.750492317242342,1.0565854455552073
3.227,0.750492317242342,1.0565854455552073
3.228,0.750492317242342,1.0565854455552073
3.229,0.753325119654914,1.058361550037632
3.232,0.7542637356679678,1.0589338492959355
3.234,0.754638394345001,1.059160006019573
3.235,0.7550126037012681,1.0594962807696537
3.246,0.7561325412308582,
3.248,0.7561325412308582,1.0600488444587859
3.251,0.7561325412308582,
3.252,,1.0600488444587859
3.253,0.7561325412308582,1.0600488444587859
3.254,0.7561325412308582,
3.255,0.756132541230858,1.0600488444587859
3.256,0.7561325412308582,1.0600488444587859
3.268,0.7561325412308582,
3.269,0.7561325412308582,1.0600488444587859
3.27,0.7561325412308582,1.0600488444587859
3.271,0.7561325412308582,1.0600488444587859
3.273,0.7561325412308582,1.0600488444587859
3.274,,1.0600488444587859
3.275,0.7561325412308582,1.0600488444587859
3.276,0.7561325412308582,1.0600488444587859
3.277,0.7561325412308582,1.0600488444587859
3.278,0.7570627475999572,1.0605915403633326
3.281,0.7630415276679237,1.063925849295934
3.282,0.7635571806917762,1.0642072591637188
3.284,0.7665727683361305,1.0659099215306966
3.285,0.7683683703727369,1.0660808186606545
3.286,0.7698855384431088,1.0672721614533016
3.287,0.7711290860528452,1.0678313363738339
3.288,0.7730738455747375,1.0686004497473998
3.302,0.7742166408636205,1.069027883478454
3.312,0.7750926762309523,
3.313,0.7752675681523904,1.0694411075997052
3.32,0.7761404205991566,1.0698401221111529
3.321,0.7766629322722732,
3.322,0.7766629322722732,
3.323,,1.0699699692572346
3.324,0.7766629322722732,1.0699699692572346
3.325,0.7766629322722732,1.0699699692572346
3.327,0.7786564352900915,1.0709905854025636
3.328,0.7806374962394128,1.0712799747393364
3.33,0.781151885656821,1.071514307212732
3.331,0.781151885656821,1.071514307212732
3.332,0.781151885656821,1.071622050521342
3.333,0.7814942979055942,1.0716751327528802
3.334,0.7837099899494125,
3.335,0.7837948514914193,1.0724800425054941
3.336,0.7856272870631406,1.072669280124695
3.337,,1.0730065110179552
3.338,0.7865814785642299,1.0730487386864491
3.339,0.7865814785642299,1.0730487386864491
3.34,0.7865814785642299,1.0730487386864491
3.342,0.7865814785642299,1.0730487386864491
3.343,0.7865814785642299,
3.344,,1.0730487386864491
3.345,0.7876716709615641,
3.346,0.7904200569826407,1.0739126114156754
3.347,0.7920726235586785,
3.348,,1.074207793184997
3.358,0.7945328821761486,1.0745925400408494
3.364,0.7953480601512742,1.074701053423629
3.375,0.7961607962571097,
3.376,0.7963229537937898,1.0748116676340986
3.377,0.7971328180980202,1.074888476835431
3.378,0.7985844263956907,
3.379,0.7985844263956907,1.075036429108891
3.38,0.7985844263956907,
3.381,0.7985844263956907,
3.382,0.7985844263956907,1.075036429108891
3.39,0.8001881039934934,
3.391,0.8001881039934934,
3.392,0.8001881039934934,
3.393,0.8001881039934934,
3.401,0.8009863417262355,
3.402,0.8009863417262355,1.0751843491346884
3.403,0.8009863417262355,1.0751843491346884
3.406,0.8025756509801915,1.0752336235622921
3.41,0.8033667368051991,1.0752434590992155
3.411,0.8036824125276502,1.0752434590992155
3.412,0.8052556879159414,1.0752318460711596
3.416,0.8057258044458843,1.075213759002472
3.452,0.8065074539720204,
3.453,0.8066635026803433,1.0751770121466189
3.457,0.8072867620634862,
3.458,,1.075144620015048
3.459,0.8072867620634862,1.075144620015048
3.464,0.8088383819765093,
3.465,0.8088383819765093,1.0750360098892822
3.466,,1.0750360098892822
3.467,0.8088383819765093,1.0750360098892822
3.476,0.8111484257489703,1.0747990863162402
3.477,,1.0747990863162402
3.478,0.8119138317886095,
3.479,,1.074700376222722
3.481,0.8119138317886095,1.074700376222722
3.484,0.8119138317886095,1.074700376222722
3.488,0.8119138317886095,1.074700376222722
3.489,0.8126769450510152,1.0745841651080277
3.508,0.8157066073805652,
3.509,0.8157066073805652,1.0740588089863459
3.527,0.8164583593666305,
3.528,0.8164583593666305,1.0739008921853135
3.529,0.8164583593666305,1.0739008921853135
3.53,0.8164583593666305,1.0739008921853135
3.559,0.8187001310279168,
3.56,0.818848866324249,1.0732638456411874
3.561,0.8191460693271939,1.073149032140166
3.572,0.820183475757529,
3.573,0.8202820394618245,1.072952632591633
3.574,0.8203313213139722,1.0729206561324263
3.575,0.8216579470656483,1.0725191766096913
3.576,,1.0725191766096913
3.577,0.8226846208411702,1.0722661322154097
3.578,0.823123598033401,
3.579,0.823123598033401,1.0720355906696717
3.58,,1.0720355906696717
3.581,0.823123598033401,1.0720355906696717
3.582,0.823123598033401,1.0720355906696717
3.583,0.823123598033401,1.0720355906696717
3.584,0.823123598033401,1.0720355906696717
3.585,,1.0720355906696717
3.602,0.82746815495411,
3.603,0.82746815495411,1.0703480060195574
3.604,0.82746815495411,1.0703480060195574
3.611,0.8288990490494198,
3.612,0.8288990490494198,1.069706535526168
3.613,0.8288990490494198,1.069706535526168
3.614,0.8288990490494198,1.069706535526168
3.615,0.8288990490494198,1.069706535526168
3.616,0.8298955788658994,1.0693872399993791
3.617,0.8304631481210817,
3.62,0.833140577886338,1.0675452972159443
3.622,0.8332339603043232,1.0672523974140369
3.63,0.8352328831884598,
3.631,0.8352328831884598,1.0663314629689262
3.632,0.8352328831884598,1.0663314629689262
3.645,0.8366173284003602,
3.646,0.8367553166027195,1.065384874126617
3.647,0.8367553166027195,
3.652,0.8367553166027195,1.065384874126617
3.653,0.8367553166027195,1.065384874126617
3.654,0.837306442227583,1.0648934229818248
3.66,0.8400423168427446,1.0631538105987215
3.661,0.8400423168427446,
3.662,,1.0630557841556385
3.663,0.8409921430806613,1.062384764162088
3.664,0.8420727851780084,1.0616439428141355
3.671,0.8427455571599227,1.0611209179834356
3.673,0.8434609505285605,1.060534144039546
3.674,0.8440850612860747,
3.675,0.8442184901273202,
3.677,0.8447518054858588,1.0594926367838216
3.689,0.84488491446588,
3.69,0.845350157499636,
3.691,0.8454165524503944,1.0589301408147793
3.692,0.8454165524503944,1.0589301408147793
3.693,,1.0589301408147793
3.694,0.8467400785867071,
3.695,0.8467400785867071,1.0577755455229374
3.716,0.8473988696702285,
3.717,0.8473988696702285,1.057183446200138
3.719,0.8480556873420968,1.0565814790927532
3.723,0.8487105375136755,1.0559696442007824
3.725,0.8487105375136755,
3.726,0.8487105375136755,1.0559696442007824
3.728,0.8487105375136755,1.0559696442007824
3.73,0.8487105375136755,
3.731,0.8487105375136755,1.0559696442007824
3.741,0.8519554815283882,
3.742,0.8520842695991863,1.0526290340750153
3.743,0.8520842695991863,1.0526290340750153
3.744,0.8520842695991863,1.0526290340750153
3.745,0.8520842695991863,1.0526290340750153
3.748,0.8531543415161119,1.0513418189831092
3.749,0.8543255876509498,1.050253680748131
3.773,0.85641740227408,
3.774,0.85641740227408,1.0478579382994575
3.781,0.8570472048909806,
3.782,0.8570472048909806,1.0471178222078739
3.783,0.8570472048909806,1.0471178222078739
3.789,0.8583011560463176,
3.79,0.8583011560463177,
3.791,0.8583011560463176,1.04560798667095
3.792,0.8588006336589221,
3.793,0.8595476060207687,1.043744082124029
3.795,0.8601680320982706,
3.796,,1.0432692249811717
3.797,0.860848345181261,1.0423088534881046
3.798,0.8610643433148906,1.0421474100827515
3.8,0.8620181816479203,1.0408416532301228
3.801,,1.0408416532301228
3.823,0.8626923993833711,1.0398457577125477
3.828,0.8632423962416101,1.039173933139829
3.829,0.8632423962416101,1.039173933139829
3.831,0.8632423962416101,1.039173933139829
3.832,0.8632423962416101,1.039173933139829
3.846,0.8650650006530213,
3.847,0.8650650006530213,1.036598344619996
3.851,0.8656688993500926,1.0357200795442136
3.852,0.8662709890659014,1.0348319466838458
3.853,,1.0347425413307338
3.855,0.8668712752192592,
3.856,0.8668712752192592,1.0339339460388923
3.858,0.8668712752192592,1.0339339460388923
3.859,0.8668712752192592,
3.86,0.8668712752192592,1.0339339460388925
3.861,0.8668712752192592,1.0339339460388925
3.862,,1.0339339460388923
3.88,0.8704354187422503,1.0283387186928734
3.881,,1.0283387186928734
3.887,0.8710232303277866,
3.888,0.8710232303277866,1.0273716435558204
3.904,0.8716092811210754,
3.905,0.8716092811210754,1.0263947006341818
3.909,0.8721935763965775,1.025407889927958
3.91,0.8721935763965775,
3.911,0.8721935763965775,1.025407889927958
3.913,0.8721935763965775,1.025407889927958
3.916,0.8721935763965775,1.025407889927958
3.917,0.8721935763965775,1.025407889927958
3.918,0.8721935763965775,1.025407889927958
3.919,0.8721935763965775,1.025407889927958
3.92,0.8721935763965775,1.025407889927958
3.921,0.8721935763965775,1.025407889927958
3.922,,1.025407889927958
3.933,0.8721935763965775,1.025407889927958
3.936,0.8721935763965775,
3.937,,1.025407889927958
3.943,0.8721935763965775,1.025407889927958
3.947,0.8721935763965775,1.025407889927958
3.948,0.8721935763965775,1.025407889927958
3.95,0.8721935763965775,1.025407889927958
3.951,0.8721935763965775,1.025407889927958
3.954,0.8739359816242643,1.0223882511017721
3.955,0.8745128228928256,1.0217321412017397
3.959,0.8773740980782985,1.0160825432655887
3.96,0.8774876395536026,1.016051642081639
3.965,0.8824718755298453,1.004468750725545
3.967,0.8840674277494092,1.002405406857975
3.974,0.8846144045906664,
3.975,0.8846144045906664,1.0012015048908673
3.994,0.8359261441275422,
3.995,,1.0659071159840814
3.996,0.8359261441275422,1.0659071159840814
3.997,,1.0659071159840814
3.998,0.8359261441275422,1.0659071159840814
4.002,0.8359261441275422,1.0659071159840814
4.006,0.8368932220369926,1.0652076358163929
4.007,0.8374438520453362,1.064666447812523
4.018,0.8393614229631257,
4.019,0.8393614229631257,
4.02,,1.063637364291078
4.021,0.8399063014323095,
4.022,0.8403141029582516,1.0629903893367616
4.033,0.8407211711016893,1.062660389121777
4.036,0.8413078573420719,1.0622078234977845
4.037,0.8421400623034989,1.061120720627742
4.04,0.8434163138503419,
4.041,,1.0605880253681481
4.043,0.8434163138503419,1.0605880253681481
4.051,0.8447518054858608,
4.052,0.8447518054858608,1.0594926367838202
4.054,0.8447518054858608,1.0594926367838202
4.063,0.8447518054858608,1.0594926367838202
4.064,0.8447518054858608,1.0594926367838202
4.065,0.8447518054858608,1.0594926367838202
4.094,0.8473988696702304,
4.095,0.8473988696702304,1.0571834462001364
4.096,0.8473988696702304,
4.097,0.8473988696702304,1.0571834462001364
4.098,0.8483178631803241,1.0560611234010389
4.099,,1.0549701833816898
4.101,0.8506633418750168,
4.102,,1.0540749328173553
4.132,0.7700935461832811,1.0672858217779309
4.133,0.7700935461832811,1.0672858217779309
4.135,0.7709819322992679,1.0676772116521647
4.136,,1.0676772116521647
4.177,0.7718676572506493,
4.179,0.7718676572506493,1.0680587337418128
4.185,0.7727507290089562,1.0684303880468757
4.186,0.7727507290089562,1.0684303880468757
4.189,0.7736311555218404,1.0687921745673528
4.19,0.7736311555218404,1.0687921745673528
4.207,0.7745089447131461,
4.208,0.7746841867684444,1.0692132929162723
4.211,0.7753841044829822,1.0694861442545498
4.212,0.7753841044829822,
4.213,0.7753841044829822,1.0694861442545498
4.222,0.7771265672404267,1.0701406428034048
4.226,0.7779938859102121,
4.227,0.7779938859102121,1.0704530904009537
4.238,0.778858606523022,
4.239,0.7790312395640168,1.0708739391594182
4.244,0.7797207368613478,1.0710483822422947
4.246,0.7797207368613478,
4.247,0.7797207368613478,1.0710483822422947
4.25,0.7797207368613478,
4.251,0.7797207368613478,1.0710483822422947
4.254,0.7797207368613478,1.0710483822422947
4.255,0.7797207368613478,
4.256,0.7797207368613478,1.0710483822422947
4.257,0.7797207368613478,1.0710483822422947
4.263,0.7807518335636444,1.0714416012039196
4.264,,1.0714961964957608
4.265,0.784247084512812,
4.266,0.7858523095662371,1.0726880700849246
4.276,0.7873646201810066,1.0732387401913412
4.282,0.7882012707171716,1.0734703970762167
4.283,0.7890354150628932,1.0736169407717986
4.284,0.7890354150628932,1.0736169407717986
4.288,0.7898670607254766,1.073791239385149
4.293,0.790696215189738,1.0739556702139137
4.308,0.7915228859180734,
4.309,,1.0741102332580927
4.314,0.7923470803505249,
4.315,0.7923470803505249,1.0743006604321224
4.319,0.7931688059048477,
4.32,0.7931688059048477,1.074389755992694
4.325,0.7931688059048477,1.074389755992694
4.326,,1.074389755992694
4.33,0.7931688059048477,1.0744154057830844
4.339,0.7956192431437004,1.0747350317102036
4.344,0.7964311669196625,
4.345,0.7964311669196625,1.074830388046869
4.351,0.7973483966528843,1.0749317901752145
4.38,0.7980477253930519,
4.382,0.7980477253930519,
4.383,0.7980477253930519,1.074991497366443
4.39,0.7989594682250387,1.0750692168117828
4.391,0.7990130150178,1.0750692168117828
4.393,0.7990130150178,1.0750692168117828
4.394,0.7990130150178,1.0750692168117828
4.398,0.8019936194220034,1.0752271527034296
4.399,,1.0752390478340323
4.4,0.8036299051289734,1.0752445447705044
4.406,0.8044178329309377,
4.407,0.8044178329309378,1.0752412232613136
4.408,,1.0752412232613136
4.412,0.8044178329309377,1.0752412232613136
4.413,,1.0752412232613136
4.414,0.8059083873997253,1.075204976889175
4.417,0.8075460123213616,1.0751292593786939
4.419,0.808747955071307,1.0750480111791878
4.42,0.8090960813900231,1.0749883737862322
4.422,0.7901437219777373,1.0738471460819135
4.429,0.7909720477019737,1.0740082876491497
4.43,0.7920724148466695,1.0742169132537929
4.431,,1.0742918035042495
4.432,0.7926212628227571,
4.433,0.7930317149425044,1.0744724534942678
4.434,0.7950766058402308,
4.435,0.7950766058402308,1.074665978716546
4.437,0.7958901550886756,1.0747679135762684
4.438,0.7958901550886756,1.0747679135762684
4.439,0.7958901550886756,1.0747679135762684
4.442,0.7983162100696144,1.075014511447922
4.443,,1.075014511447922
4.444,0.7994935458878695,1.075098839636985
4.445,0.801092327037586,1.0751722992583048
4.446,0.8018880468067288,
4.448,0.8023114278749771,
4.449,0.8023114278749771,1.0752281522089655
4.45,0.8031033051814845,1.0752412770074176
4.451,0.8031033051814845,1.0752412770074176
4.453,0.8031033051814845,
4.454,0.8031033051814845,1.0752412770074176
4.458,0.8031033051814845,1.0752412770074176
4.459,0.8031033051814845,1.0752412770074176
4.46,0.8031033051814845,1.0752412770074176
4.462,0.8046799506839546,
4.463,0.8046799506839547,1.0752379232505642
4.467,0.7523836835658317,
4.468,0.7525721967960678,1.0578966058260935
4.469,0.7537007068778678,1.0588763562291887
4.47,0.7551995400525436,1.0594962807696595
4.472,0.7561325412308677,1.0600488444587917
4.474,0.7570627475999668,1.0605915403633384
4.475,0.757062747599967,1.0605915403633384
4.476,0.759037873192946,1.0617507367515997
4.477,0.7598366814452354,1.0621604213694646
4.478,0.7607557920456661,1.0626636461356689
4.479,0.7617328372148758,1.0630975634526632
4.481,0.6952614108734197,1.0098083951413834
4.484,0.6977596431698714,1.0122841381920118
4.485,0.6998016988961393,1.0140537224551522
4.486,0.7007909147534098,1.014713068472566
4.487,0.7007909147534098,1.0153670858863033
4.49,0.7018868972134729,
4.491,,1.0164492206815305
4.492,0.7031976126219203,1.0180688794091297
4.493,0.7053709870795069,1.019636418359698
4.494,0.7072454810092595,1.0211257716865816
4.495,0.7087519273203382,1.022988071052377
4.496,0.7096816538046973,1.02415032742129
4.498,0.7105373905407291,1.0247510587982651
4.502,0.7116041773887449,1.0257443835322217
4.503,0.7123842294425883,1.0267278404815925
4.506,0.7137281739627047,1.0277014296463778
4.507,0.7137281739627047,1.0277014296463778
4.508,0.7137281739627047,1.0277014296463778
4.509,0.7137281739627047,1.0277014296463778
4.51,0.7143623423902078,1.0277014296463778
4.511,0.7163651691603461,1.0299702481841762
4.512,0.717100172005154,1.0308442126196113
4.514,0.7241590828047644,1.036894593142022
4.515,,1.036894593142022
4.516,0.7251850658123516,1.0377596366763655
4.517,0.7253898318886465,1.0378282875631761
4.518,0.7260717102639731,1.0385124281629825
4.52,0.7292583563997097,1.0411211329678833
4.521,0.7302689433829453,1.0420178159733653
4.522,0.7306724995234812,1.0426352294958847
4.524,0.7322814070585831,
4.525,0.7325822033730187,1.0438542680855865
4.526,0.7342817117013929,1.0443766251746973
4.527,0.7210790063006778,1.0451780094593364
4.528,0.7085374075858422,1.022811057999753
4.531,0.7098244192548494,1.0240833602064139
4.532,0.7098244192548494,1.0240833602064139
4.534,0.7111067417800786,
4.535,0.7121716955412652,1.0260732989358559
4.536,0.7133395849172085,1.0270244468604879
4.538,0.7152776356765304,1.0294461832588844
4.539,0.7161901165596203,1.0300607154681563
4.54,0.7187044851314697,
4.541,0.719330253697566,1.0324210517037784
4.542,0.7203707014844573,1.0336383424701976
4.543,0.7203707014844573,1.0341350032247927
4.545,0.7235968699948307,1.0363124153499128
4.546,0.7257309381418735,1.0375538460711853
4.547,0.7263441317266365,1.0387704872621986
4.548,0.7275670902063622,1.0399543551849881
4.549,0.7281769204321336,1.0402401715575866
4.551,0.7295955960620433,1.0413941309255321
4.552,0.7306052939697223,1.042206546275419
4.553,0.7312766913706841,1.0428493737504267
4.554,0.7321140371298862,
4.555,0.7324151344151731,1.0436440270880596
4.556,0.732415134415173,1.043959026765583
4.557,0.7360055083400449,1.0461963218316899
4.558,,1.0468738148984422
4.56,0.737835553962606,1.0481307842631629
4.561,0.7395575517099964,1.0489010425024403
4.562,0.7395575517099964,1.049122079759239
4.563,0.7409935006581697,1.050231362601947
4.564,0.742487274511066,1.0509632890035683
4.565,0.7443301749885836,1.0522741425346864
4.566,0.7459703824612384,1.053992895195118
4.567,0.7473147122029126,1.0545078361818963
4.568,0.7473147122029126,1.0545078361818963
4.569,0.7481757851569288,1.055142631409242
4.57,0.7488438713209671,1.0555186404385875
4.571,0.7492250870739608,1.0557675588520021
4.572,0.7502709034791559,1.05682734687737
4.573,0.7520692433888492,1.0577010151564192
4.574,0.7526347833057543,1.058213927378283
4.575,0.7534817371739453,1.058476623884786
4.576,0.7550748161306071,1.0594772479845382
4.577,0.7557285703605104,1.0598657529829256
4.578,0.7561945859607235,
4.579,0.7568459350440286,1.0605197510480655
4.58,0.7576813366428643,1.0605197510480655
4.581,0.7579592844465286,1.0611595395034021
4.584,0.7593453605169568,1.0619904869397128
4.585,0.7604497281646132,1.0625971196388417
4.586,0.7613670023808398,1.0629936472105925
4.587,0.7619160474877157,1.0631568276900074
4.588,,1.0634477106309943
4.589,0.7637993531380439,1.0644243792325199
4.59,0.7641023717336064,1.0646084334085923
4.591,0.7648276553529665,1.0648132741051417
4.592,0.7668132332130563,
4.593,0.767471742801315,1.0660507569601338
4.594,0.7687261553502897,1.0666939335698291
4.595,0.7691429921223825,1.0669992186391617
4.596,0.7704788274157366,
4.597,0.7709227362044121,1.0676514259916279
4.6,0.7712774692405427,1.0678054821025595
4.601,0.7720736129314645,1.068232698699356
4.602,0.7734842713008441,1.0687265455383168
4.603,0.7745087927638491,1.0692592067075246
4.604,0.7757915682124964,1.0695979683973018
4.605,0.7774157543575224,1.0701418265075884
4.606,0.7780659833879808,1.070533515210157
4.607,0.7797494171083768,1.0710866649468005
4.608,0.7800075393660066,1.0712369450714914
4.609,0.7817223445697867,1.0716126881651167
4.61,0.7825758965679164,1.071950409545316
4.611,0.7842745244791747,1.0723876048049095
4.612,0.7859644781099276,1.07284982547566
4.614,0.7879782086121545,1.073314249274434
4.615,0.7884239428183174,1.0734641266258256
4.616,0.7901437219777423,1.0738874314737235
4.617,0.7916329214218106,1.0741097560464417
4.618,0.7926212628227621,1.0743009674298658
4.619,0.7933052512888225,1.0744164842308976
4.62,0.7939331362245442,1.0745363942423303
4.621,0.79750994991429,1.0749421799419567
4.622,0.7983162100696192,1.0750145114479224
4.623,0.799200294978127,1.0750587748468257
4.624,0.7996812052967702,1.075109716865529
4.625,0.8003210103319892,1.0751602702354095
4.626,0.8022320023101661,1.0752340114479206
4.627,0.8041029034199513,1.0752438039342147
4.628,0.8043653023874244,1.0752389790390195
4.629,0.8049941147874292,1.0752328740037773
4.63,,1.0752228064065352
4.631,0.8077273216573888,1.0751161375900233
4.632,0.8085283585059081,1.075029341502739
4.633,0.8102396461084329,1.074925967537351
4.634,0.811352574771642,1.0747943487047158
4.635,0.8126259489747025,1.0746066481780034
4.636,0.813387050648931,1.0744356826830013
4.637,0.814952526265626,1.0742111789745197
4.638,0.8154555217994227,1.0741092550790017
4.639,0.8156963772907881,1.0740383990417786
4.64,0.8168080462550017,1.0738571144791949
4.641,0.8181540041302056,1.0735329638826125
4.642,0.8191955684965903,1.073237439535627
4.643,0.8204789205876009,1.0729063566591353
4.644,0.8218537875444661,1.0724803360206308
4.645,0.8229529594993729,1.072110288509075
4.646,0.8238285766304934,1.0718439386004428
4.647,0.825643233892618,1.0712923687520062
4.648,0.8267014265290173,1.0705122999032468
4.649,0.8279460738992938,1.0703051097495326
4.65,0.8286848130310043,1.0699617526604213
4.651,0.8290890160223655,1.0695917433085986
4.652,0.8306519928883191,1.068789841986444
4.656,0.8323450973640923,1.067674685585282
4.657,0.8336071633229433,1.067674685585282
4.658,0.834444627320079,1.0671223076426823
4.659,0.8350013336495175,1.0667186172202376
4.66,0.8355565805697879,1.0662753438675552
4.661,0.8362482912355522,1.0656312580887737
4.662,0.837764511934551,1.064726360528846
4.663,0.8380392218730596,1.0642413579490326
4.664,0.8393385992343625,1.0635243377404973
4.665,0.8406307748254207,1.0627409217303003
4.666,0.8406307748254207,1.0626519461463872
4.667,0.8424542603326588,1.061554644953223
4.669,0.8431929518351388,1.060659647855512
4.67,0.8433269958468128,1.060659647855512
4.671,0.8446962723957328,1.0595666933247148
4.672,0.8454604530628108,1.0584969585177602
4.673,0.8466517260392417,1.0579707191228434
4.674,0.8473111450076761,1.0570837542727944
4.675,0.8489497949425324,1.0558961035149736
4.676,0.8497975982429177,1.0549067851230565
4.677,0.8510082224499943,1.0540747573900668
4.678,0.8517406629518721,1.0530280627754254
4.679,,1.052771207223453
4.68,0.8534104111532339,1.0512028302697816
4.681,0.8548134204542817,1.0506035865849481
4.682,0.8550674918763949,1.049520496848499
4.683,0.8566695416719785,
4.684,0.8568374616999103,1.047308368119439
4.685,0.8574660248549703,1.0464675182199024
4.686,0.8585926262049318,1.0452496175427008
4.687,0.8596510558242381,1.0439014029882554
4.688,0.8605803940723469,1.0426086532086138
4.689,,1.0414414846823314
4.69,0.8623657793293621,1.0403375370156795
4.691,0.8632830404184423,1.0396930612244597
4.692,0.8643176654992687,1.0375817826507268
4.693,0.864923094729799,1.0362310960980015
4.694,0.8660704931570626,1.0349954727506936
4.695,,1.0343780034827152
4.696,0.8674792141451363,1.0326300565799558
4.697,0.8692939705042647,
4.698,0.8698063233732921,1.0292529156902446
4.699,0.8703961607174904,1.028274554014799
4.7,0.8713846889443604,1.0263939550682217
4.701,0.8722324671254371,1.024976456411874
4.702,0.8729698608153217,
4.703,0.873858318643035,1.0222781144146675
4.704,0.8750113946310883,1.020567829087353
4.705,0.8758534474522697,1.019209519509797
4.706,0.8766909078311725,1.016760129635562
4.707,,1.014027383776454
4.708,0.8796693700700384,1.0115164058045378
4.709,0.8805925289994598,1.010661410125724
4.71,0.8810109820701107,1.0087740967429437
4.711,0.8820661344547236,1.0061137336342683
4.712,0.8826743866827569,1.0055516491453933
4.713,0.882949945133153,1.0048220051595824
4.714,0.8842681682722495,1.002982534343716
4.715,0.8849781125489822,1.0004535014510996
4.716,0.885739636791232,0.9983125140276871
4.717,0.8862274078081275,0.9970061680461035
4.718,0.8878977863546245,0.9948404018979583
4.719,0.8885396198137535,0.9916431680102711
4.72,0.889286743619187,0.9901814932816885
4.721,0.8751463596005025,0.9894024452326716
4.722,0.8760442109042156,1.0189278404815256
4.723,0.8765391628319806,1.0172286440932627
4.724,0.8777900764213648,1.0152149418466752
4.725,0.8789574960725043,1.0130183085025917
4.726,0.8793510609917491,1.0120322909045814
4.727,,1.0112319059596326
4.728,0.8811965449578004,1.0080928013758566
4.729,0.8815300908954751,1.0079699374394917
4.73,0.882747968877331,1.004940706868707
4.731,0.8829685389461684,1.0047836074384158
4.732,,1.0035994410404794
4.733,0.884832605359507,1.0005649171772082
4.734,0.8858661681711871,0.9987640976028768
4.735,0.8860288885758986,0.9974586965801647
4.736,0.8873248096638612,0.9950339782865258
4.737,0.8876114985548669,0.9942770998602116
4.738,0.887969279607146,0.9933264133074863
4.739,0.8888516240081413,0.9913437280446672
4.74,0.8891091134585379,0.9906237565147459
4.741,0.8902330274391999,0.9890114191120641
4.742,0.8907352959082512,0.98660317102005
4.743,0.8915251690147438,0.9851868683219951
4.744,0.8919973582398761,0.9818564112113846
4.745,0.8938217209425667,0.9781201333977749
4.746,0.895216302984713,0.9750512307857132
4.747,0.895216302984713,0.9750512307857132
4.748,0.8957298525514488,
4.749,0.8960372620652931,0.9729173006165589
4.75,0.8964973017848139,0.9701795926044798
4.751,0.8984767495203623,0.967313585786402
4.752,0.8989469756328408,0.9644338887670063
4.753,0.9000836472747898,0.9628875339137326
4.754,0.9007818287488137,0.9604959260453025
4.755,0.9008315792735392,0.9586823858969626
4.756,0.9015165868383335,0.9568986755731036
4.757,0.902050904359623,0.9551166195850191
4.758,,0.9524742744490409
4.759,0.9036919746388374,0.9495298247876406
4.76,0.9049744808394133,0.94495384284633
4.761,0.9056199578231997,0.9428916714177579
4.762,0.9065832105506795,0.9406960062344831
4.763,0.907174481513577,0.9374250814329589
4.764,0.9082712537471753,0.9354252859585199
4.765,0.9091947453031144,0.9310202579812287
4.766,0.910348146724902,0.9252290744920303
4.767,0.9115939230917297,0.9220591540362624
4.768,0.9120275720472726,0.9201406238846979
4.769,0.9125213334811558,0.9190302803396047
4.77,0.9135047719374398,0.914041234977892
4.771,0.9145733405525044,0.9108752158931384
4.772,0.915422080835476,0.9065048475913329
4.773,0.916507783533517,0.9028896506502531
4.774,0.9173385927491219,0.8995507290120708
4.775,0.9180314684444632,0.8961218778887763
4.776,0.9192159375494425,0.8929112077823583
4.777,0.9196987782327033,0.8896608689669216
4.778,0.9203319222325118,0.8868930273674371
4.779,0.9212249531913674,0.8827188982048
4.78,0.9227702373244067,0.8782095425130866
4.781,0.9234591820381757,0.8724720014331467
4.782,0.9246853097129145,0.8675537091260049
4.783,0.9256334975787631,0.8630040621304107
4.784,0.9264771882091258,0.8576682649930096
4.785,0.9271904662855377,0.8555065995914429
4.786,0.9279969314817307,0.8502334046005787
4.787,0.9288955345972358,0.8457654997311806
4.788,0.9297441298918427,0.8419760816939875
4.789,0.9305590087556558,0.8355679782864831
4.79,0.9315556643298295,0.8315251859614257
4.791,0.9332477669984551,0.8255532704963667
4.792,0.9336359162556446,0.8203238705792884
4.793,0.9348300920586117,0.8164986019562628
4.794,0.9355491519330279,0.8080676941845742
4.795,0.9366123517807269,0.8032261788669337
4.796,0.9370094309521818,0.7989931826721569
4.797,0.9380810082679678,0.7946633234439502
4.798,0.9388886307207784,0.7894318789636737
4.799,0.939424283027056,0.785868327044937
4.8,0.9402611241065892,0.7793173294635104
4.801,0.9412752412716129,0.773881857809204
4.802,0.9426891681897017,0.7653315075995926
4.803,0.9439049535457036,0.7581725606792427
4.804,0.9444082015566331,0.7546917371545725
4.805,0.9450856464205597,0.7482906505857226
4.806,0.9459681064310365,0.7424727483606326
4.807,0.9469775299860782,0.7372111906552318
4.808,0.9475653993657251,0.7317103147370679
4.809,0.9482990798331058,0.7283420599191129
4.81,0.9487599470504443,0.7217318600757432
4.811,0.9495819858721454,0.7162188380091277
4.812,0.9505427993183311,0.7079158854131893
4.813,0.9518904760859653,0.7004770448548425
4.814,0.9526895379642559,0.690038312658877
4.815,0.9538014600159278,0.6828716300117009
4.816,0.9545718697366995,0.6764440655535845
4.817,0.9555145927041847,0.6704360391270376
4.818,0.9566606096167545,0.6596378162189109
4.819,0.9574978959776629,0.6505395817208208
4.82,0.9586730054639321,0.6394315074705768
4.821,0.9598514189034132,0.6305630300563416
4.822,0.9606077194755595,0.6228557512628988
4.823,0.961289697438342,0.6151343242159037
4.824,0.9625305453367995,0.6071358639454407
4.825,0.9633809681658558,0.5973016012037733
4.826,0.9642832740649218,0.5885048679533609
4.827,0.9647969896527119,0.5820498146667561
4.828,0.9655479863022954,0.5730033457909706
4.829,0.966483990146121,0.5639820999061829
4.83,0.9675983885128446,0.5549860798020674
4.831,0.9685361816686441,0.5415039724818456
4.832,0.9694154490758642,0.5337473026685875
4.833,0.9703858968533895,0.525977041169363
4.834,0.9710644759720382,0.5130655606791963
4.835,0.9718988454909907,0.5050585985881131
4.836,0.972582050887616,0.4951010753518794
4.837,0.9735433482338328,0.4845281043389425
4.838,0.9744172099042145,0.47799776627269386
4.839,0.9751229172756147,0.4653229629541139
4.84,0.9761036152604743,0.45299880237541296
4.841,0.976864036772961,0.4407030025796461
4.842,0.9776315739910445,0.4359772610984026
4.843,0.978355373940867,0.4252161638179535
4.844,0.9789866020469754,0.41276375730196957
4.845,0.9795433885922308,0.40459173088233796
4.846,0.9806084569717235,0.3940309184038931
4.847,0.9815095552279277,0.3754675513273509
4.848,0.9827822905869407,0.3634118714084288
4.849,0.98380380258156,0.3479336843394677
4.85,0.9849465176686087,0.32486340155798354
4.851,0.9857034120607627,0.310131167293516
4.852,0.9865727383420481,0.2992544543335372
4.853,0.9875255444897005,0.2856710742769224
4.854,0.9884554396552588,0.27079004278170343
4.855,0.9891804540143799,0.25880000752425775
4.856,0.9904320842364293,0.24090052708295048
4.857,0.991087407868873,0.2236502076860563
4.858,0.9918099229635823,0.20861467947953302
4.859,0.9925012886384404,0.19139589895711837
4.86,0.9935396613972679,0.17842594257207917
4.861,0.9941547351076981,0.16450306653746466
4.862,0.9949108834666864,0.1494819884071652
4.863,0.9957889961795525,0.1296414025394034
4.864,0.9969895072345242,0.10988679074316565
4.865,0.9977131977585356,0.09477423633931
4.866,0.9983929436671615,0.07659727485734805
4.867,0.9992479079388936,0.06329614350819238
4.868,1.0000501304342617,0.045458761840037144
4.869,1.0007163960887604,0.027659882112432317
4.87,1.0014043422047725,0.01125208371138869
