id,aborted,batches_completed,creature_key,engram_count,mean_eligibility,onset_cycle,std_eligibility
2552,f,2,181,23,0.6803130771555795,13,0.20889265427569345
3227,f,2,182,31,0.59913303998861,16,0.23110135025421802
4490,f,3,180,33,0.6366415288755128,14,0.25576735038972215
6171,f,3,181,39,0.5777332497074829,26,0.26371524944491614
7969,f,4,182,57,0.4576840561369248,28,0.29528796881170055
9384,f,4,180,54,0.5243311187839809,26,0.29832271456458737
10740,f,4,180,54,0.5243311187839809,38,0.29832271456458737
12302,f,5,181,66,0.45566164248261587,38,0.30534668923699626
13702,f,6,182,91,0.37080977146263944,52,0.30611285760841983
15951,f,6,180,88,0.40874520929125496,50,0.3211970502112397
17325,f,7,181,100,0.3772936640714811,50,0.31227331373257294
20126,f,8,182,125,0.3311950976511653,64,0.30275876044327704
22302,f,7,181,100,0.3772936640714811,63,0.31227331373257294
24849,f,8,180,122,0.357584232958409,65,0.3176618753150775
26302,f,8,181,128,0.3194854967535623,78,0.30131664905274846
28702,f,8,182,125,0.3311950976511653,76,0.30275876044327704
30991,f,8,180,128,0.26667434336535734,78,0.28641973182777436
32402,f,8,181,128,0.3194854967535623,91,0.30131664905274846
34402,f,8,182,128,0.23814032007847044,91,0.26891293956030754
36652,f,8,181,128,0.3194854967535623,103,0.30131664905274846
38610,f,8,180,128,0.26667434336535734,91,0.28641973182777436
40283,f,8,182,128,0.23814032007847044,104,0.26891293956030754
42084,f,8,181,128,0.23814032007847044,118,0.26891293956030754
43900,f,8,182,128,0.23814032007847044,117,0.26891293956030754
45843,f,8,180,128,0.23814032007847044,104,0.26891293956030754
47391,f,8,181,128,0.23814032007847044,131,0.26891293956030754
49964,f,8,182,128,0.23814032007847044,129,0.26891293956030754
51931,f,8,180,128,0.23814032007847044,116,0.26891293956030754
53447,f,8,180,128,0.23814032007847044,129,0.26891293956030754
55152,f,8,181,128,0.23814032007847044,145,0.26891293956030754
56797,f,8,182,128,0.23814032007847044,142,0.26891293956030754
59192,f,8,180,128,0.23814032007847044,143,0.26891293956030754
60852,f,8,181,128,0.23814032007847044,159,0.26891293956030754
62367,f,8,182,128,0.23814032007847044,156,0.26891293956030754
64245,f,8,182,128,0.23814032007847044,168,0.26891293956030754
66442,f,8,180,128,0.23814032007847044,156,0.26891293956030754
68262,f,8,181,128,0.23814032007847044,172,0.26891293956030754
70352,f,8,181,128,0.23814032007847044,185,0.26891293956030754
72682,f,8,182,128,0.23814032007847044,185,0.26891293956030754
74219,f,8,180,128,0.23814032007847044,171,0.26891293956030754
76564,f,8,181,128,0.23814032007847044,198,0.26891293956030754
78989,f,8,180,128,0.23814032007847044,184,0.26891293956030754
82202,f,8,182,128,0.23814032007847044,197,0.26891293956030754
83440,f,8,180,128,0.23814032007847044,197,0.26891293956030754
85580,f,8,181,128,0.23814032007847044,214,0.26891293956030754
86952,f,8,182,128,0.23814032007847044,211,0.26891293956030754
88427,f,8,182,128,0.23814032007847044,225,0.26891293956030754
89852,f,8,180,128,0.23814032007847044,211,0.26891293956030754
91954,f,8,181,128,0.23814032007847044,228,0.26891293956030754
93895,f,8,182,128,0.23814032007847044,237,0.26891293956030754
96111,f,8,181,128,0.23814032007847044,240,0.26891293956030754
97502,f,8,182,128,0.23814032007847044,249,0.26891293956030754
99497,f,8,181,128,0.23814032007847044,252,0.26891293956030754
101298,f,8,180,128,0.23814032007847044,226,0.26891293956030754
103102,f,8,182,128,0.23814032007847044,262,0.26891293956030754
104609,f,8,181,128,0.23814032007847044,267,0.26891293956030754
106578,f,8,182,128,0.23814032007847044,274,0.26891293956030754
108868,f,8,180,128,0.23814032007847044,242,0.26891293956030754
110780,f,8,182,128,0.23814032007847044,287,0.26891293956030754
112801,f,8,180,128,0.23814032007847044,255,0.26891293956030754
114381,f,8,181,128,0.23814032007847044,279,0.26891293956030754
116152,f,8,181,128,0.23814032007847044,293,0.26891293956030754
118792,f,8,182,128,0.23814032007847044,309,0.26891293956030754
120652,f,8,180,128,0.23814032007847044,268,0.26891293956030754
122402,f,8,182,128,0.23814032007847044,324,0.26891293956030754
123952,f,8,181,128,0.23814032007847044,309,0.26891293956030754
126152,f,8,181,128,0.23814032007847044,323,0.26891293956030754
128099,f,8,182,128,0.23814032007847044,337,0.26891293956030754
130205,f,8,180,128,0.23814032007847044,281,0.26891293956030754
132100,f,8,181,128,0.23814032007847044,336,0.26891293956030754
133761,f,8,180,128,0.23814032007847044,294,0.26891293956030754
135567,f,8,182,128,0.23814032007847044,353,0.26891293956030754
137152,f,8,182,128,0.23814032007847044,365,0.26891293956030754
139402,f,8,181,128,0.23814032007847044,350,0.26891293956030754
140952,f,8,180,128,0.23814032007847044,306,0.26891293956030754
142852,f,8,182,128,0.23814032007847044,377,0.26891293956030754
144751,f,8,181,128,0.23814032007847044,364,0.26891293956030754
147200,f,8,180,128,0.23814032007847044,319,0.26891293956030754
148898,f,8,182,128,0.23814032007847044,389,0.26891293956030754
150102,f,8,181,128,0.23814032007847044,376,0.26891293956030754
151738,f,8,182,128,0.23814032007847044,401,0.26891293956030754
153502,f,8,180,128,0.23814032007847044,336,0.26891293956030754
155782,f,8,181,128,0.23814032007847044,390,0.26891293956030754
157173,f,8,182,128,0.23814032007847044,417,0.26891293956030754
158702,f,8,180,128,0.23814032007847044,348,0.26891293956030754
161317,f,8,181,128,0.23814032007847044,403,0.26891293956030754
162752,f,8,182,128,0.23814032007847044,430,0.26891293956030754
164652,f,8,180,128,0.23814032007847044,363,0.26891293956030754
166663,f,8,181,128,0.23814032007847044,420,0.26891293956030754
168643,f,8,182,128,0.23814032007847044,443,0.26891293956030754
170752,f,8,180,128,0.23814032007847044,376,0.26891293956030754
173568,f,8,181,128,0.23814032007847044,435,0.26891293956030754
174952,f,8,180,128,0.23814032007847044,389,0.26891293956030754
176549,f,8,182,128,0.23814032007847044,457,0.26891293956030754
178456,f,8,181,128,0.23814032007847044,447,0.26891293956030754
180329,f,8,180,128,0.23814032007847044,403,0.26891293956030754
182252,f,8,182,128,0.23814032007847044,469,0.26891293956030754
184210,f,8,181,128,0.23814032007847044,459,0.26891293956030754
210977,f,8,181,128,0.23814032007847044,538,0.26891293956030754
235480,f,8,182,128,0.23054035683708765,612,0.2609011440743639
284657,f,8,181,128,0.23814032007847044,720,0.26891293956030754
303356,f,8,180,128,0.23814032007847044,719,0.26891293956030754
185870,f,8,180,128,0.23814032007847044,416,0.26891293956030754
247702,f,8,181,128,0.23814032007847044,632,0.26891293956030754
187402,f,8,182,128,0.23814032007847044,483,0.26891293956030754
310599,f,8,181,128,0.23814032007847044,776,0.26891293956030754
188775,f,8,181,128,0.23814032007847044,471,0.26891293956030754
244263,f,8,182,128,0.23054035683708765,656,0.2609011440743639
257606,f,8,181,128,0.23814032007847044,673,0.26891293956030754
301502,f,8,182,128,0.23814032007847044,813,0.26891293956030754
190671,f,8,180,128,0.23814032007847044,428,0.26891293956030754
196808,f,8,180,128,0.23814032007847044,440,0.26891293956030754
205890,f,8,181,128,0.23814032007847044,511,0.26891293956030754
212524,f,8,180,128,0.23814032007847044,479,0.26891293956030754
223840,f,8,182,128,0.23054035683708765,563,0.2609011440743639
239902,f,8,181,128,0.23814032007847044,617,0.26891293956030754
263781,f,8,182,128,0.23814032007847044,717,0.26891293956030754
286223,f,8,180,128,0.23814032007847044,664,0.26891293956030754
192115,f,8,182,128,0.23814032007847044,498,0.26891293956030754
217990,f,8,182,128,0.23814032007847044,547,0.26891293956030754
254652,f,8,180,128,0.23814032007847044,579,0.26891293956030754
259731,f,8,182,128,0.23814032007847044,703,0.26891293956030754
267074,f,8,182,128,0.23814032007847044,730,0.26891293956030754
307072,f,8,180,128,0.23814032007847044,734,0.26891293956030754
194455,f,8,181,128,0.23814032007847044,483,0.26891293956030754
208252,f,8,181,128,0.23814032007847044,525,0.26891293956030754
219602,f,8,180,128,0.23814032007847044,508,0.26891293956030754
242952,f,8,180,128,0.23814032007847044,554,0.26891293956030754
294180,f,8,180,128,0.23814032007847044,689,0.26891293956030754
308912,f,8,182,128,0.23814032007847044,825,0.26891293956030754
315046,f,8,182,128,0.23814032007847044,840,0.26891293956030754
198418,f,8,181,128,0.23814032007847044,497,0.26891293956030754
221802,f,8,181,128,0.23814032007847044,566,0.26891293956030754
233852,f,8,181,128,0.23814032007847044,605,0.26891293956030754
261530,f,8,180,128,0.23814032007847044,592,0.26891293956030754
272902,f,8,181,128,0.23814032007847044,707,0.26891293956030754
280786,f,8,180,128,0.23814032007847044,645,0.26891293956030754
291852,f,8,181,128,0.23814032007847044,734,0.26891293956030754
200356,f,8,180,128,0.23814032007847044,453,0.26891293956030754
204477,f,8,180,128,0.23814032007847044,466,0.26891293956030754
202533,f,8,182,128,0.23814032007847044,519,0.26891293956030754
228314,f,8,182,128,0.23054035683708765,587,0.2609011440743639
251552,f,8,182,128,0.23054035683708765,684,0.2609011440743639
268966,f,8,181,128,0.23814032007847044,693,0.26891293956030754
276102,f,8,180,128,0.23814032007847044,633,0.26891293956030754
209867,f,8,182,128,0.23814032007847044,532,0.26891293956030754
226502,f,8,181,128,0.23814032007847044,578,0.26891293956030754
305309,f,8,181,128,0.23814032007847044,764,0.26891293956030754
213752,f,8,181,128,0.23814032007847044,552,0.26891293956030754
215839,f,8,180,128,0.23814032007847044,494,0.26891293956030754
256252,f,8,181,128,0.23814032007847044,660,0.26891293956030754
265387,f,8,180,128,0.23814032007847044,604,0.26891293956030754
282839,f,8,182,128,0.23814032007847044,766,0.26891293956030754
289723,f,8,180,128,0.23814032007847044,676,0.26891293956030754
299748,f,8,180,128,0.23814032007847044,702,0.26891293956030754
317060,f,8,181,128,0.23814032007847044,788,0.26891293956030754
225209,f,8,182,128,0.23054035683708765,575,0.2609011440743639
230515,f,8,180,128,0.23814032007847044,524,0.26891293956030754
231329,f,8,182,128,0.23054035683708765,600,0.2609011440743639
271151,f,8,180,128,0.23814032007847044,618,0.26891293956030754
298044,f,8,181,128,0.23814032007847044,749,0.26891293956030754
232552,f,8,181,128,0.23814032007847044,591,0.26891293956030754
253277,f,8,181,128,0.23814032007847044,648,0.26891293956030754
296318,f,8,182,128,0.23814032007847044,801,0.26891293956030754
236490,f,8,180,128,0.23814032007847044,537,0.26891293956030754
238251,f,8,182,128,0.23054035683708765,628,0.2609011440743639
274748,f,8,182,128,0.23814032007847044,742,0.26891293956030754
287608,f,8,182,128,0.23814032007847044,780,0.26891293956030754
241534,f,8,182,128,0.23054035683708765,640,0.2609011440743639
245975,f,8,180,128,0.23814032007847044,566,0.26891293956030754
249785,f,8,182,128,0.23054035683708765,672,0.2609011440743639
278904,f,8,182,128,0.23814032007847044,754,0.26891293956030754
312948,f,8,180,128,0.23814032007847044,747,0.26891293956030754
318873,f,8,180,128,0.23814032007847044,759,0.26891293956030754
320502,f,8,182,128,0.23814032007847044,853,0.26891293956030754
322070,f,8,181,128,0.23814032007847044,801,0.26891293956030754
324102,f,8,182,128,0.23814032007847044,865,0.26891293956030754
326502,f,8,180,128,0.23814032007847044,773,0.26891293956030754
328201,f,8,181,128,0.23814032007847044,813,0.26891293956030754
329970,f,8,182,128,0.23814032007847044,877,0.26891293956030754
331487,f,8,181,128,0.23814032007847044,826,0.26891293956030754
333238,f,8,180,128,0.23814032007847044,785,0.26891293956030754
334514,f,8,181,128,0.23814032007847044,838,0.26891293956030754
336552,f,8,180,128,0.23814032007847044,799,0.26891293956030754
337902,f,8,182,128,0.23814032007847044,895,0.26891293956030754
339752,f,8,180,128,0.23814032007847044,811,0.26891293956030754
341165,f,8,182,128,0.23814032007847044,907,0.26891293956030754
342702,f,8,181,128,0.23814032007847044,852,0.26891293956030754
344052,f,8,180,128,0.23814032007847044,824,0.26891293956030754
345960,f,8,182,128,0.23814032007847044,923,0.26891293956030754
347702,f,8,181,128,0.23814032007847044,868,0.26891293956030754
349181,f,8,182,128,0.23814032007847044,935,0.26891293956030754
350630,f,8,180,128,0.23814032007847044,836,0.26891293956030754
352401,f,8,181,128,0.23814032007847044,881,0.26891293956030754
353952,f,8,182,128,0.23814032007847044,950,0.26891293956030754
355806,f,8,180,128,0.23814032007847044,851,0.26891293956030754
357779,f,8,181,128,0.23814032007847044,896,0.26891293956030754
359452,f,8,180,128,0.23814032007847044,863,0.26891293956030754
361068,f,8,182,128,0.23814032007847044,962,0.26891293956030754
363652,f,8,180,128,0.23814032007847044,877,0.26891293956030754
365789,f,8,182,128,0.23814032007847044,975,0.26891293956030754
367352,f,8,181,128,0.23814032007847044,910,0.26891293956030754
369252,f,8,182,128,0.23814032007847044,993,0.26891293956030754
371247,f,8,180,128,0.23814032007847044,896,0.26891293956030754
373176,f,8,181,128,0.23814032007847044,922,0.26891293956030754
375114,f,8,182,128,0.23814032007847044,1005,0.26891293956030754
376402,f,8,181,128,0.23814032007847044,935,0.26891293956030754
377998,f,8,180,128,0.23814032007847044,913,0.26891293956030754
379669,f,8,182,128,0.23814032007847044,1021,0.26891293956030754
381288,f,8,180,128,0.23814032007847044,931,0.26891293956030754
382808,f,8,181,128,0.23814032007847044,951,0.26891293956030754
384694,f,8,182,128,0.23814032007847044,1033,0.26891293956030754
387052,f,8,180,128,0.23814032007847044,944,0.26891293956030754
388866,f,8,181,128,0.23814032007847044,965,0.26891293956030754
390325,f,8,182,128,0.23814032007847044,1046,0.26891293956030754
391352,f,8,180,128,0.23814032007847044,958,0.26891293956030754
393194,f,8,180,128,0.23814032007847044,970,0.26891293956030754
395244,f,8,181,128,0.23814032007847044,980,0.26891293956030754
396952,f,8,180,128,0.23814032007847044,983,0.26891293956030754
399549,f,8,181,128,0.23814032007847044,993,0.26891293956030754
400901,f,8,182,128,0.23814032007847044,1060,0.26891293956030754
403037,f,8,182,128,0.23814032007847044,1072,0.26891293956030754
404502,f,8,180,128,0.23814032007847044,999,0.26891293956030754
406702,f,8,181,128,0.23814032007847044,1010,0.26891293956030754
408916,f,8,182,128,0.23814032007847044,1084,0.26891293956030754
409859,f,8,180,128,0.23814032007847044,1011,0.26891293956030754
411380,f,8,180,128,0.23814032007847044,1025,0.26891293956030754
412652,f,8,181,128,0.23054035683708765,1031,0.2609011440743639
415502,f,8,182,128,0.23814032007847044,1096,0.26891293956030754
417920,f,8,182,128,0.23814032007847044,1108,0.26891293956030754
419402,f,8,181,128,0.23054035683708765,1043,0.2609011440743639
421520,f,8,180,128,0.23814032007847044,1038,0.26891293956030754
423102,f,8,180,128,0.23814032007847044,1052,0.26891293956030754
424710,f,8,181,128,0.23054035683708765,1055,0.2609011440743639
426364,f,8,182,128,0.23814032007847044,1127,0.26891293956030754
427960,f,8,180,128,0.23814032007847044,1067,0.26891293956030754
429402,f,8,181,128,0.23054035683708765,1068,0.2609011440743639
431551,f,8,182,128,0.23814032007847044,1141,0.26891293956030754
433602,f,8,180,128,0.23814032007847044,1085,0.26891293956030754
435170,f,8,181,128,0.23054035683708765,1081,0.2609011440743639
437079,f,8,182,128,0.23814032007847044,1153,0.26891293956030754
438702,f,8,180,128,0.23814032007847044,1099,0.26891293956030754
441001,f,8,181,128,0.23054035683708768,1093,0.2609011440743639
443233,f,8,180,128,0.23814032007847044,1112,0.26891293956030754
445338,f,8,182,128,0.23814032007847044,1167,0.26891293956030754
447743,f,8,182,128,0.23814032007847044,1179,0.26891293956030754
449306,f,8,181,128,0.23054035683708768,1114,0.2609011440743639
450752,f,8,182,128,0.23814032007847044,1192,0.26891293956030754
452802,f,8,180,128,0.23814032007847044,1124,0.26891293956030754
454767,f,8,182,128,0.23814032007847044,1205,0.26891293956030754
456852,f,8,181,128,0.23814032007847044,1126,0.26891293956030754
458252,f,8,180,128,0.23814032007847044,1137,0.26891293956030754
460266,f,8,182,128,0.23814032007847044,1218,0.26891293956030754
462181,f,8,181,128,0.23814032007847044,1140,0.26891293956030754
463985,f,8,182,128,0.23814032007847044,1234,0.26891293956030754
465552,f,8,180,128,0.23814032007847044,1154,0.26891293956030754
468045,f,8,181,128,0.23814032007847044,1154,0.26891293956030754
470152,f,8,182,128,0.23814032007847044,1246,0.26891293956030754
471464,f,8,182,128,0.23814032007847044,1258,0.26891293956030754
473871,f,8,180,128,0.23814032007847044,1171,0.26891293956030754
476116,f,8,180,128,0.23814032007847044,1184,0.26891293956030754
478102,f,8,181,128,0.23814032007847044,1168,0.26891293956030754
480000,f,8,182,128,0.23814032007847044,1274,0.26891293956030754
482052,f,8,181,128,0.23814032007847044,1182,0.26891293956030754
484568,f,8,182,128,0.23814032007847044,1286,0.26891293956030754
486519,f,8,182,128,0.23814032007847044,1298,0.26891293956030754
488357,f,8,181,128,0.23814032007847044,1195,0.26891293956030754
489767,f,8,180,128,0.23814032007847044,1202,0.26891293956030754
491315,f,8,182,128,0.23814032007847044,1310,0.26891293956030754
493054,f,8,180,128,0.23814032007847044,1214,0.26891293956030754
553871,f,8,181,128,0.23814032007847044,1371,0.26891293956030754
561061,f,8,180,128,0.23814032007847044,1394,0.26891293956030754
569602,f,8,182,128,0.23814032007847044,1498,0.26891293956030754
495417,f,8,181,128,0.23814032007847044,1219,0.26891293956030754
507601,f,8,181,128,0.23814032007847044,1246,0.26891293956030754
516252,f,8,180,128,0.23814032007847044,1281,0.26891293956030754
518379,f,8,182,128,0.23814032007847044,1378,0.26891293956030754
529273,f,8,181,128,0.23814032007847044,1302,0.26891293956030754
548323,f,8,181,128,0.23814032007847044,1358,0.26891293956030754
496948,f,8,182,128,0.23814032007847044,1323,0.26891293956030754
498319,f,8,180,128,0.23814032007847044,1227,0.26891293956030754
512668,f,8,182,128,0.23814032007847044,1365,0.26891293956030754
514652,f,8,181,128,0.23814032007847044,1262,0.26891293956030754
567632,f,8,181,128,0.23814032007847044,1399,0.26891293956030754
499602,f,8,182,128,0.23814032007847044,1335,0.26891293956030754
521249,f,8,182,128,0.23814032007847044,1390,0.26891293956030754
540378,f,8,182,128,0.23814032007847044,1427,0.26891293956030754
501479,f,8,181,128,0.23814032007847044,1231,0.26891293956030754
534933,f,8,180,128,0.23814032007847044,1315,0.26891293956030754
503447,f,8,180,128,0.23814032007847044,1240,0.26891293956030754
520046,f,8,181,128,0.23814032007847044,1277,0.26891293956030754
505874,f,8,182,128,0.23814032007847044,1352,0.26891293956030754
549616,f,8,182,128,0.23814032007847044,1457,0.26891293956030754
509252,f,8,180,128,0.23814032007847044,1254,0.26891293956030754
551609,f,8,180,128,0.23814032007847044,1366,0.26891293956030754
510963,f,8,180,128,0.23814032007847044,1266,0.26891293956030754
544030,f,8,182,128,0.23814032007847044,1441,0.26891293956030754
523352,f,8,180,128,0.23814032007847044,1299,0.26891293956030754
527102,f,8,182,128,0.23814032007847044,1402,0.26891293956030754
536873,f,8,181,128,0.23814032007847044,1328,0.26891293956030754
542345,f,8,181,128,0.23814032007847044,1340,0.26891293956030754
571015,f,8,180,128,0.23814032007847044,1432,0.26891293956030754
525021,f,8,181,128,0.23814032007847044,1289,0.26891293956030754
531376,f,8,182,128,0.23814032007847044,1414,0.26891293956030754
539165,f,8,180,128,0.23814032007847044,1327,0.26891293956030754
562330,f,8,182,128,0.23814032007847044,1485,0.26891293956030754
532902,f,8,181,128,0.23814032007847044,1314,0.26891293956030754
545836,f,8,180,128,0.23814032007847044,1344,0.26891293956030754
555711,f,8,182,128,0.23814032007847044,1473,0.26891293956030754
564797,f,8,180,128,0.23814032007847044,1406,0.26891293956030754
557298,f,8,180,128,0.23814032007847044,1379,0.26891293956030754
559097,f,8,181,128,0.23814032007847044,1385,0.26891293956030754
566527,f,8,180,128,0.23814032007847044,1419,0.26891293956030754
572269,f,8,180,128,0.23814032007847044,1444,0.26891293956030754
574102,f,8,181,128,0.23814032007847044,1412,0.26891293956030754
576206,f,8,182,128,0.23814032007847044,1512,0.26891293956030754
578372,f,8,182,128,0.23814032007847044,1526,0.26891293956030754
579799,f,8,180,128,0.23814032007847044,1457,0.26891293956030754
581495,f,8,181,128,0.23814032007847044,1425,0.26891293956030754
583842,f,8,182,128,0.23814032007847044,1542,0.26891293956030754
585845,f,8,180,128,0.23814032007847044,1470,0.26891293956030754
587126,f,8,181,128,0.23814032007847044,1438,0.26891293956030754
588652,f,8,182,128,0.23814032007847044,1555,0.26891293956030754
590391,f,8,181,128,0.23814032007847044,1451,0.26891293956030754
592160,f,8,182,128,0.23814032007847044,1567,0.26891293956030754
593843,f,8,180,128,0.23814032007847044,1482,0.26891293956030754
595452,f,8,182,128,0.23814032007847044,1582,0.26891293956030754
597796,f,8,181,128,0.23814032007847044,1465,0.26891293956030754
599402,f,8,180,128,0.23814032007847044,1495,0.26891293956030754
601302,f,8,181,128,0.23814032007847044,1482,0.26891293956030754
603063,f,8,182,128,0.23814032007847044,1595,0.26891293956030754
604805,f,8,181,128,0.23814032007847044,1498,0.26891293956030754
606702,f,8,180,128,0.23814032007847044,1509,0.26891293956030754
608552,f,8,182,128,0.23814032007847044,1609,0.26891293956030754
610502,f,8,182,128,0.23814032007847044,1621,0.26891293956030754
612426,f,8,181,128,0.23814032007847044,1514,0.26891293956030754
613848,f,8,182,128,0.23814032007847044,1634,0.26891293956030754
615489,f,8,180,128,0.23814032007847044,1523,0.26891293956030754
617724,f,8,181,128,0.23814032007847044,1526,0.26891293956030754
619302,f,8,182,128,0.23814032007847044,1648,0.26891293956030754
621219,f,8,180,128,0.23814032007847044,1538,0.26891293956030754
623452,f,8,181,128,0.23814032007847044,1545,0.26891293956030754
625324,f,8,182,128,0.23814032007847044,1661,0.26891293956030754
627185,f,8,180,128,0.23814032007847044,1550,0.26891293956030754
629257,f,8,182,128,0.23814032007847044,1684,0.26891293956030754
631371,f,8,181,128,0.23814032007847044,1562,0.26891293956030754
633312,f,8,182,128,0.23814032007847044,1698,0.26891293956030754
635072,f,8,180,128,0.23814032007847044,1562,0.26891293956030754
636837,f,8,181,128,0.23814032007847044,1577,0.26891293956030754
638996,f,8,182,128,0.23814032007847044,1711,0.26891293956030754
640302,f,8,182,128,0.23814032007847044,1726,0.26891293956030754
642213,f,8,180,128,0.23814032007847044,1575,0.26891293956030754
643169,f,8,181,128,0.23814032007847044,1589,0.26891293956030754
645573,f,8,182,128,0.23814032007847044,1738,0.26891293956030754
647852,f,8,180,128,0.23814032007847044,1589,0.26891293956030754
649588,f,8,181,128,0.23814032007847044,1603,0.26891293956030754
652514,f,8,182,128,0.23814032007847044,1751,0.26891293956030754
654516,f,8,181,128,0.23814032007847044,1617,0.26891293956030754
657002,f,8,180,128,0.23814032007847044,1604,0.26891293956030754
658302,f,8,182,128,0.23814032007847044,1764,0.26891293956030754
660091,f,8,180,128,0.23814032007847044,1617,0.26891293956030754
662188,f,8,180,128,0.23814032007847044,1632,0.26891293956030754
664261,f,8,181,128,0.23814032007847044,1631,0.26891293956030754
665289,f,8,182,128,0.23814032007847044,1782,0.26891293956030754
667302,f,8,182,128,0.23814032007847044,1795,0.26891293956030754
669197,f,8,180,128,0.23814032007847044,1646,0.26891293956030754
671152,f,8,181,128,0.23814032007847044,1645,0.26891293956030754
672702,f,8,181,128,0.23814032007847044,1658,0.26891293956030754
674829,f,8,182,128,0.23814032007847044,1811,0.26891293956030754
676802,f,8,181,128,0.23814032007847044,1673,0.26891293956030754
678202,f,8,180,128,0.23814032007847044,1658,0.26891293956030754
679902,f,8,182,128,0.23814032007847044,1823,0.26891293956030754
681341,f,8,182,128,0.23814032007847044,1835,0.26891293956030754
682852,f,8,180,128,0.23814032007847044,1672,0.26891293956030754
684752,f,8,181,128,0.23814032007847044,1688,0.26891293956030754
686402,f,8,180,128,0.23814032007847044,1686,0.26891293956030754
689194,f,8,182,128,0.23814032007847044,1848,0.26891293956030754
690352,f,8,181,128,0.23814032007847044,1703,0.26891293956030754
692013,f,8,180,128,0.23814032007847044,1699,0.26891293956030754
693652,f,8,180,128,0.23814032007847044,1712,0.26891293956030754
695571,f,8,182,128,0.23814032007847044,1860,0.26891293956030754
697386,f,8,181,128,0.23814032007847044,1718,0.26891293956030754
698752,f,8,180,128,0.23814032007847044,1725,0.26891293956030754
700852,f,8,180,128,0.23814032007847044,1738,0.26891293956030754
702442,f,8,182,128,0.23814032007847044,1877,0.26891293956030754
705057,f,8,181,128,0.23814032007847044,1734,0.26891293956030754
706497,f,8,181,128,0.23814032007847044,1747,0.26891293956030754
708247,f,8,180,128,0.23814032007847044,1752,0.26891293956030754
710428,f,8,180,128,0.23814032007847044,1765,0.26891293956030754
711548,f,8,181,128,0.23814032007847044,1762,0.26891293956030754
713002,f,8,182,128,0.23814032007847044,1893,0.26891293956030754
715036,f,8,180,128,0.23814032007847044,1777,0.26891293956030754
716287,f,8,182,128,0.23814032007847044,1905,0.26891293956030754
718230,f,8,181,128,0.23814032007847044,1777,0.26891293956030754
719902,f,8,180,128,0.23814032007847044,1789,0.26891293956030754
721456,f,8,182,128,0.23814032007847044,1917,0.26891293956030754
722752,f,8,181,128,0.23814032007847044,1792,0.26891293956030754
724853,f,8,180,128,0.23814032007847044,1804,0.26891293956030754
726684,f,8,182,128,0.23814032007847044,1929,0.26891293956030754
728152,f,8,181,128,0.23814032007847044,1805,0.26891293956030754
730252,f,8,180,128,0.23814032007847044,1817,0.26891293956030754
733002,f,8,181,128,0.23814032007847044,1818,0.26891293956030754
737202,f,8,182,128,0.23814032007847044,1942,0.26891293956030754
740188,f,8,180,128,0.23814032007847044,1833,0.26891293956030754
741663,f,8,181,128,0.23814032007847044,1833,0.26891293956030754
743152,f,8,180,128,0.23814032007847044,1845,0.26891293956030754
745882,f,8,182,128,0.23814032007847044,1955,0.26891293956030754
746864,f,8,181,128,0.23814032007847044,1851,0.26891293956030754
748994,f,8,180,128,0.23814032007847044,1857,0.26891293956030754
763732,f,8,180,128,0.23814032007847044,1884,0.26891293956030754
801154,f,8,182,128,0.23814032007847044,2241,0.26891293956030754
804864,f,8,181,128,0.23814032007847044,2179,0.26891293956030754
808364,f,8,181,128,0.23814032007847044,2196,0.26891293956030754
830856,f,8,180,128,0.23814032007847044,2398,0.26891293956030754
832846,f,8,182,128,0.23814032007847044,2496,0.26891293956030754
751425,f,8,182,128,0.23814032007847044,1968,0.26891293956030754
766089,f,8,180,128,0.23814032007847044,1904,0.26891293956030754
769752,f,8,180,128,0.23814032007847044,1933,0.26891293956030754
802879,f,8,181,128,0.23814032007847044,2164,0.26891293956030754
807467,f,8,180,128,0.23814032007847044,2212,0.26891293956030754
815294,f,8,182,128,0.23814032007847044,2363,0.26891293956030754
752802,f,8,181,128,0.23814032007847044,1864,0.26891293956030754
771384,f,8,181,128,0.23814032007847044,1947,0.26891293956030754
770800,f,8,180,128,0.23814032007847044,1946,0.26891293956030754
792212,f,8,181,128,0.23814032007847044,2087,0.26891293956030754
809610,f,8,181,128,0.23814032007847044,2210,0.26891293956030754
819252,f,8,181,128,0.23814032007847044,2263,0.26891293956030754
826460,f,8,180,128,0.23814032007847044,2365,0.26891293956030754
754656,f,8,180,128,0.23814032007847044,1870,0.26891293956030754
781313,f,8,180,128,0.23814032007847044,2030,0.26891293956030754
783352,f,8,181,128,0.23814032007847044,2031,0.26891293956030754
834102,f,8,181,128,0.23814032007847044,2377,0.26891293956030754
756969,f,8,181,128,0.23814032007847044,1876,0.26891293956030754
765447,f,8,181,128,0.23814032007847044,1906,0.26891293956030754
772252,f,8,180,128,0.23814032007847044,1959,0.26891293956030754
784657,f,8,182,128,0.23814032007847044,2142,0.26891293956030754
806160,f,8,182,128,0.23814032007847044,2279,0.26891293956030754
811559,f,8,181,128,0.23814032007847044,2222,0.26891293956030754
812794,f,8,180,128,0.23814032007847044,2253,0.26891293956030754
817086,f,8,180,128,0.23814032007847044,2294,0.26891293956030754
825865,f,8,182,128,0.23814032007847044,2430,0.26891293956030754
830216,f,8,182,128,0.23814032007847044,2470,0.26891293956030754
758531,f,8,182,128,0.23814032007847044,1981,0.26891293956030754
790130,f,8,181,128,0.23814032007847044,2075,0.26891293956030754
793002,f,8,182,128,0.23814032007847044,2199,0.26891293956030754
796413,f,8,180,128,0.23814032007847044,2138,0.26891293956030754
760485,f,8,181,128,0.23814032007847044,1888,0.26891293956030754
767862,f,8,181,128,0.23814032007847044,1921,0.26891293956030754
771674,f,8,182,128,0.23814032007847044,2057,0.26891293956030754
786797,f,8,182,128,0.23814032007847044,2155,0.26891293956030754
822901,f,8,180,128,0.23814032007847044,2332,0.26891293956030754
762102,f,8,182,128,0.23814032007847044,1995,0.26891293956030754
768849,f,8,182,128,0.23814032007847044,2040,0.26891293956030754
785638,f,8,180,128,0.23814032007847044,2057,0.26891293956030754
764580,f,8,182,128,0.23814032007847044,2009,0.26891293956030754
766637,f,8,182,128,0.23814032007847044,2025,0.26891293956030754
775869,f,8,180,128,0.23814032007847044,1990,0.26891293956030754
776552,f,8,181,128,0.23814032007847044,1979,0.26891293956030754
797007,f,8,181,128,0.23814032007847044,2127,0.26891293956030754
801875,f,8,180,128,0.23814032007847044,2178,0.26891293956030754
805261,f,8,182,128,0.23814032007847044,2267,0.26891293956030754
810321,f,8,182,128,0.23814032007847044,2317,0.26891293956030754
767278,f,8,180,128,0.23814032007847044,1917,0.26891293956030754
779706,f,8,182,128,0.23814032007847044,2115,0.26891293956030754
779495,f,8,180,128,0.23814032007847044,2017,0.26891293956030754
768102,f,8,181,128,0.23814032007847044,1934,0.26891293956030754
782655,f,8,180,128,0.23814032007847044,2042,0.26891293956030754
794260,f,8,180,128,0.23814032007847044,2119,0.26891293956030754
819714,f,8,182,128,0.23814032007847044,2390,0.26891293956030754
827151,f,8,181,128,0.23814032007847044,2315,0.26891293956030754
827955,f,8,180,128,0.23814032007847044,2379,0.26891293956030754
834541,f,8,182,128,0.23814032007847044,2508,0.26891293956030754
773038,f,8,182,128,0.23814032007847044,2072,0.26891293956030754
775298,f,8,182,128,0.23814032007847044,2085,0.26891293956030754
787902,f,8,181,128,0.23814032007847044,2061,0.26891293956030754
803510,f,8,182,128,0.23814032007847044,2254,0.26891293956030754
814802,f,8,181,128,0.23814032007847044,2237,0.26891293956030754
773752,f,8,180,128,0.23814032007847044,1971,0.26891293956030754
774698,f,8,181,128,0.23814032007847044,1963,0.26891293956030754
782002,f,8,181,128,0.23814032007847044,2018,0.26891293956030754
789502,f,8,180,128,0.23814032007847044,2083,0.26891293956030754
820352,f,8,180,128,0.23814032007847044,2319,0.26891293956030754
820972,f,8,181,128,0.23814032007847044,2277,0.26891293956030754
824627,f,8,182,128,0.23814032007847044,2418,0.26891293956030754
825116,f,8,181,128,0.23814032007847044,2303,0.26891293956030754
828852,f,8,182,128,0.23814032007847044,2445,0.26891293956030754
777152,f,8,180,128,0.23814032007847044,2003,0.26891293956030754
778294,f,8,181,128,0.23814032007847044,1992,0.26891293956030754
788806,f,8,182,128,0.23814032007847044,2169,0.26891293956030754
790714,f,8,180,128,0.23814032007847044,2096,0.26891293956030754
791475,f,8,182,128,0.23814032007847044,2181,0.26891293956030754
798421,f,8,182,128,0.23814032007847044,2227,0.26891293956030754
817951,f,8,182,128,0.23814032007847044,2376,0.26891293956030754
818646,f,8,180,128,0.23814032007847044,2307,0.26891293956030754
777752,f,8,182,128,0.23814032007847044,2103,0.26891293956030754
807402,f,8,182,128,0.23814032007847044,2292,0.26891293956030754
817436,f,8,181,128,0.23814032007847044,2250,0.26891293956030754
832241,f,8,181,128,0.23814032007847044,2363,0.26891293956030754
780156,f,8,182,128,0.23814032007847044,2127,0.26891293956030754
786102,f,8,181,128,0.23814032007847044,2047,0.26891293956030754
793850,f,8,181,128,0.23814032007847044,2100,0.26891293956030754
800612,f,8,181,128,0.23814032007847044,2152,0.26891293956030754
801466,f,8,180,128,0.23814032007847044,2166,0.26891293956030754
807951,f,8,182,128,0.23814032007847044,2305,0.26891293956030754
811037,f,8,180,128,0.23814032007847044,2239,0.26891293956030754
814241,f,8,180,128,0.23814032007847044,2269,0.26891293956030754
827452,f,8,181,128,0.23814032007847044,2329,0.26891293956030754
780552,f,8,181,128,0.23814032007847044,2004,0.26891293956030754
787410,f,8,180,128,0.23814032007847044,2070,0.26891293956030754
795002,f,8,182,128,0.23814032007847044,2212,0.26891293956030754
795867,f,8,181,128,0.23814032007847044,2112,0.26891293956030754
808952,f,8,180,128,0.23814032007847044,2225,0.26891293956030754
815865,f,8,180,128,0.23814032007847044,2282,0.26891293956030754
823695,f,8,180,128,0.23814032007847044,2348,0.26891293956030754
831452,f,8,181,128,0.23814032007847044,2349,0.26891293956030754
798668,f,8,181,128,0.23814032007847044,2139,0.26891293956030754
829897,f,8,182,128,0.23814032007847044,2457,0.26891293956030754
799575,f,8,180,128,0.23814032007847044,2153,0.26891293956030754
813652,f,8,182,128,0.23814032007847044,2349,0.26891293956030754
821584,f,8,182,128,0.23814032007847044,2403,0.26891293956030754
804114,f,8,180,128,0.23814032007847044,2199,0.26891293956030754
812236,f,8,182,128,0.23814032007847044,2332,0.26891293956030754
823102,f,8,181,128,0.23814032007847044,2291,0.26891293956030754
833452,f,8,180,128,0.23814032007847044,2425,0.26891293956030754
835586,f,8,180,128,0.23814032007847044,2437,0.26891293956030754
836152,f,8,181,128,0.23814032007847044,2393,0.26891293956030754
837225,f,8,182,128,0.23814032007847044,2522,0.26891293956030754
837848,f,8,180,128,0.23814032007847044,2455,0.26891293956030754
838726,f,8,181,128,0.23814032007847044,2413,0.26891293956030754
839239,f,8,182,128,0.23814032007847044,2545,0.26891293956030754
839987,f,8,181,128,0.23814032007847044,2432,0.26891293956030754
840702,f,8,180,128,0.23814032007847044,2471,0.26891293956030754
841402,f,8,182,128,0.23814032007847044,2559,0.26891293956030754
842002,f,8,181,128,0.23814032007847044,2445,0.26891293956030754
842925,f,8,182,128,0.23814032007847044,2572,0.26891293956030754
843702,f,8,180,128,0.23814032007847044,2487,0.26891293956030754
844663,f,8,181,128,0.23814032007847044,2457,0.26891293956030754
845164,f,8,182,128,0.23814032007847044,2589,0.26891293956030754
845502,f,8,180,128,0.23814032007847044,2499,0.26891293956030754
846234,f,8,182,128,0.23814032007847044,2606,0.26891293956030754
846746,f,8,182,128,0.23814032007847044,2619,0.26891293956030754
847633,f,8,180,128,0.23814032007847044,2511,0.26891293956030754
848164,f,8,181,128,0.23814032007847044,2472,0.26891293956030754
849023,f,8,182,128,0.23814032007847044,2636,0.26891293956030754
849926,f,8,180,128,0.23814032007847044,2524,0.26891293956030754
850589,f,8,182,128,0.23814032007847044,2651,0.26891293956030754
851180,f,8,181,128,0.23814032007847044,2490,0.26891293956030754
851764,f,8,180,128,0.23814032007847044,2540,0.26891293956030754
852360,f,8,180,128,0.23814032007847044,2553,0.26891293956030754
852875,f,8,182,128,0.23814032007847044,2663,0.26891293956030754
853830,f,8,181,128,0.23814032007847044,2506,0.26891293956030754
854114,f,8,180,128,0.23814032007847044,2567,0.26891293956030754
854885,f,8,181,128,0.23814032007847044,2518,0.26891293956030754
855372,f,8,182,128,0.23814032007847044,2678,0.26891293956030754
856063,f,8,180,128,0.23814032007847044,2579,0.26891293956030754
856856,f,8,182,128,0.23814032007847044,2695,0.26891293956030754
857713,f,8,181,128,0.23814032007847044,2532,0.26891293956030754
858567,f,8,180,128,0.23814032007847044,2601,0.26891293956030754
859156,f,8,181,128,0.23814032007847044,2545,0.26891293956030754
859902,f,8,182,128,0.23814032007847044,2712,0.26891293956030754
860629,f,8,181,128,0.23814032007847044,2558,0.26891293956030754
861427,f,8,180,128,0.23814032007847044,2613,0.26891293956030754
862011,f,8,182,128,0.23814032007847044,2725,0.26891293956030754
862752,f,8,181,128,0.23814032007847044,2570,0.26891293956030754
863452,f,8,180,128,0.23814032007847044,2634,0.26891293956030754
864435,f,8,182,128,0.23814032007847044,2739,0.26891293956030754
864802,f,8,181,128,0.23814032007847044,2582,0.26891293956030754
865682,f,8,180,128,0.23054035683708765,2648,0.2609011440743639
866280,f,8,181,128,0.23814032007847044,2595,0.26891293956030754
866610,f,8,182,128,0.23814032007847044,2754,0.26891293956030754
867077,f,8,180,128,0.23054035683708765,2662,0.2609011440743639
867869,f,8,181,128,0.23814032007847044,2608,0.26891293956030754
869004,f,8,182,128,0.23814032007847044,2767,0.26891293956030754
869966,f,8,180,128,0.23054035683708765,2678,0.2609011440743639
870410,f,8,181,128,0.23814032007847044,2628,0.26891293956030754
870956,f,8,182,128,0.23814032007847044,2780,0.26891293956030754
871650,f,8,180,128,0.23054035683708765,2690,0.2609011440743639
872402,f,8,181,128,0.23814032007847044,2643,0.26891293956030754
872943,f,8,182,128,0.23814032007847044,2792,0.26891293956030754
873406,f,8,182,128,0.23814032007847044,2804,0.26891293956030754
874031,f,8,181,128,0.23814032007847044,2659,0.26891293956030754
874170,f,8,180,128,0.23054035683708765,2709,0.2609011440743639
874831,f,8,182,128,0.23814032007847044,2817,0.26891293956030754
875602,f,8,181,128,0.23814032007847044,2673,0.26891293956030754
876468,f,8,180,128,0.23054035683708765,2725,0.2609011440743639
877169,f,8,182,128,0.23814032007847044,2830,0.26891293956030754
877852,f,8,180,128,0.23054035683708765,2738,0.2609011440743639
878372,f,8,181,128,0.23814032007847044,2689,0.26891293956030754
879188,f,8,182,128,0.23814032007847044,2842,0.26891293956030754
880164,f,8,181,128,0.23814032007847044,2703,0.26891293956030754
880265,f,8,180,128,0.23054035683708768,2752,0.2609011440743639
880964,f,8,182,128,0.23814032007847044,2855,0.26891293956030754
882171,f,8,182,128,0.23814032007847044,2867,0.26891293956030754
882510,f,8,181,128,0.23814032007847044,2719,0.26891293956030754
883221,f,8,180,128,0.23814032007847044,2764,0.26891293956030754
884118,f,8,181,128,0.23814032007847044,2733,0.26891293956030754
885006,f,8,180,128,0.23814032007847044,2777,0.26891293956030754
884648,f,8,182,128,0.23814032007847044,2882,0.26891293956030754
885550,f,8,181,128,0.23814032007847044,2748,0.26891293956030754
886588,f,8,182,128,0.23814032007847044,2901,0.26891293956030754
887152,f,8,182,128,0.23814032007847044,2913,0.26891293956030754
887702,f,8,180,128,0.23814032007847044,2789,0.26891293956030754
888206,f,8,181,128,0.23814032007847044,2762,0.26891293956030754
888928,f,8,182,128,0.23814032007847044,2926,0.26891293956030754
889702,f,8,180,128,0.23814032007847044,2801,0.26891293956030754
890352,f,8,181,128,0.23814032007847044,2780,0.26891293956030754
890502,f,8,182,128,0.23814032007847044,2939,0.26891293956030754
891269,f,8,180,128,0.23814032007847044,2819,0.26891293956030754
891802,f,8,181,128,0.23814032007847044,2793,0.26891293956030754
892627,f,8,182,128,0.23814032007847044,2952,0.26891293956030754
893252,f,8,181,128,0.23814032007847044,2805,0.26891293956030754
893906,f,8,180,128,0.23814032007847044,2832,0.26891293956030754
894756,f,8,181,128,0.23814032007847044,2817,0.26891293956030754
894794,f,8,180,128,0.23814032007847044,2846,0.26891293956030754
895152,f,8,182,128,0.23814032007847044,2966,0.26891293956030754
895762,f,8,182,128,0.23814032007847044,2980,0.26891293956030754
896371,f,8,180,128,0.23814032007847044,2860,0.26891293956030754
896999,f,8,181,128,0.23814032007847044,2837,0.26891293956030754
904136,f,8,180,128,0.23814032007847044,2916,0.26891293956030754
906328,f,8,182,128,0.23814032007847044,3083,0.26891293956030754
909421,f,8,181,128,0.23814032007847044,2939,0.26891293956030754
910468,f,8,182,128,0.23814032007847044,3100,0.26891293956030754
938002,f,8,181,128,0.23054035683708765,3129,0.2609011440743639
945257,f,8,180,128,0.23814032007847044,3197,0.26891293956030754
971152,f,8,180,128,0.23814032007847044,3410,0.26891293956030754
973602,f,8,180,128,0.23814032007847044,3424,0.26891293956030754
976278,f,8,181,128,0.23814032007847044,3408,0.26891293956030754
981002,f,8,182,128,0.23814032007847044,3610,0.26891293956030754
1018163,f,8,180,128,0.23814032007847044,3753,0.26891293956030754
1040152,f,8,180,128,0.23814032007847044,3941,0.26891293956030754
1099856,f,8,181,128,0.23814032007847044,4352,0.26891293956030754
1102785,f,8,181,128,0.23814032007847044,4366,0.26891293956030754
1106828,f,8,182,128,0.23814032007847044,4496,0.26891293956030754
1107474,f,8,181,128,0.23814032007847044,4407,0.26891293956030754
897714,f,8,182,128,0.23814032007847044,2996,0.26891293956030754
901434,f,8,181,128,0.23814032007847044,2881,0.26891293956030754
904692,f,8,182,128,0.23814032007847044,3066,0.26891293956030754
922529,f,8,180,128,0.23814032007847044,3039,0.26891293956030754
929756,f,8,182,128,0.23814032007847044,3235,0.26891293956030754
938602,f,8,182,128,0.23814032007847044,3300,0.26891293956030754
953402,f,8,182,128,0.23814032007847044,3406,0.26891293956030754
979860,f,8,181,128,0.23814032007847044,3439,0.26891293956030754
983806,f,8,180,128,0.23814032007847044,3501,0.26891293956030754
993576,f,8,182,128,0.23814032007847044,3700,0.26891293956030754
999552,f,8,181,128,0.23814032007847044,3581,0.26891293956030754
1002202,f,8,180,128,0.23814032007847044,3646,0.26891293956030754
1006103,f,8,182,128,0.23814032007847044,3790,0.26891293956030754
1007252,f,8,180,128,0.23814032007847044,3672,0.26891293956030754
1017740,f,8,182,128,0.23814032007847044,3869,0.26891293956030754
1027621,f,8,180,128,0.23814032007847044,3825,0.26891293956030754
1028666,f,8,180,128,0.23814032007847044,3837,0.26891293956030754
1066160,f,8,180,128,0.23814032007847044,4134,0.26891293956030754
1076602,f,8,182,128,0.23814032007847044,4261,0.26891293956030754
1079042,f,8,182,128,0.23814032007847044,4274,0.26891293956030754
1086846,f,8,181,128,0.23814032007847044,4260,0.26891293956030754
1091184,f,8,182,128,0.23814032007847044,4371,0.26891293956030754
1094870,f,8,180,128,0.23814032007847044,4357,0.26891293956030754
898280,f,8,180,128,0.23814032007847044,2872,0.26891293956030754
900841,f,8,182,128,0.23814032007847044,3022,0.26891293956030754
908986,f,8,180,128,0.23814032007847044,2955,0.26891293956030754
922906,f,8,182,128,0.23814032007847044,3189,0.26891293956030754
925052,f,8,182,128,0.23814032007847044,3203,0.26891293956030754
931852,f,8,180,128,0.23814032007847044,3108,0.26891293956030754
987697,f,8,180,128,0.23814032007847044,3529,0.26891293956030754
1015675,f,8,181,128,0.23814032007847044,3715,0.26891293956030754
1029452,f,8,181,128,0.23814032007847044,3808,0.26891293956030754
1035194,f,8,182,128,0.23814032007847044,3982,0.26891293956030754
1040820,f,8,180,128,0.23814032007847044,3955,0.26891293956030754
1042750,f,8,180,128,0.23814032007847044,3970,0.26891293956030754
898876,f,8,181,128,0.23814032007847044,2851,0.26891293956030754
902274,f,8,180,128,0.23814032007847044,2901,0.26891293956030754
908402,f,8,181,128,0.23814032007847044,2927,0.26891293956030754
927502,f,8,181,128,0.23814032007847044,3055,0.26891293956030754
931110,f,8,181,128,0.23054035683708765,3079,0.2609011440743639
940424,f,8,180,128,0.23814032007847044,3168,0.26891293956030754
947652,f,8,180,128,0.23814032007847044,3211,0.26891293956030754
963802,f,8,180,128,0.23814032007847044,3353,0.26891293956030754
964772,f,8,181,128,0.23814032007847044,3333,0.26891293956030754
969369,f,8,180,128,0.23814032007847044,3398,0.26891293956030754
972724,f,8,181,128,0.23814032007847044,3392,0.26891293956030754
983463,f,8,180,128,0.23814032007847044,3489,0.26891293956030754
990728,f,8,180,128,0.23814032007847044,3559,0.26891293956030754
1003543,f,8,181,128,0.23814032007847044,3621,0.26891293956030754
1008798,f,8,180,128,0.23814032007847044,3684,0.26891293956030754
1036923,f,8,181,128,0.23814032007847044,3873,0.26891293956030754
1047468,f,8,181,128,0.23814032007847044,3942,0.26891293956030754
1047952,f,8,182,128,0.23814032007847044,4085,0.26891293956030754
1049686,f,8,182,128,0.23814032007847044,4097,0.26891293956030754
1072024,f,8,180,128,0.23814032007847044,4174,0.26891293956030754
1077452,f,8,181,128,0.23814032007847044,4182,0.26891293956030754
1088730,f,8,182,128,0.23814032007847044,4358,0.26891293956030754
899759,f,8,181,128,0.23814032007847044,2863,0.26891293956030754
917843,f,8,181,128,0.23814032007847044,2998,0.26891293956030754
921502,f,8,182,128,0.23814032007847044,3173,0.26891293956030754
932867,f,8,181,128,0.23054035683708765,3093,0.2609011440743639
935349,f,8,181,128,0.23054035683708765,3112,0.2609011440743639
952602,f,8,180,128,0.23814032007847044,3263,0.26891293956030754
956688,f,8,181,128,0.23814032007847044,3267,0.26891293956030754
962202,f,8,180,128,0.23814032007847044,3337,0.26891293956030754
964352,f,8,181,128,0.23814032007847044,3320,0.26891293956030754
968997,f,8,181,128,0.23814032007847044,3366,0.26891293956030754
974450,f,8,180,128,0.23814032007847044,3437,0.26891293956030754
975218,f,8,182,128,0.23814032007847044,3572,0.26891293956030754
996402,f,8,181,128,0.23814032007847044,3557,0.26891293956030754
1019818,f,8,182,128,0.23814032007847044,3885,0.26891293956030754
1029160,f,8,182,128,0.23814032007847044,3943,0.26891293956030754
1045055,f,8,182,128,0.23814032007847044,4061,0.26891293956030754
1046102,f,8,180,128,0.23814032007847044,3996,0.26891293956030754
1069689,f,8,181,128,0.23814032007847044,4128,0.26891293956030754
1073412,f,8,180,128,0.23814032007847044,4186,0.26891293956030754
1074831,f,8,182,128,0.23814032007847044,4249,0.26891293956030754
1076067,f,8,181,128,0.23814032007847044,4170,0.26891293956030754
1078352,f,8,181,128,0.23814032007847044,4195,0.26891293956030754
1086302,f,8,182,128,0.23814032007847044,4345,0.26891293956030754
1100752,f,8,180,128,0.23814032007847044,4405,0.26891293956030754
899778,f,8,182,128,0.23814032007847044,3008,0.26891293956030754
963002,f,8,181,128,0.23814032007847044,3308,0.26891293956030754
970720,f,8,181,128,0.23814032007847044,3380,0.26891293956030754
999113,f,8,180,128,0.23814032007847044,3618,0.26891293956030754
1001319,f,8,181,128,0.23814032007847044,3600,0.26891293956030754
1037979,f,8,180,128,0.23814032007847044,3928,0.26891293956030754
1041208,f,8,182,128,0.23814032007847044,4022,0.26891293956030754
1041634,f,8,182,128,0.23814032007847044,4034,0.26891293956030754
1052006,f,8,181,128,0.23814032007847044,3983,0.26891293956030754
1068408,f,8,182,128,0.23814032007847044,4207,0.26891293956030754
1071264,f,8,181,128,0.23814032007847044,4143,0.26891293956030754
900352,f,8,180,128,0.23814032007847044,2887,0.26891293956030754
958688,f,8,182,128,0.23814032007847044,3448,0.26891293956030754
960576,f,8,182,128,0.23814032007847044,3462,0.26891293956030754
962652,f,8,182,128,0.23814032007847044,3490,0.26891293956030754
1000152,f,8,182,128,0.23814032007847044,3746,0.26891293956030754
1000652,f,8,180,128,0.23814032007847044,3634,0.26891293956030754
1002903,f,8,182,128,0.23814032007847044,3761,0.26891293956030754
1004386,f,8,182,128,0.23814032007847044,3773,0.26891293956030754
1008160,f,8,182,128,0.23814032007847044,3802,0.26891293956030754
1018652,f,8,181,128,0.23814032007847044,3733,0.26891293956030754
1031886,f,8,180,128,0.23814032007847044,3867,0.26891293956030754
1037609,f,8,180,128,0.23814032007847044,3914,0.26891293956030754
1046913,f,8,182,128,0.23814032007847044,4073,0.26891293956030754
1064168,f,8,181,128,0.23814032007847044,4072,0.26891293956030754
1065656,f,8,182,128,0.23814032007847044,4193,0.26891293956030754
1075285,f,8,180,128,0.23814032007847044,4201,0.26891293956030754
1084652,f,8,180,128,0.23814032007847044,4276,0.26891293956030754
1103381,f,8,181,128,0.23814032007847044,4380,0.26891293956030754
1103914,f,8,182,128,0.23814032007847044,4480,0.26891293956030754
1105443,f,8,181,128,0.23814032007847044,4393,0.26891293956030754
902597,f,8,182,128,0.23814032007847044,3037,0.26891293956030754
911168,f,8,180,128,0.23814032007847044,2968,0.26891293956030754
914010,f,8,182,128,0.23814032007847044,3126,0.26891293956030754
915229,f,8,180,128,0.23814032007847044,2997,0.26891293956030754
915561,f,8,181,128,0.23814032007847044,2982,0.26891293956030754
933218,f,8,180,128,0.23814032007847044,3123,0.26891293956030754
941694,f,8,181,128,0.23054035683708765,3155,0.2609011440743639
952264,f,8,181,128,0.23814032007847044,3237,0.26891293956030754
977067,f,8,182,128,0.23814032007847044,3585,0.26891293956030754
980556,f,8,180,128,0.23814032007847044,3463,0.26891293956030754
982852,f,8,182,128,0.23814032007847044,3623,0.26891293956030754
990132,f,8,181,128,0.23814032007847044,3514,0.26891293956030754
992932,f,8,180,128,0.23814032007847044,3575,0.26891293956030754
1004802,f,8,180,128,0.23814032007847044,3659,0.26891293956030754
1020238,f,8,180,128,0.23814032007847044,3775,0.26891293956030754
1023502,f,8,180,128,0.23814032007847044,3801,0.26891293956030754
1026300,f,8,182,128,0.23814032007847044,3924,0.26891293956030754
1029852,f,8,180,128,0.23814032007847044,3853,0.26891293956030754
1048542,f,8,180,128,0.23814032007847044,4012,0.26891293956030754
1054215,f,8,180,128,0.23814032007847044,4056,0.26891293956030754
1080112,f,8,181,128,0.23814032007847044,4207,0.26891293956030754
1093547,f,8,182,128,0.23814032007847044,4395,0.26891293956030754
903202,f,8,181,128,0.23814032007847044,2895,0.26891293956030754
903942,f,8,182,128,0.23814032007847044,3054,0.26891293956030754
944652,f,8,181,128,0.23054035683708765,3183,0.2609011440743639
950274,f,8,180,128,0.23814032007847044,3237,0.26891293956030754
979102,f,8,182,128,0.23814032007847044,3597,0.26891293956030754
984456,f,8,182,128,0.23814032007847044,3639,0.26891293956030754
986402,f,8,181,128,0.23814032007847044,3485,0.26891293956030754
994430,f,8,181,128,0.23814032007847044,3544,0.26891293956030754
998502,f,8,182,128,0.23814032007847044,3732,0.26891293956030754
1011725,f,8,181,128,0.23814032007847044,3686,0.26891293956030754
1023227,f,8,181,128,0.23814032007847044,3764,0.26891293956030754
1030377,f,8,181,128,0.23814032007847044,3824,0.26891293956030754
1030970,f,8,182,128,0.23814032007847044,3955,0.26891293956030754
1051552,f,8,180,128,0.23814032007847044,4039,0.26891293956030754
1057609,f,8,180,128,0.23814032007847044,4078,0.26891293956030754
1078024,f,8,180,128,0.23814032007847044,4218,0.26891293956030754
1079707,f,8,180,128,0.23814032007847044,4235,0.26891293956030754
1082144,f,8,182,128,0.23814032007847044,4301,0.26891293956030754
1083919,f,8,181,128,0.23814032007847044,4244,0.26891293956030754
1094102,f,8,181,128,0.23814032007847044,4310,0.26891293956030754
1096753,f,8,180,128,0.23814032007847044,4375,0.26891293956030754
1108750,f,8,181,128,0.23814032007847044,4422,0.26891293956030754
905552,f,8,180,128,0.23814032007847044,2929,0.26891293956030754
911910,f,8,181,128,0.23814032007847044,2951,0.26891293956030754
916332,f,8,182,128,0.23814032007847044,3145,0.26891293956030754
925830,f,8,181,128,0.23814032007847044,3042,0.26891293956030754
961667,f,8,182,128,0.23814032007847044,3476,0.26891293956030754
985896,f,8,180,128,0.23814032007847044,3516,0.26891293956030754
987474,f,8,182,128,0.23814032007847044,3653,0.26891293956030754
988920,f,8,180,128,0.23814032007847044,3543,0.26891293956030754
1005567,f,8,181,128,0.23814032007847044,3634,0.26891293956030754
1033391,f,8,182,128,0.23814032007847044,3970,0.26891293956030754
906871,f,8,181,128,0.23814032007847044,2913,0.26891293956030754
912772,f,8,182,128,0.23814032007847044,3114,0.26891293956030754
914435,f,8,181,128,0.23814032007847044,2967,0.26891293956030754
929202,f,8,180,128,0.23814032007847044,3093,0.26891293956030754
937369,f,8,182,128,0.23814032007847044,3288,0.26891293956030754
941119,f,8,182,128,0.23814032007847044,3314,0.26891293956030754
954013,f,8,180,128,0.23814032007847044,3275,0.26891293956030754
966652,f,8,181,128,0.23814032007847044,3350,0.26891293956030754
967248,f,8,180,128,0.23814032007847044,3386,0.26891293956030754
967832,f,8,182,128,0.23814032007847044,3531,0.26891293956030754
977112,f,8,181,128,0.23814032007847044,3423,0.26891293956030754
978002,f,8,180,128,0.23814032007847044,3450,0.26891293956030754
991347,f,8,182,128,0.23814032007847044,3688,0.26891293956030754
907622,f,8,180,128,0.23814032007847044,2942,0.26891293956030754
920452,f,8,181,128,0.23814032007847044,3015,0.26891293956030754
930256,f,8,182,128,0.23814032007847044,3248,0.26891293956030754
934552,f,8,180,128,0.23814032007847044,3137,0.26891293956030754
936702,f,8,180,128,0.23814032007847044,3152,0.26891293956030754
948851,f,8,182,128,0.23814032007847044,3373,0.26891293956030754
951073,f,8,180,128,0.23814032007847044,3250,0.26891293956030754
951452,f,8,182,128,0.23814032007847044,3388,0.26891293956030754
1013764,f,8,181,128,0.23814032007847044,3699,0.26891293956030754
1024255,f,8,182,128,0.23814032007847044,3911,0.26891293956030754
1034344,f,8,181,128,0.23814032007847044,3855,0.26891293956030754
1059952,f,8,181,128,0.23814032007847044,4047,0.26891293956030754
1060527,f,8,180,128,0.23814032007847044,4093,0.26891293956030754
1082752,f,8,180,128,0.23814032007847044,4260,0.26891293956030754
1087682,f,8,180,128,0.23814032007847044,4307,0.26891293956030754
1088052,f,8,181,128,0.23814032007847044,4272,0.26891293956030754
1092831,f,8,182,128,0.23814032007847044,4383,0.26891293956030754
913443,f,8,180,128,0.23814032007847044,2981,0.26891293956030754
917260,f,8,180,128,0.23814032007847044,3009,0.26891293956030754
942341,f,8,182,128,0.23814032007847044,3327,0.26891293956030754
944252,f,8,182,128,0.23814032007847044,3345,0.26891293956030754
965402,f,8,180,128,0.23814032007847044,3374,0.26891293956030754
981779,f,8,180,128,0.23814032007847044,3475,0.26891293956030754
998021,f,8,180,128,0.23814032007847044,3605,0.26891293956030754
1009413,f,8,180,128,0.23814032007847044,3696,0.26891293956030754
1016989,f,8,180,128,0.23814032007847044,3736,0.26891293956030754
1021267,f,8,182,128,0.23814032007847044,3897,0.26891293956030754
1021985,f,8,181,128,0.23814032007847044,3752,0.26891293956030754
1083202,f,8,182,128,0.23814032007847044,4315,0.26891293956030754
1089278,f,8,181,128,0.23814032007847044,4284,0.26891293956030754
1095617,f,8,182,128,0.23814032007847044,4408,0.26891293956030754
918850,f,8,182,128,0.23814032007847044,3161,0.26891293956030754
954891,f,8,182,128,0.23814032007847044,3418,0.26891293956030754
957290,f,8,180,128,0.23814032007847044,3301,0.26891293956030754
957764,f,8,182,128,0.23814032007847044,3434,0.26891293956030754
961039,f,8,181,128,0.23814032007847044,3291,0.26891293956030754
992178,f,8,181,128,0.23814032007847044,3528,0.26891293956030754
1006839,f,8,181,128,0.23814032007847044,3647,0.26891293956030754
1009902,f,8,181,128,0.23814032007847044,3674,0.26891293956030754
1035664,f,8,180,128,0.23814032007847044,3896,0.26891293956030754
1038702,f,8,182,128,0.23814032007847044,4008,0.26891293956030754
1042196,f,8,181,128,0.23814032007847044,3914,0.26891293956030754
1043566,f,8,182,128,0.23814032007847044,4046,0.26891293956030754
1049511,f,8,181,128,0.23814032007847044,3957,0.26891293956030754
1055122,f,8,181,128,0.23814032007847044,3995,0.26891293956030754
1059075,f,8,182,128,0.23814032007847044,4153,0.26891293956030754
1064852,f,8,180,128,0.23814032007847044,4118,0.26891293956030754
1068702,f,8,181,128,0.23814032007847044,4115,0.26891293956030754
1070010,f,8,182,128,0.23814032007847044,4222,0.26891293956030754
1090084,f,8,180,128,0.23814032007847044,4326,0.26891293956030754
1091752,f,8,180,128,0.23814032007847044,4344,0.26891293956030754
1098114,f,8,181,128,0.23814032007847044,4340,0.26891293956030754
1102202,f,8,180,128,0.23814032007847044,4418,0.26891293956030754
1103072,f,8,182,128,0.23814032007847044,4466,0.26891293956030754
1109381,f,8,180,128,0.23814032007847044,4475,0.26891293956030754
919788,f,8,180,128,0.23814032007847044,3025,0.26891293956030754
928346,f,8,180,128,0.23814032007847044,3080,0.26891293956030754
949396,f,8,180,128,0.23814032007847044,3224,0.26891293956030754
959292,f,8,181,128,0.23814032007847044,3279,0.26891293956030754
966060,f,8,182,128,0.23814032007847044,3513,0.26891293956030754
985060,f,8,181,128,0.23814032007847044,3471,0.26891293956030754
988184,f,8,181,128,0.23814032007847044,3501,0.26891293956030754
995457,f,8,182,128,0.23814032007847044,3714,0.26891293956030754
1013069,f,8,182,128,0.23814032007847044,3829,0.26891293956030754
1015202,f,8,182,128,0.23814032007847044,3841,0.26891293956030754
1024925,f,8,180,128,0.23814032007847044,3813,0.26891293956030754
1025326,f,8,181,128,0.23814032007847044,3776,0.26891293956030754
1032302,f,8,181,128,0.23814032007847044,3838,0.26891293956030754
1032917,f,8,180,128,0.23814032007847044,3883,0.26891293956030754
1059552,f,8,181,128,0.23814032007847044,4035,0.26891293956030754
1062235,f,8,180,128,0.23814032007847044,4105,0.26891293956030754
1080943,f,8,182,128,0.23814032007847044,4286,0.26891293956030754
1085402,f,8,182,128,0.23814032007847044,4328,0.26891293956030754
1101502,f,8,182,128,0.23814032007847044,4451,0.26891293956030754
1106102,f,8,180,128,0.23814032007847044,4446,0.26891293956030754
923482,f,8,181,128,0.23814032007847044,3030,0.26891293956030754
942852,f,8,180,128,0.23814032007847044,3183,0.26891293956030754
946905,f,8,181,128,0.23054035683708768,3197,0.2609011440743639
982406,f,8,181,128,0.23814032007847044,3454,0.26891293956030754
994802,f,8,180,128,0.23814032007847044,3588,0.26891293956030754
1012433,f,8,180,128,0.23814032007847044,3710,0.26891293956030754
1014608,f,8,180,128,0.23814032007847044,3722,0.26891293956030754
1016423,f,8,182,128,0.23814032007847044,3853,0.26891293956030754
1038470,f,8,181,128,0.23814032007847044,3888,0.26891293956030754
1039382,f,8,181,128,0.23814032007847044,3900,0.26891293956030754
1044604,f,8,180,128,0.23814032007847044,3983,0.26891293956030754
1045664,f,8,181,128,0.23814032007847044,3929,0.26891293956030754
1050452,f,8,181,128,0.23814032007847044,3971,0.26891293956030754
1051032,f,8,180,128,0.23814032007847044,4026,0.26891293956030754
1061199,f,8,181,128,0.23814032007847044,4060,0.26891293956030754
1097252,f,8,182,128,0.23814032007847044,4422,0.26891293956030754
1104725,f,8,180,128,0.23814032007847044,4432,0.26891293956030754
924124,f,8,180,128,0.23814032007847044,3053,0.26891293956030754
927095,f,8,182,128,0.23814032007847044,3216,0.26891293956030754
936102,f,8,182,128,0.23814032007847044,3276,0.26891293956030754
955852,f,8,180,128,0.23814032007847044,3288,0.26891293956030754
960313,f,8,180,128,0.23814032007847044,3315,0.26891293956030754
989524,f,8,182,128,0.23814032007847044,3671,0.26891293956030754
997201,f,8,181,128,0.23814032007847044,3569,0.26891293956030754
1010875,f,8,182,128,0.23814032007847044,3817,0.26891293956030754
1035830,f,8,182,128,0.23814032007847044,3995,0.26891293956030754
1053187,f,8,182,128,0.23814032007847044,4114,0.26891293956030754
1054552,f,8,182,128,0.23814032007847044,4128,0.26891293956030754
1062927,f,8,182,128,0.23814032007847044,4167,0.26891293956030754
1099415,f,8,180,128,0.23814032007847044,4390,0.26891293956030754
1108718,f,8,180,128,0.23814032007847044,4460,0.26891293956030754
926533,f,8,180,128,0.23814032007847044,3066,0.26891293956030754
928633,f,8,181,128,0.23814032007847044,3067,0.26891293956030754
933895,f,8,182,128,0.23814032007847044,3263,0.26891293956030754
939425,f,8,181,128,0.23054035683708765,3142,0.2609011440743639
943626,f,8,181,128,0.23054035683708765,3168,0.2609011440743639
946069,f,8,182,128,0.23814032007847044,3360,0.26891293956030754
948352,f,8,181,128,0.23814032007847044,3212,0.26891293956030754
954377,f,8,181,128,0.23814032007847044,3252,0.26891293956030754
970042,f,8,182,128,0.23814032007847044,3545,0.26891293956030754
971802,f,8,182,128,0.23814032007847044,3560,0.26891293956030754
1022713,f,8,180,128,0.23814032007847044,3788,0.26891293956030754
1026993,f,8,181,128,0.23814032007847044,3792,0.26891293956030754
1069276,f,8,180,128,0.23814032007847044,4147,0.26891293956030754
1055995,f,8,182,128,0.23814032007847044,4141,0.26891293956030754
1056910,f,8,181,128,0.23814032007847044,4011,0.26891293956030754
1058210,f,8,181,128,0.23814032007847044,4023,0.26891293956030754
1063586,f,8,182,128,0.23814032007847044,4181,0.26891293956030754
1067740,f,8,181,128,0.23814032007847044,4102,0.26891293956030754
1073991,f,8,181,128,0.23814032007847044,4157,0.26891293956030754
1086128,f,8,180,128,0.23814032007847044,4292,0.26891293956030754
1090666,f,8,181,128,0.23814032007847044,4298,0.26891293956030754
1096180,f,8,181,128,0.23814032007847044,4325,0.26891293956030754
1098452,f,8,182,128,0.23814032007847044,4436,0.26891293956030754
1067028,f,8,181,128,0.23814032007847044,4089,0.26891293956030754
1070681,f,8,180,128,0.23814032007847044,4161,0.26891293956030754
1072864,f,8,182,128,0.23814032007847044,4235,0.26891293956030754
1081402,f,8,181,128,0.23814032007847044,4223,0.26891293956030754
1109897,f,8,182,128,0.23814032007847044,4508,0.26891293956030754
1110578,f,8,180,128,0.23814032007847044,4489,0.26891293956030754
1110952,f,8,182,128,0.23814032007847044,4523,0.26891293956030754
1111352,f,8,181,128,0.23814032007847044,4438,0.26891293956030754
1111968,f,8,180,128,0.23814032007847044,4503,0.26891293956030754
1112502,f,8,181,128,0.23814032007847044,4452,0.26891293956030754
1113447,f,8,182,128,0.23814032007847044,4541,0.26891293956030754
1113952,f,8,180,128,0.23814032007847044,4518,0.26891293956030754
1114868,f,8,182,128,0.23814032007847044,4554,0.26891293956030754
1115829,f,8,181,128,0.23814032007847044,4464,0.26891293956030754
1116498,f,8,182,128,0.23814032007847044,4569,0.26891293956030754
1117227,f,8,181,128,0.23814032007847044,4476,0.26891293956030754
1118088,f,8,180,128,0.23814032007847044,4534,0.26891293956030754
1118165,f,8,182,128,0.23814032007847044,4586,0.26891293956030754
1118763,f,8,180,128,0.23054035683708765,4547,0.2609011440743639
1119131,f,8,181,128,0.23814032007847044,4489,0.26891293956030754
1119552,f,8,180,128,0.23054035683708765,4560,0.2609011440743639
1120226,f,8,182,128,0.23814032007847044,4598,0.26891293956030754
1120830,f,8,181,128,0.23814032007847044,4503,0.26891293956030754
1121644,f,8,180,128,0.23054035683708765,4574,0.2609011440743639
1122202,f,8,182,128,0.23814032007847044,4611,0.26891293956030754
1122564,f,8,181,128,0.23814032007847044,4516,0.26891293956030754
1123697,f,8,180,128,0.23054035683708765,4589,0.2609011440743639
1124264,f,8,180,128,0.23054035683708765,4601,0.2609011440743639
1124768,f,8,181,128,0.23814032007847044,4530,0.26891293956030754
1125321,f,8,182,128,0.23814032007847044,4624,0.26891293956030754
1125772,f,8,181,128,0.23054035683708765,4542,0.2609011440743639
1126701,f,8,182,128,0.23814032007847044,4638,0.26891293956030754
1127298,f,8,181,128,0.23054035683708765,4558,0.2609011440743639
1128425,f,8,180,128,0.23054035683708765,4618,0.2609011440743639
1128952,f,8,182,128,0.23814032007847044,4652,0.26891293956030754
1129700,f,8,181,128,0.23054035683708765,4573,0.2609011440743639
1130497,f,8,180,128,0.23054035683708768,4630,0.2609011440743639
1131432,f,8,181,128,0.23054035683708765,4585,0.2609011440743639
1132474,f,8,182,128,0.23814032007847044,4665,0.26891293956030754
1132802,f,8,180,128,0.23054035683708768,4645,0.2609011440743639
1133367,f,8,181,128,0.23054035683708765,4599,0.2609011440743639
1133673,f,8,180,128,0.23814032007847044,4659,0.26891293956030754
1134252,f,8,181,128,0.23054035683708765,4611,0.2609011440743639
1134702,f,8,182,128,0.23814032007847044,4679,0.26891293956030754
1135479,f,8,180,128,0.23814032007847044,4673,0.26891293956030754
1136202,f,8,182,128,0.23814032007847044,4692,0.26891293956030754
1136847,f,8,180,128,0.23814032007847044,4686,0.26891293956030754
1137483,f,8,181,128,0.23054035683708765,4623,0.2609011440743639
1138050,f,8,182,128,0.23814032007847044,4707,0.26891293956030754
1138714,f,8,180,128,0.23814032007847044,4699,0.26891293956030754
1139279,f,8,181,128,0.23054035683708768,4638,0.2609011440743639
1140027,f,8,180,128,0.23814032007847044,4712,0.26891293956030754
1140695,f,8,182,128,0.23814032007847044,4720,0.26891293956030754
1140983,f,8,181,128,0.23054035683708768,4652,0.2609011440743639
1141790,f,8,182,128,0.23814032007847044,4736,0.26891293956030754
1142356,f,8,180,128,0.23814032007847044,4725,0.26891293956030754
1142896,f,8,182,128,0.23814032007847044,4751,0.26891293956030754
1143666,f,8,181,128,0.23054035683708768,4665,0.2609011440743639
1143960,f,8,180,128,0.23814032007847044,4738,0.26891293956030754
1144518,f,8,181,128,0.23814032007847044,4677,0.26891293956030754
1145347,f,8,182,128,0.23814032007847044,4764,0.26891293956030754
1146022,f,8,181,128,0.23814032007847044,4690,0.26891293956030754
1146574,f,8,180,128,0.23814032007847044,4751,0.26891293956030754
1146838,f,8,182,128,0.23814032007847044,4776,0.26891293956030754
1147598,f,8,181,128,0.23814032007847044,4704,0.26891293956030754
1148152,f,8,180,128,0.23814032007847044,4763,0.26891293956030754
1149002,f,8,180,128,0.23814032007847044,4775,0.26891293956030754
1149602,f,8,181,128,0.23814032007847044,4720,0.26891293956030754
1150036,f,8,182,128,0.23814032007847044,4789,0.26891293956030754
1151028,f,8,180,128,0.23814032007847044,4791,0.26891293956030754
1151656,f,8,181,128,0.23814032007847044,4732,0.26891293956030754
1152536,f,8,182,128,0.23814032007847044,4804,0.26891293956030754
1153171,f,8,182,128,0.23814032007847044,4816,0.26891293956030754
1153858,f,8,180,128,0.23814032007847044,4807,0.26891293956030754
1154300,f,8,181,128,0.23814032007847044,4745,0.26891293956030754
1154952,f,8,182,128,0.23814032007847044,4829,0.26891293956030754
1155740,f,8,180,128,0.23814032007847044,4820,0.26891293956030754
1156302,f,8,182,128,0.23814032007847044,4847,0.26891293956030754
1157002,f,8,181,128,0.23814032007847044,4757,0.26891293956030754
1157641,f,8,180,128,0.23814032007847044,4833,0.26891293956030754
1158224,f,8,182,128,0.23814032007847044,4863,0.26891293956030754
1158812,f,8,180,128,0.23814032007847044,4851,0.26891293956030754
1159826,f,8,181,128,0.23814032007847044,4776,0.26891293956030754
1159963,f,8,182,128,0.23814032007847044,4876,0.26891293956030754
1160552,f,8,180,128,0.23814032007847044,4866,0.26891293956030754
1161030,f,8,181,128,0.23814032007847044,4789,0.26891293956030754
1161252,f,8,180,128,0.23814032007847044,4880,0.26891293956030754
1161710,f,8,181,128,0.23814032007847044,4801,0.26891293956030754
1162288,f,8,182,128,0.23814032007847044,4889,0.26891293956030754
1163097,f,8,180,128,0.23814032007847044,4893,0.26891293956030754
1163787,f,8,181,128,0.23814032007847044,4818,0.26891293956030754
1164491,f,8,182,128,0.23814032007847044,4902,0.26891293956030754
1165444,f,8,182,128,0.23814032007847044,4915,0.26891293956030754
1166100,f,8,180,128,0.23814032007847044,4905,0.26891293956030754
1166534,f,8,181,128,0.23814032007847044,4837,0.26891293956030754
1167233,f,8,182,128,0.23814032007847044,4927,0.26891293956030754
1167962,f,8,180,128,0.23814032007847044,4917,0.26891293956030754
1168518,f,8,181,128,0.23814032007847044,4850,0.26891293956030754
1168952,f,8,182,128,0.23814032007847044,4940,0.26891293956030754
1169456,f,8,180,128,0.23814032007847044,4929,0.26891293956030754
1170152,f,8,180,128,0.23814032007847044,4943,0.26891293956030754
1172994,f,8,182,128,0.23814032007847044,4966,0.26891293956030754
1170846,f,8,182,128,0.23814032007847044,4952,0.26891293956030754
1173552,f,8,181,128,0.23814032007847044,4877,0.26891293956030754
1171486,f,8,180,128,0.23814032007847044,4955,0.26891293956030754
1172436,f,8,181,128,0.23814032007847044,4864,0.26891293956030754
1174393,f,8,182,128,0.23814032007847044,4978,0.26891293956030754
1174764,f,8,180,128,0.23814032007847044,4969,0.26891293956030754
1179097,f,8,181,128,0.23814032007847044,4902,0.26891293956030754
1184400,f,8,181,128,0.23814032007847044,4943,0.26891293956030754
1175352,f,8,181,128,0.23814032007847044,4890,0.26891293956030754
1180923,f,8,181,128,0.23814032007847044,4918,0.26891293956030754
1182645,f,8,181,128,0.23814032007847044,4930,0.26891293956030754
