id,creature_key,duration_ticks,onset_cycle,wake_cycle
1217,182,11,1,13
1365,181,10,1,12
1997,180,10,1,12
2709,181,11,13,25
2751,182,10,16,27
3945,180,10,14,25
4507,180,10,26,37
4762,182,17,28,46
4843,181,10,26,37
5610,180,10,38,49
6241,181,10,38,49
6962,182,10,52,63
7167,181,10,50,61
7458,180,10,50,61
8346,181,10,63,74
8857,182,10,64,75
9901,180,10,65,76
10169,181,10,78,89
11122,182,13,76,90
11594,181,10,91,102
11918,180,11,78,90
11983,182,10,91,102
13049,181,10,103,114
13954,182,10,104,115
14887,180,11,91,103
15150,181,10,118,129
15451,182,10,117,128
16037,180,10,104,115
16517,180,11,116,128
16951,181,10,131,142
17102,182,11,129,141
17932,180,12,129,142
18162,181,10,145,156
18956,182,10,142,153
19932,182,10,156,167
20291,181,10,159,170
20352,180,11,143,155
21190,182,12,168,181
21380,181,10,172,183
21389,180,10,156,167
23089,181,10,185,196
23321,180,10,171,182
23740,182,10,185,196
24358,180,11,184,196
24863,182,10,197,208
25428,181,12,198,211
26044,182,11,211,223
27289,181,10,214,225
27694,180,11,197,209
28283,182,10,225,236
28803,181,10,228,239
29224,180,10,211,222
29506,182,10,237,248
29727,181,10,240,251
30743,181,12,252,265
31054,182,10,249,260
31512,182,10,262,273
32090,180,12,226,239
32982,182,10,274,285
33144,180,10,242,253
33243,181,10,267,278
34487,182,10,287,298
34793,181,11,279,291
35472,180,10,255,266
36797,181,12,293,306
36918,182,11,309,321
37072,181,10,309,320
37659,180,10,268,279
37708,182,11,324,336
38552,181,10,323,334
38600,180,10,281,292
39365,182,14,337,352
40259,182,10,353,364
40397,181,10,336,347
41085,180,10,294,305
41588,182,10,365,376
42351,181,10,350,361
42973,180,11,306,318
43110,182,10,377,388
44192,181,10,364,375
44341,182,10,389,400
45264,180,13,319,333
45668,182,10,401,412
45758,181,11,376,388
46333,180,10,336,347
46786,181,11,390,402
47128,182,10,417,428
48052,180,12,348,361
48505,181,10,403,414
49237,182,10,430,441
49461,180,10,363,374
49726,181,10,420,431
51019,180,11,376,388
51599,181,10,435,446
51683,182,10,443,454
52520,180,12,389,402
52622,182,10,457,468
53673,181,10,447,458
53740,180,10,403,414
53938,182,11,469,481
54963,181,10,459,470
55064,180,10,416,427
55172,182,12,483,496
56232,181,10,471,482
56972,180,10,428,439
58034,181,12,483,496
58150,182,10,498,509
58390,180,11,440,452
59575,180,10,453,464
60159,181,10,497,508
61022,181,10,511,522
61311,180,10,466,477
61466,182,10,519,530
61613,181,10,525,536
62551,181,12,538,551
62835,180,12,479,492
62886,182,12,532,545
64011,182,11,547,559
64244,180,11,494,506
64652,181,10,552,563
66235,181,10,566,577
66260,182,10,563,574
66671,182,10,575,586
67070,180,14,508,523
67763,182,10,587,598
67901,181,11,578,590
68448,180,10,524,535
68588,181,10,591,602
68887,182,10,600,611
69649,182,11,612,624
69993,181,10,605,616
70788,180,10,537,548
71052,182,10,628,639
71743,181,11,617,629
71856,182,11,640,652
72091,180,10,554,565
74217,181,11,632,644
77080,180,11,579,591
78668,182,10,703,714
78921,180,10,592,603
81118,180,11,604,616
82758,180,12,618,631
82930,182,10,742,753
83158,181,10,707,718
83266,182,10,754,765
83271,180,10,633,644
84802,182,10,766,777
85108,181,10,720,731
86585,182,11,780,792
87690,181,10,734,745
88175,180,10,689,700
89750,180,10,719,730
90133,181,13,749,763
90602,182,10,813,824
92265,180,11,734,746
92929,180,10,747,758
93152,181,10,776,787
93991,181,10,788,799
95807,180,11,759,771
95914,181,10,801,812
96987,182,10,865,876
98641,182,10,877,888
98749,180,11,785,797
99752,180,10,799,810
101828,180,10,811,822
101950,182,13,907,921
103788,182,10,923,934
103835,180,10,824,835
105513,182,10,935,946
108199,180,11,863,875
108653,181,11,896,908
109046,180,10,877,888
109443,181,10,910,921
110630,182,10,993,1004
110836,181,10,922,933
110992,180,13,896,910
112162,182,11,1005,1017
113240,181,11,935,947
114652,180,10,931,942
117138,181,10,965,976
118269,180,11,970,982
118421,181,10,980,991
120047,182,10,1060,1071
120145,181,10,993,1004
121321,182,10,1072,1083
121713,180,10,999,1010
123602,182,10,1084,1095
124680,182,10,1096,1107
124901,180,10,1025,1036
124956,181,10,1031,1042
125575,180,10,1038,1049
126537,181,10,1043,1054
127894,181,10,1055,1066
128152,180,13,1052,1066
129176,182,10,1127,1138
130635,181,10,1068,1079
130744,182,10,1141,1152
131908,181,10,1081,1092
132814,180,10,1099,1110
135653,182,10,1192,1203
136749,180,10,1124,1135
137428,181,12,1126,1139
138054,180,10,1137,1148
138495,182,13,1218,1232
139106,181,11,1140,1152
139889,182,10,1234,1245
140819,180,15,1154,1170
141239,181,10,1154,1165
143729,182,10,1274,1285
144439,181,10,1182,1193
144850,182,10,1286,1297
146051,182,10,1298,1309
146753,180,10,1202,1213
147682,182,10,1310,1321
148855,180,11,1214,1226
150444,180,11,1227,1239
151224,182,11,1335,1347
152656,180,12,1240,1253
153673,182,10,1352,1363
153682,180,10,1254,1265
154006,180,10,1266,1277
155252,182,10,1365,1376
156055,181,11,1262,1274
157456,180,10,1281,1292
158200,181,10,1277,1288
159246,180,10,1299,1310
160133,181,10,1302,1313
161823,180,10,1315,1326
162147,182,11,1414,1426
163723,181,10,1328,1339
164012,182,10,1427,1438
164506,180,13,1327,1341
166012,181,15,1340,1356
167466,181,11,1358,1370
168076,182,13,1457,1471
168234,180,10,1366,1377
168426,181,10,1371,1382
169138,180,12,1379,1392
170055,180,10,1394,1405
170715,180,11,1406,1418
73470,182,12,656,669
74378,180,11,566,578
74464,182,10,672,683
75825,181,10,648,659
76517,182,11,684,696
77367,181,10,660,671
79260,181,11,673,685
80390,182,11,717,729
81815,181,11,693,705
82052,182,10,730,741
84187,180,13,645,659
85579,180,10,664,675
86718,180,10,676,687
88529,182,10,801,812
89014,180,10,702,713
91129,181,10,764,775
92054,182,10,825,836
93992,182,11,840,852
95352,182,10,853,864
97455,181,11,813,825
97540,180,10,773,784
98515,181,10,826,837
100548,182,10,895,906
105305,181,10,868,879
105810,180,10,836,847
106622,182,10,950,961
106672,181,11,881,893
107047,180,10,851,862
108522,182,10,962,973
112333,180,10,913,924
114594,182,10,1021,1032
115627,181,11,951,963
116266,182,10,1033,1044
116689,180,11,944,956
117370,180,10,958,969
117751,182,11,1046,1058
119692,180,11,983,995
122575,180,10,1011,1022
126504,182,10,1108,1119
129325,180,12,1067,1080
131643,180,12,1085,1098
132875,182,10,1153,1164
133565,181,12,1093,1106
134350,182,11,1179,1191
136088,181,10,1114,1125
141356,180,10,1171,1182
143101,181,10,1168,1179
143846,180,10,1184,1195
146176,181,11,1195,1207
149339,182,10,1323,1334
149823,181,10,1219,1230
154348,181,12,1246,1259
157091,182,10,1378,1389
158579,182,10,1390,1401
158842,181,11,1289,1301
159302,182,10,1402,1413
161575,181,11,1314,1326
166040,180,13,1344,1358
171113,182,10,1485,1496
172493,180,10,1432,1443
173781,182,10,1512,1523
174634,180,10,1444,1455
175323,182,12,1526,1539
175683,180,10,1457,1468
177758,181,11,1438,1450
178396,180,10,1470,1481
182396,180,10,1495,1506
187104,182,12,1634,1647
187691,180,13,1523,1537
188482,182,10,1648,1659
189528,182,13,1661,1675
191651,181,12,1562,1575
192764,182,10,1711,1722
195785,181,10,1589,1600
201639,180,12,1632,1645
202861,181,10,1645,1656
203416,180,10,1646,1657
203580,182,10,1811,1822
204770,180,12,1658,1671
205300,181,11,1673,1685
206338,180,11,1672,1684
208828,182,10,1848,1859
211375,180,11,1738,1750
212637,180,11,1752,1764
215875,180,10,1777,1788
218826,181,10,1805,1816
220069,181,11,1818,1830
221502,181,10,1833,1844
221759,180,10,1833,1844
223200,182,10,1955,1966
227094,180,11,1870,1882
230439,181,10,1906,1917
231851,180,12,1917,1930
234069,181,10,1934,1945
236418,180,10,1959,1970
237437,180,15,1971,1987
238136,181,11,1963,1975
238770,182,11,2085,2097
240403,180,11,2003,2015
245989,180,11,2057,2069
246878,181,10,2047,2058
247551,182,10,2155,2166
247715,180,11,2070,2082
248368,181,12,2061,2074
251126,180,13,2096,2110
252690,182,10,2199,2210
253252,181,10,2100,2111
254818,182,10,2212,2223
255868,181,10,2127,2138
256897,181,11,2139,2151
257372,182,12,2227,2240
258732,181,10,2152,2163
259068,182,10,2241,2252
260561,182,10,2254,2265
261620,182,10,2267,2278
262141,180,10,2199,2210
262377,181,11,2179,2191
263561,182,10,2292,2303
264845,182,10,2305,2316
266645,182,10,2317,2328
101404,181,11,838,850
102673,181,12,852,865
109461,182,13,975,989
121964,181,10,1010,1021
133910,182,10,1167,1178
134462,180,10,1112,1123
137184,182,10,1205,1216
140522,182,10,1246,1257
142249,182,10,1258,1269
152129,181,12,1231,1244
166170,182,10,1441,1452
169823,182,10,1473,1484
173020,182,10,1498,1509
177125,182,11,1542,1554
177839,182,10,1555,1566
181390,182,10,1582,1593
184044,182,10,1609,1620
185187,180,11,1509,1521
185969,181,10,1514,1525
187209,181,11,1526,1538
189143,180,10,1538,1549
194507,182,10,1726,1737
197737,182,10,1751,1762
198764,180,10,1604,1615
199330,180,13,1617,1631
200924,182,11,1782,1794
202776,182,12,1795,1808
204540,182,10,1823,1834
208450,181,10,1703,1714
210279,180,10,1725,1736
210280,182,11,1860,1872
210431,181,11,1718,1730
213048,182,13,1877,1891
215081,182,10,1893,1904
217807,182,10,1917,1928
219746,182,10,1929,1940
225147,182,10,1968,1979
226257,182,11,1981,1993
242780,181,11,2004,2016
250862,182,10,2181,2192
253476,180,14,2119,2134
260077,181,10,2164,2175
263768,180,10,2212,2223
264637,181,11,2196,2208
271101,181,10,2237,2248
273319,180,10,2294,2305
285314,182,11,2470,2482
292231,182,16,2522,2539
296580,181,10,2445,2456
311198,182,10,2712,2723
315942,182,10,2754,2765
318302,180,10,2678,2689
835427,180,13,6957,6971
836611,182,14,6914,6929
857847,180,18,7067,7086
875306,180,11,7184,7196
880980,181,10,7192,7203
888960,182,11,7274,7286
892152,181,11,7268,7280
914039,181,10,7427,7438
915855,181,11,7439,7451
932664,180,10,7548,7559
954570,180,10,7687,7698
961329,181,10,7723,7734
969368,180,12,7784,7797
988306,181,18,7884,7903
990594,181,16,7904,7921
1015737,181,10,8080,8091
1018630,181,10,8105,8116
1043122,181,13,8247,8261
1055220,182,13,8282,8296
1093102,180,11,8542,8554
171093,181,12,1385,1398
179852,180,11,1482,1494
190496,180,10,1550,1561
196232,182,10,1738,1749
199089,182,10,1764,1775
209468,180,11,1712,1724
222549,180,10,1845,1856
225299,181,10,1864,1875
228790,180,11,1884,1896
234310,182,14,2040,2055
236062,182,10,2057,2068
244600,181,10,2031,2042
249672,182,10,2169,2180
250258,181,10,2075,2086
257545,180,10,2153,2164
259842,180,15,2178,2194
265379,180,12,2225,2238
268467,181,10,2222,2233
268726,182,14,2332,2347
289327,181,13,2377,2391
289494,182,10,2508,2519
293205,181,15,2413,2429
836114,181,14,6861,6876
863292,180,11,7104,7116
887249,181,10,7238,7249
888902,180,11,7274,7286
913651,180,11,7441,7453
955398,181,10,7679,7690
958205,181,13,7694,7708
1019572,180,12,8087,8100
1047452,182,15,8237,8253
1051799,181,10,8312,8323
1091508,182,11,8490,8502
1107293,181,10,8684,8695
171632,180,11,1419,1431
176781,181,11,1425,1437
199427,181,10,1617,1628
203215,181,10,1658,1669
207103,181,11,1688,1700
218434,181,10,1792,1803
225230,180,11,1857,1869
256325,180,12,2138,2151
266041,181,10,2210,2221
309220,182,10,2695,2706
313224,181,10,2570,2581
315206,180,11,2648,2660
838202,180,13,6972,6986
838860,182,10,6930,6941
842089,182,10,6958,6969
847365,182,10,6998,7009
1059650,180,10,8348,8359
1061794,181,10,8370,8381
1064239,182,14,8337,8352
1079822,181,10,8490,8501
1083885,181,13,8517,8531
1088969,181,15,8548,8564
1096752,180,18,8555,8574
1098900,182,12,8542,8555
172512,181,11,1399,1411
174577,181,10,1412,1423
179200,181,12,1451,1464
184930,182,10,1621,1632
190622,182,11,1684,1696
191876,182,10,1698,1709
194518,180,10,1575,1586
206412,182,10,1835,1846
208238,180,11,1699,1711
212424,181,10,1747,1758
217078,180,11,1789,1801
217189,181,11,1777,1789
221932,182,11,1942,1954
240253,181,10,1979,1990
241348,182,10,2103,2114
243695,181,10,2018,2029
243948,182,11,2127,2139
254423,181,11,2112,2124
258347,180,10,2166,2177
275516,180,10,2319,2330
285580,180,11,2398,2410
297020,182,12,2572,2585
308497,181,10,2532,2543
312445,182,10,2725,2736
319180,181,12,2628,2641
838426,181,12,6877,6890
849914,182,10,7010,7021
853706,182,11,7037,7049
1064073,180,13,8372,8386
1069766,180,10,8415,8426
1075946,181,15,8460,8476
1093067,182,11,8503,8515
1102613,181,10,8654,8665
1107260,180,13,8627,8641
178771,182,10,1567,1578
184219,181,14,1498,1513
192739,180,10,1562,1573
214129,180,10,1765,1776
220104,180,10,1817,1828
228651,182,11,1995,2007
229940,182,11,2009,2021
232080,181,11,1921,1933
232361,182,13,2025,2039
236946,182,10,2072,2083
239031,180,11,1990,2002
288767,180,10,2425,2436
290459,180,11,2437,2449
291281,181,11,2393,2405
311545,180,10,2613,2624
313979,182,10,2739,2750
316901,180,11,2662,2674
840614,182,11,6943,6955
841764,180,15,6988,7004
850515,181,14,6947,6962
865156,180,10,7117,7128
867060,180,11,7129,7141
873273,181,10,7125,7136
896078,182,11,7333,7345
901370,182,13,7362,7376
904724,182,10,7390,7401
920749,181,13,7467,7481
951348,182,11,7689,7701
956664,180,10,7700,7711
958334,180,10,7712,7723
1025365,180,10,8115,8126
1034718,182,10,8169,8180
1059734,182,11,8309,8321
1064693,181,11,8384,8396
1066536,182,11,8354,8366
1068198,181,13,8397,8411
1069670,181,13,8412,8426
1071529,181,12,8428,8441
1078810,181,11,8477,8489
1087782,180,13,8502,8516
180369,181,12,1465,1478
224145,181,11,1851,1863
226584,181,10,1876,1887
242250,180,11,2017,2029
251732,181,11,2087,2099
262585,182,10,2279,2290
298328,182,11,2606,2618
312026,181,10,2558,2569
840619,181,11,6892,6904
847769,181,13,6932,6946
902802,180,14,7372,7387
916951,182,19,7449,7469
935951,181,15,7554,7570
943206,181,14,7601,7616
953760,181,13,7662,7676
961362,180,12,7724,7737
963439,182,17,7758,7776
971501,181,13,7792,7806
977525,180,11,7842,7854
985997,180,13,7887,7901
1030945,181,10,8173,8184
1044039,182,11,8224,8236
1052614,182,12,8268,8281
1053952,181,11,8324,8336
1054960,180,10,8322,8333
1056253,181,14,8338,8353
181776,181,10,1482,1493
182940,182,11,1595,1607
189351,181,11,1545,1557
194153,181,10,1577,1588
197046,181,11,1603,1615
207650,180,10,1686,1697
241547,182,10,2115,2126
303876,182,10,2651,2662
307014,182,11,2678,2690
843176,181,12,6906,6919
854376,181,13,6977,6991
867748,181,10,7073,7084
880006,181,11,7179,7191
903568,181,14,7354,7369
918567,181,13,7452,7466
922702,182,13,7482,7496
930196,180,12,7533,7546
931534,182,10,7552,7563
964872,180,10,7754,7765
974192,182,13,7822,7836
988160,182,10,7902,7913
993522,180,12,7933,7946
1015949,180,10,8062,8073
1057695,182,10,8297,8308
1081438,182,11,8437,8449
197531,180,12,1589,1602
233637,180,10,1933,1944
241687,181,10,1992,2003
245814,182,11,2142,2154
274130,182,10,2376,2387
274667,180,10,2307,2318
287818,181,12,2363,2376
844206,182,11,6970,6982
850348,180,10,7035,7046
851715,181,10,6964,6975
869574,182,11,7148,7160
871449,182,11,7161,7173
903084,182,10,7378,7389
938656,182,12,7595,7608
939060,180,13,7598,7612
968114,182,15,7790,7806
973611,180,11,7813,7825
992706,181,13,7922,7936
996976,181,10,7954,7965
1001714,181,10,7982,7993
1016878,181,11,8092,8104
1024371,182,12,8102,8115
1029552,182,13,8129,8143
1033675,180,13,8167,8181
1036406,180,10,8197,8208
1099569,180,14,8576,8591
202152,181,11,1631,1643
210830,181,10,1734,1745
215572,181,11,1762,1774
280157,181,10,2303,2314
280984,180,10,2365,2376
281883,182,10,2445,2456
295569,182,10,2559,2570
302225,180,10,2524,2535
305909,181,10,2506,2517
307903,180,10,2579,2590
844760,181,10,6920,6931
869214,181,10,7087,7098
874156,180,10,7172,7183
879102,181,13,7164,7178
883626,181,16,7204,7221
887314,180,12,7259,7272
894534,180,14,7312,7327
896051,181,10,7300,7311
901414,180,12,7358,7371
904798,181,10,7370,7381
933227,182,13,7564,7578
941910,180,10,7614,7625
944442,182,10,7635,7646
955301,182,10,7717,7728
976864,180,13,7827,7841
981300,182,10,7864,7875
982861,180,11,7873,7885
993144,182,11,7928,7940
1000622,182,11,7969,7981
1012191,181,13,8050,8064
1025764,181,10,8148,8159
1033172,182,10,8157,8168
1046446,181,11,8274,8286
1062026,182,12,8323,8336
1074044,181,13,8443,8457
1075787,182,12,8409,8422
1077983,182,11,8424,8436
1088814,180,10,8518,8529
1095156,181,14,8590,8605
216264,182,10,1905,1916
235232,180,11,1946,1958
267238,180,11,2239,2251
270051,180,11,2269,2281
277053,180,11,2332,2344
285970,181,11,2349,2361
288300,182,10,2496,2507
295435,181,11,2432,2444
303601,180,10,2540,2551
310172,180,10,2601,2612
319516,182,10,2780,2791
845929,182,10,6985,6996
864360,181,13,7046,7060
947447,182,10,7659,7670
963055,181,10,7735,7746
1021622,181,13,8117,8131
1100840,181,12,8640,8653
1104181,180,11,8612,8624
218786,180,11,1804,1816
228926,181,14,1888,1903
230350,180,11,1904,1916
236548,181,12,1947,1960
243651,180,10,2030,2041
244802,180,12,2042,2055
249219,180,10,2083,2094
275464,181,11,2263,2275
275710,182,10,2390,2401
283162,182,11,2457,2469
299097,180,10,2499,2510
299548,181,10,2457,2468
304982,180,10,2553,2564
313925,180,11,2634,2646
846602,180,13,7007,7021
867220,182,13,7132,7146
870314,180,12,7143,7156
876477,181,10,7152,7163
884300,180,11,7244,7256
887302,182,10,7262,7273
890827,182,13,7287,7301
906866,182,10,7402,7413
958329,182,10,7732,7743
960060,181,10,7710,7721
962677,180,12,7738,7751
976483,182,11,7838,7850
988333,180,11,7904,7916
1050845,180,16,8289,8306
1059185,181,10,8358,8369
268181,180,12,2253,2266
279519,180,11,2348,2360
301249,182,13,2636,2650
848488,180,10,7022,7033
853821,180,14,7047,7062
894514,181,12,7283,7296
909880,181,15,7397,7413
914988,180,10,7454,7465
918232,180,13,7467,7481
929629,182,10,7540,7551
942510,182,10,7622,7633
946152,182,10,7647,7658
952834,180,12,7673,7686
974814,181,12,7808,7821
977812,181,13,7822,7836
983764,181,12,7858,7871
994787,181,10,7939,7950
1002457,180,11,7979,7991
1006537,180,10,8007,8018
1017573,180,10,8075,8086
1021331,182,11,8089,8101
1023161,180,11,8102,8114
1032156,180,10,8155,8166
1035410,180,13,8182,8196
1057392,180,10,8335,8346
1067672,180,10,8402,8413
269930,182,12,2349,2362
273110,181,10,2250,2261
276065,181,10,2277,2288
278037,181,10,2291,2302
305542,182,11,2663,2675
307638,181,11,2518,2530
852467,182,13,7022,7036
878764,182,12,7203,7216
882672,182,11,7234,7246
885027,182,10,7249,7260
910310,182,13,7417,7431
926767,182,11,7513,7525
941118,182,11,7609,7621
946775,181,15,7617,7633
948867,182,11,7674,7686
950712,180,16,7654,7671
985241,181,10,7872,7883
1005922,181,11,8016,8028
1007811,182,14,8011,8026
1023563,181,13,8132,8146
1026976,182,10,8117,8128
1040109,180,14,8223,8238
1072987,182,10,8397,8408
1078631,180,10,8463,8474
1085223,180,13,8487,8501
1090702,180,10,8530,8541
1095346,182,10,8517,8528
1096579,181,10,8608,8619
1102849,180,17,8593,8611
1105374,182,12,8573,8586
270740,180,10,2282,2293
299433,182,11,2619,2631
310209,181,10,2545,2556
854710,182,13,7053,7067
856072,181,10,6992,7003
856825,182,10,7068,7079
860602,180,13,7087,7101
863860,182,11,7119,7131
880714,180,11,7227,7239
1044668,180,10,8252,8263
1045257,181,10,8262,8273
1048902,181,10,8287,8298
1060826,180,10,8360,8371
271806,182,10,2363,2374
277282,182,10,2403,2414
279477,182,10,2418,2429
280334,181,10,2315,2326
295055,180,10,2471,2482
299904,180,10,2511,2522
317882,182,11,2767,2779
319636,180,10,2690,2701
857306,181,10,7004,7015
860430,182,11,7094,7106
881290,182,12,7217,7230
893552,182,12,7304,7317
899283,182,13,7347,7361
927801,180,13,7517,7531
943851,180,10,7626,7637
946460,180,12,7638,7651
967151,181,11,7765,7777
967321,180,10,7772,7783
970899,182,13,7807,7821
989900,180,13,7917,7931
1008345,180,10,8020,8031
1037728,180,11,8209,8221
1040221,182,13,8197,8211
281141,182,10,2430,2441
281701,181,10,2329,2340
297449,180,10,2487,2498
306879,180,10,2567,2578
314061,181,10,2582,2593
858445,181,11,7016,7028
860781,181,14,7029,7044
870334,181,11,7099,7111
876789,182,12,7189,7202
889492,181,12,7254,7267
890714,180,10,7287,7298
922868,181,11,7484,7496
924949,182,13,7497,7511
929683,181,11,7528,7540
978788,182,11,7851,7863
1004626,180,10,7994,8005
1031551,182,10,8145,8156
1046546,180,11,8264,8276
1050076,182,11,8255,8267
1051060,181,10,8300,8311
1070823,182,11,8381,8393
1090856,181,10,8565,8576
1096798,182,10,8529,8540
1108922,181,10,8697,8708
282263,180,11,2379,2391
293879,182,11,2545,2557
303254,181,10,2490,2501
315851,181,10,2595,2606
317256,181,10,2608,2619
858700,182,10,7080,7091
865941,181,10,7061,7072
874423,181,13,7137,7151
892606,180,11,7299,7311
897193,181,10,7312,7323
919418,182,10,7470,7481
921060,180,11,7482,7494
925002,181,10,7500,7511
937360,180,10,7585,7596
939201,181,12,7574,7587
970858,180,12,7799,7812
983480,182,10,7876,7887
990407,182,10,7916,7927
995000,182,10,7942,7953
1018322,182,12,8073,8086
293114,180,11,2455,2467
297964,182,11,2589,2601
300833,181,10,2472,2483
320543,182,10,2792,2803
320706,181,10,2643,2654
321561,182,11,2804,2816
322264,181,10,2659,2670
322579,180,14,2709,2724
323656,181,10,2673,2684
323760,182,11,2817,2829
324147,180,11,2725,2737
325924,182,10,2830,2841
326161,181,12,2689,2702
326606,180,11,2738,2750
327509,182,10,2842,2853
327990,182,10,2855,2866
328006,181,13,2703,2717
328901,180,10,2752,2763
329301,181,10,2719,2730
329915,182,13,2867,2881
330505,180,10,2764,2775
331354,181,10,2733,2744
331860,182,12,2882,2895
332552,181,11,2748,2760
332615,180,10,2777,2788
332724,182,10,2901,2912
333645,182,10,2913,2924
333918,180,10,2789,2800
334166,181,13,2762,2776
335645,180,14,2801,2816
335669,182,11,2926,2938
335918,181,11,2780,2792
337080,182,10,2939,2950
337206,180,11,2819,2831
337352,181,10,2793,2804
338040,181,10,2805,2816
338588,180,11,2832,2844
338836,182,11,2952,2964
340105,181,11,2817,2829
340801,182,11,2966,2978
340915,180,11,2846,2858
341773,182,10,2980,2991
342091,180,10,2860,2871
342405,181,10,2837,2848
343971,181,10,2851,2862
344322,182,10,2996,3007
344851,180,12,2872,2885
345744,182,12,3008,3021
346431,181,14,2863,2878
347316,180,11,2887,2899
347525,181,10,2881,2892
347896,182,10,3022,3033
348538,180,11,2901,2913
348617,182,13,3037,3051
349447,182,10,3054,3065
350434,181,10,2895,2906
350519,180,11,2916,2928
351134,182,10,3066,3077
352230,180,11,2929,2941
352602,181,10,2913,2924
353264,180,10,2942,2953
353901,182,13,3083,3097
354010,181,10,2927,2938
354597,180,10,2955,2966
355377,181,10,2939,2950
356043,182,11,3100,3112
356709,180,11,2968,2980
356758,182,10,3114,3125
357546,181,13,2951,2965
358814,180,14,2981,2996
359081,181,11,2967,2979
359418,182,14,3126,3141
360839,180,10,2997,3008
360994,182,10,3145,3156
361137,181,11,2982,2994
362002,180,12,3009,3022
363004,181,11,2998,3010
363493,182,10,3161,3172
364438,180,12,3025,3038
365030,182,12,3173,3186
365098,181,11,3015,3027
366339,182,11,3189,3201
366385,180,12,3039,3052
367486,181,10,3030,3041
368329,180,10,3053,3064
368717,182,11,3203,3215
368788,181,11,3042,3054
369534,180,12,3066,3079
369800,182,14,3216,3231
369928,181,10,3055,3066
369980,180,11,3080,3092
371228,182,10,3235,3246
371433,181,10,3067,3078
371545,180,12,3093,3106
372621,181,10,3079,3090
372789,180,11,3108,3120
373087,182,10,3248,3259
374188,180,10,3123,3134
374663,181,13,3093,3107
374902,182,10,3263,3274
375502,180,12,3137,3150
376245,182,10,3276,3287
377251,181,13,3112,3126
377571,182,10,3288,3299
377687,181,11,3129,3141
378355,180,10,3152,3163
378974,182,10,3300,3311
379176,181,10,3142,3153
380589,182,10,3314,3325
380643,180,11,3168,3180
381123,181,10,3155,3166
381626,182,10,3327,3338
382207,181,11,3168,3180
382708,180,10,3183,3194
383501,182,10,3345,3356
383713,181,12,3183,3196
384237,180,11,3197,3209
385375,181,13,3197,3211
385434,182,10,3360,3371
386507,181,11,3212,3224
386551,180,11,3211,3223
398269,181,10,3291,3302
402558,180,10,3374,3385
413868,181,12,3439,3452
423952,180,11,3559,3571
428416,180,10,3605,3616
436950,181,11,3647,3659
438032,180,10,3684,3695
476375,182,11,4097,4109
476730,181,10,3971,3982
484088,182,10,4153,4164
486780,180,10,4105,4116
492717,181,12,4128,4141
560146,181,10,4665,4676
569689,181,10,4745,4756
862252,182,10,7107,7118
871839,181,10,7112,7123
873750,182,11,7174,7186
897356,180,15,7328,7344
900338,181,13,7338,7352
905900,180,10,7402,7413
907602,180,11,7414,7426
912394,181,11,7414,7426
936424,180,11,7572,7584
940320,181,11,7588,7600
953265,182,13,7702,7716
960571,182,12,7744,7757
998914,180,11,7964,7976
1004018,181,17,7994,8012
1009564,181,18,8030,8049
1009789,182,10,8028,8039
1028217,181,10,8161,8172
1030630,180,10,8143,8154
1037507,182,12,8183,8196
1068641,182,10,8369,8380
1098484,181,16,8620,8637
387167,180,11,3224,3236
399447,182,10,3490,3501
408995,181,11,3392,3404
411410,182,10,3585,3596
412730,182,10,3597,3608
435901,180,11,3659,3671
440727,182,10,3817,3828
441848,182,10,3829,3840
457179,180,11,3867,3879
462709,182,10,3995,4006
524081,180,11,4432,4444
528690,181,11,4422,4434
533578,182,11,4554,4566
534036,180,13,4518,4532
543959,181,11,4542,4554
873033,180,12,7158,7171
879284,180,11,7212,7224
898190,181,10,7324,7335
899251,180,10,7345,7356
965423,181,13,7747,7761
998351,182,12,7954,7967
1002366,182,10,7982,7993
1004699,182,12,7995,8008
1011413,180,12,8032,8045
1012788,182,13,8042,8056
1016418,182,13,8057,8071
1029273,180,14,8127,8142
1038422,181,12,8220,8233
1040992,181,11,8234,8246
1041584,180,11,8239,8251
1047614,180,10,8277,8288
1065726,180,12,8387,8400
1073831,180,18,8427,8446
1085513,182,10,8463,8474
1086073,181,10,8532,8543
1087764,182,10,8475,8486
1102569,182,14,8557,8572
388188,180,10,3237,3248
417268,180,13,3501,3515
417740,181,12,3471,3484
420943,181,11,3501,3513
423933,182,10,3688,3699
431019,181,15,3581,3597
460851,181,10,3855,3866
463918,180,10,3928,3939
464356,180,11,3941,3953
474072,180,10,4012,4023
502041,181,12,4207,4220
504712,180,12,4260,4273
528090,180,10,4475,4486
537788,180,11,4547,4559
554132,180,10,4686,4697
876960,180,11,7199,7211
894614,182,13,7318,7332
904514,180,11,7389,7401
928402,182,12,7526,7539
932713,181,11,7541,7553
934339,180,10,7560,7571
935882,182,13,7579,7593
969802,181,12,7778,7791
1013950,180,14,8046,8061
1081710,181,12,8502,8515
1083173,182,11,8450,8462
1092722,181,11,8577,8589
388205,182,12,3373,3386
390583,181,10,3237,3248
427912,182,16,3714,3731
431621,182,10,3746,3757
431838,180,10,3634,3645
434520,182,11,3773,3785
455864,180,10,3853,3864
480320,180,10,4056,4067
480521,182,11,4128,4140
485461,182,10,4167,4178
520574,180,10,4405,4416
522371,182,11,4466,4478
529245,180,10,4489,4500
542015,182,10,4611,4622
543790,182,11,4624,4636
552999,181,10,4611,4622
562662,181,12,4690,4703
566150,182,11,4789,4801
884892,181,10,7222,7233
907667,181,13,7382,7396
910361,180,12,7427,7440
913764,182,15,7432,7448
925266,180,13,7502,7516
926960,181,10,7514,7525
949185,181,10,7635,7646
951481,181,11,7649,7661
965219,182,10,7777,7788
980660,181,13,7838,7852
980824,180,14,7856,7871
986118,182,12,7888,7901
996329,180,15,7947,7963
999305,181,11,7967,7979
1014330,181,11,8067,8079
1033034,181,10,8185,8196
1034906,181,10,8199,8210
1042106,182,10,8212,8223
1053289,180,11,8308,8320
1077302,180,13,8447,8461
1080815,180,10,8475,8486
1105200,181,15,8667,8683
389605,180,10,3250,3261
396054,182,10,3448,3459
440700,181,10,3686,3697
451617,182,10,3911,3922
464640,182,10,4008,4019
467224,182,10,4034,4045
469025,181,10,3914,3925
471925,182,10,4073,4084
491242,180,10,4147,4158
495873,180,10,4186,4197
500786,181,10,4195,4206
501419,180,10,4235,4246
505590,182,10,4315,4326
510337,180,10,4307,4318
519244,180,10,4390,4401
522160,181,10,4366,4377
525323,181,11,4393,4405
1109587,182,16,8587,8604
1116064,182,10,8635,8646
1127788,180,10,8773,8784
1154944,181,12,8993,9006
1166014,182,13,8917,8931
1178576,181,10,9163,9174
390108,182,10,3388,3399
395229,180,10,3301,3312
406220,180,10,3398,3409
413988,182,11,3610,3622
415828,180,10,3489,3500
419995,180,12,3529,3542
430505,182,11,3732,3744
433248,181,17,3600,3618
435615,181,11,3634,3646
445573,180,14,3753,3768
458507,181,12,3838,3851
461445,180,12,3896,3909
465903,182,10,4022,4033
467902,180,11,3970,3982
469952,182,10,4061,4072
554531,181,11,4623,4635
566990,180,11,4791,4803
1109834,180,14,8642,8657
1123770,180,10,8746,8757
1124881,181,13,8787,8801
1126793,181,11,8802,8814
390996,180,10,3263,3274
393596,181,12,3252,3265
406832,182,12,3545,3558
417687,182,11,3639,3651
418361,180,10,3516,3527
426576,181,10,3544,3555
445189,182,10,3869,3880
449146,180,10,3788,3799
457992,182,11,3955,3967
469619,180,10,3983,3994
487761,182,10,4181,4192
490429,182,12,4207,4220
493242,180,11,4161,4173
502810,182,13,4286,4300
506335,180,11,4276,4288
510442,181,10,4272,4283
516071,181,12,4310,4323
540971,180,10,4574,4585
548256,180,12,4630,4643
551885,182,10,4679,4690
555001,182,10,4707,4718
568614,180,10,4807,4818
568795,182,10,4829,4840
571045,180,11,4820,4832
1110191,181,11,8709,8721
1111718,180,13,8660,8674
1141041,180,12,8853,8866
1141897,182,10,8784,8795
1150462,182,11,8836,8848
1154988,182,11,8867,8879
1159302,182,15,8880,8896
1172198,181,10,9120,9131
391830,182,10,3406,3417
412511,180,10,3450,3461
419351,181,10,3485,3496
442930,182,10,3841,3852
449336,182,12,3897,3910
483103,181,10,4035,4046
484390,180,10,4093,4104
488402,181,13,4072,4086
494196,181,10,4143,4154
499102,180,10,4218,4229
507123,181,12,4244,4257
522530,180,12,4418,4431
528027,182,10,4508,4519
531131,181,12,4438,4451
545463,182,11,4638,4650
556336,181,10,4638,4649
567246,182,10,4804,4815
1111183,182,10,8605,8616
1120701,182,13,8662,8676
1133264,180,16,8797,8814
1137629,181,10,8869,8880
1138533,180,17,8833,8851
1162841,180,10,8995,9006
1170518,181,13,9105,9119
391997,180,10,3275,3286
444386,180,10,3736,3747
450707,180,10,3801,3812
451976,181,10,3776,3787
453764,181,11,3792,3804
460668,182,10,3982,3993
462149,180,12,3914,3927
488464,180,12,4118,4131
516545,180,16,4357,4374
519287,182,10,4436,4447
570835,182,11,4847,4859
1113065,181,13,8722,8736
1114531,182,15,8617,8633
1126106,180,13,8758,8772
1151868,180,15,8909,8925
1161241,180,10,8982,8993
393408,182,11,3418,3430
393855,180,11,3288,3300
395243,181,10,3267,3278
438618,182,10,3802,3813
459547,180,10,3883,3894
466577,180,12,3955,3968
468766,182,11,4046,4058
474861,181,10,3957,3968
508398,180,11,4292,4304
512746,182,10,4371,4382
516338,182,10,4408,4419
518784,181,10,4340,4351
527189,182,10,4496,4507
530914,182,14,4523,4538
533832,181,10,4464,4475
545407,181,10,4558,4569
552934,182,10,4692,4703
561084,181,11,4677,4689
564322,180,10,4763,4774
1114244,180,10,8677,8688
1129376,180,10,8785,8796
1142976,180,13,8867,8881
1153567,182,16,8849,8866
1157302,180,12,8942,8955
1158856,181,10,9023,9034
1174664,181,13,9132,9146
394781,182,11,3434,3446
413318,180,10,3463,3474
447736,180,10,3775,3786
486395,181,10,4060,4071
488893,182,11,4193,4205
497706,180,12,4201,4214
504447,182,11,4301,4313
508900,181,10,4260,4271
509115,182,10,4345,4356
513530,181,10,4298,4309
514661,180,10,4344,4355
518124,182,10,4422,4433
520906,181,10,4352,4363
521545,182,13,4451,4465
526636,181,13,4407,4421
543484,180,10,4601,4612
560216,182,10,4751,4762
564037,181,13,4704,4718
1115284,181,10,8737,8748
1123891,182,12,8677,8690
1128841,182,11,8703,8715
1134146,181,11,8842,8854
1136810,182,10,8760,8771
1148537,180,10,8897,8908
1174041,180,11,9069,9081
396780,181,10,3279,3290
405806,181,10,3366,3377
414994,180,10,3475,3486
526926,180,10,4460,4471
532371,182,10,4541,4552
542364,181,12,4516,4529
552982,180,10,4673,4684
558279,182,11,4736,4748
1117055,180,13,8689,8703
1119030,180,15,8705,8721
1128742,181,10,8815,8826
1146565,182,11,8809,8821
396804,180,10,3315,3326
404798,180,10,3386,3397
407693,180,11,3410,3422
450800,181,10,3764,3775
482709,182,10,4141,4152
482772,181,10,4023,4034
483220,180,11,4078,4090
490287,180,11,4134,4146
499418,182,10,4261,4272
500810,182,10,4274,4285
535945,180,10,4534,4545
549027,181,10,4585,4596
1118610,182,13,8647,8661
1120065,180,10,8722,8733
1158401,180,10,8956,8967
1183596,181,10,9187,9198
397259,182,10,3462,3473
400560,181,10,3320,3331
408762,180,11,3424,3436
410300,181,10,3408,3419
427081,180,12,3588,3601
427516,181,10,3557,3568
433364,180,10,3646,3657
447237,182,10,3885,3896
453743,180,10,3825,3836
454363,180,10,3837,3848
455515,182,10,3943,3954
471616,180,10,3996,4007
474358,182,10,4085,4096
478940,182,10,4114,4125
484287,181,11,4047,4059
517706,181,10,4325,4336
525529,180,12,4446,4459
542071,180,10,4589,4600
547560,181,10,4573,4584
558953,181,10,4652,4663
567785,181,10,4732,4743
1119870,181,21,8749,8771
1135859,181,10,8857,8868
1169006,182,12,8932,8945
1170202,180,13,9037,9051
398185,182,12,3476,3489
399556,180,11,3337,3349
401296,180,12,3353,3366
449494,181,10,3752,3763
452158,180,10,3813,3824
480644,181,11,3995,4007
493167,182,10,4222,4233
494269,180,10,4174,4185
511402,181,11,4284,4296
514953,182,11,4395,4407
523504,181,10,4380,4391
532598,181,10,4452,4463
535570,182,15,4569,4585
540482,182,10,4598,4609
540758,181,10,4503,4514
550124,182,10,4665,4676
550236,181,10,4599,4610
562667,180,10,4751,4762
1122105,180,10,8734,8745
1142185,181,12,8896,8909
1143572,181,10,8910,8921
1144902,181,10,8922,8933
1146477,180,11,8884,8896
1165495,181,10,9077,9088
1180787,181,10,9175,9186
399441,181,10,3308,3319
412067,181,12,3423,3436
415837,181,10,3454,3465
415902,182,12,3623,3636
419321,182,10,3653,3664
422391,180,14,3543,3558
426145,182,11,3700,3712
428901,181,10,3569,3580
433282,182,10,3761,3772
439944,180,11,3696,3708
466106,181,10,3900,3911
476178,180,10,4026,4037
482274,181,10,4011,4022
507599,182,10,4328,4339
536927,181,11,4476,4488
561471,180,11,4738,4750
1122166,181,12,8773,8786
1126024,182,10,8691,8702
1160056,180,11,8969,8981
1160750,181,12,9035,9048
1162515,181,11,9049,9061
1174152,182,14,8958,8973
402116,181,10,3333,3344
410076,182,10,3572,3583
443211,180,11,3722,3734
444317,181,10,3715,3726
446941,181,12,3733,3746
455470,181,13,3808,3822
459437,182,10,3970,3981
479188,181,10,3983,3994
489913,181,10,4102,4113
490683,181,10,4115,4126
496371,181,11,4157,4169
513351,182,10,4383,4394
539724,180,12,4560,4573
546039,180,10,4618,4629
559307,180,11,4725,4737
568017,182,10,4816,4827
1130781,182,11,8716,8728
1144000,182,10,8797,8808
1164940,180,12,9007,9020
402860,182,11,3513,3525
405333,182,10,3531,3542
406755,181,10,3380,3391
410560,180,10,3437,3448
423793,181,10,3528,3539
439461,181,10,3674,3685
453083,182,11,3924,3936
463787,181,10,3888,3899
470978,181,11,3929,3941
472527,181,10,3942,3953
478080,180,13,4039,4053
523592,182,11,4480,4492
531580,180,12,4503,4516
551384,180,11,4659,4671
555215,180,11,4699,4711
558075,180,10,4712,4723
565918,181,10,4720,4731
571420,181,11,4757,4769
1131706,181,12,8828,8841
1135088,182,10,8748,8759
1162217,182,16,8897,8914
404293,181,12,3350,3363
408798,182,10,3560,3571
422518,181,10,3514,3525
422782,182,14,3671,3686
425116,180,10,3575,3586
430372,180,11,3618,3630
434551,181,10,3621,3632
436681,182,10,3790,3801
437575,180,10,3672,3683
441594,180,10,3710,3721
442486,181,10,3699,3710
443952,182,11,3853,3865
456664,181,10,3824,3835
462695,181,11,3873,3885
489131,181,11,4089,4101
495130,182,11,4235,4247
497109,182,10,4249,4260
497460,181,10,4170,4181
498831,181,11,4182,4194
504621,181,10,4223,4234
511514,182,10,4358,4369
512136,180,12,4326,4339
518309,180,11,4375,4387
538656,182,10,4586,4597
538833,181,12,4489,4502
543368,181,10,4530,4541
547756,182,11,4652,4664
548742,180,10,4645,4656
556447,182,11,4720,4732
561933,182,10,4764,4775
564679,182,11,4776,4788
565521,180,12,4775,4788
572256,180,15,4833,4849
572786,182,10,4863,4874
572871,180,10,4851,4862
573449,181,11,4776,4788
574055,180,11,4866,4878
574901,182,10,4876,4887
574931,181,10,4789,4800
575464,180,10,4880,4891
575944,181,10,4801,4812
576097,182,10,4889,4900
577413,182,11,4902,4914
577649,181,10,4818,4829
577765,180,10,4893,4904
579093,182,10,4915,4926
579143,180,10,4905,4916
580038,181,10,4837,4848
580551,182,10,4927,4938
580885,180,10,4917,4928
581995,180,11,4929,4941
582163,182,10,4940,4951
582484,181,10,4850,4861
582840,180,10,4943,4954
583542,182,11,4952,4964
584242,181,11,4864,4876
584303,180,12,4955,4968
584519,182,10,4966,4977
585118,181,10,4877,4888
585337,180,10,4969,4980
585852,182,10,4978,4989
586999,181,10,4890,4901
587701,180,11,4982,4994
587925,182,10,4993,5004
588131,181,10,4902,4913
588890,182,10,5005,5016
589568,180,10,4996,5007
590461,180,11,5008,5020
590486,181,10,4918,4929
590930,182,13,5019,5033
591757,180,10,5021,5032
592203,181,10,4930,4941
593102,180,12,5033,5046
593176,182,10,5035,5046
594179,182,10,5048,5059
594301,181,10,4943,4954
594340,180,10,5047,5058
594874,180,10,5059,5070
595365,181,10,4955,4966
596056,180,10,5071,5082
596347,180,10,5083,5094
596385,181,10,4967,4978
596676,182,10,5062,5073
597560,180,10,5095,5106
597784,181,10,4979,4990
598125,182,10,5074,5085
599358,182,10,5088,5099
599378,180,13,5107,5121
600425,182,10,5100,5111
600599,180,10,5122,5133
601553,181,14,4993,5008
602822,180,10,5135,5146
603304,182,11,5118,5130
603427,181,11,5009,5021
603901,182,11,5132,5144
604255,180,11,5148,5160
604839,182,10,5145,5156
605319,181,11,5023,5035
605985,180,12,5162,5175
606698,182,10,5162,5173
607516,180,12,5176,5189
608201,181,10,5040,5051
608344,182,10,5174,5185
609301,180,10,5195,5206
609497,181,12,5052,5065
610523,181,10,5068,5079
610874,180,10,5207,5218
611722,182,10,5193,5204
612034,180,10,5220,5231
612052,181,12,5084,5097
612676,181,10,5100,5111
613877,181,10,5114,5125
614183,182,10,5214,5225
614468,180,12,5232,5245
614924,181,11,5126,5138
615602,180,10,5249,5260
616149,181,10,5140,5151
616381,182,10,5235,5246
617475,180,12,5262,5275
618022,182,10,5247,5258
618595,181,11,5152,5164
639012,182,13,5423,5437
645641,180,10,5537,5548
657234,181,10,5486,5497
666453,182,10,5604,5615
675781,182,11,5699,5711
678903,182,10,5739,5750
679889,180,10,5857,5868
680573,181,10,5720,5731
691729,181,10,5803,5814
693373,181,10,5828,5839
697048,181,10,5855,5866
703491,182,11,5953,5965
729960,182,11,6187,6199
751026,181,11,6291,6303
758830,182,10,6433,6444
771723,182,10,6523,6534
800978,181,11,6634,6646
834168,182,14,6898,6913
1133510,182,13,8733,8747
1136058,180,12,8817,8830
1168334,180,12,9023,9036
1176327,181,11,9148,9160
618952,180,10,5278,5289
620823,181,10,5183,5194
633765,182,11,5384,5396
636989,181,10,5309,5320
650298,180,12,5588,5601
659777,180,13,5674,5688
679818,181,10,5708,5719
686076,182,11,5808,5820
700207,182,12,5922,5935
707142,182,10,5986,5997
712412,182,10,6026,6037
762948,182,14,6463,6478
766440,180,12,6573,6586
772758,181,10,6440,6451
780102,181,17,6478,6496
788614,181,10,6540,6551
791607,180,10,6708,6719
797652,180,10,6752,6763
800505,182,10,6683,6694
815852,181,12,6733,6746
822098,181,12,6778,6791
823273,180,11,6885,6897
1139083,182,10,8772,8783
1139449,181,11,8883,8895
1147971,182,12,8822,8835
1150661,181,14,8956,8971
619681,182,10,5259,5270
632543,181,12,5266,5279
639335,181,10,5335,5346
640209,180,10,5485,5496
646583,180,10,5549,5560
655778,181,11,5472,5484
666376,180,10,5737,5748
675706,180,11,5817,5829
685292,182,11,5793,5805
687327,181,10,5775,5786
689269,182,10,5837,5848
692207,181,10,5815,5826
702519,180,10,6024,6035
703905,181,10,5907,5918
704152,180,10,6036,6047
712695,180,10,6106,6117
713958,180,10,6118,6129
715989,181,10,6005,6016
718925,181,15,6035,6051
721302,180,12,6176,6189
744869,182,10,6307,6318
749214,180,10,6421,6432
750641,182,10,6350,6361
750752,180,10,6434,6445
784576,181,11,6514,6526
1148169,181,19,8934,8954
1153252,181,15,8975,8991
1164157,181,13,9062,9076
1168049,181,13,9090,9104
619886,181,10,5169,5180
626111,182,12,5314,5327
631356,181,10,5254,5265
648780,180,10,5563,5574
649803,180,10,5576,5587
654064,180,10,5618,5629
655170,180,11,5630,5642
661246,181,10,5527,5538
668462,181,14,5590,5605
671440,181,10,5623,5634
694402,182,10,5867,5878
696154,181,10,5840,5851
697385,182,10,5893,5904
698785,182,10,5909,5920
716026,180,12,6130,6143
722993,180,11,6190,6202
727084,182,12,6158,6171
735545,180,10,6299,6310
751905,181,10,6305,6316
752049,182,10,6362,6373
764419,182,11,6479,6491
775364,180,10,6627,6638
786983,181,10,6528,6539
809360,180,12,6808,6821
817756,180,12,6855,6868
1154734,180,11,8928,8940
1157757,181,13,9008,9022
1171447,180,12,9053,9066
1171555,182,10,8946,8957
620390,180,10,5290,5301
623731,181,15,5195,5211
627536,182,11,5328,5340
628744,180,10,5375,5386
633778,181,12,5281,5294
648092,182,12,5478,5491
649786,181,12,5433,5446
651104,181,10,5447,5458
657582,182,11,5543,5555
663608,180,12,5709,5722
670339,181,10,5610,5621
711262,182,10,6014,6025
717391,181,10,6021,6032
717414,182,10,6067,6078
733768,180,10,6287,6298
735685,181,11,6164,6176
744026,181,10,6237,6248
795733,180,13,6737,6751
799138,181,12,6620,6633
808786,182,11,6734,6746
620934,180,11,5302,5314
646237,181,10,5405,5416
656311,180,13,5643,5657
661271,182,10,5568,5579
670419,182,10,5645,5656
677331,182,10,5724,5735
680144,182,11,5754,5766
698141,181,12,5869,5882
706297,181,10,5934,5945
711475,181,11,5975,5987
713189,181,10,5989,6000
718986,182,10,6079,6090
721394,182,10,6115,6126
725174,180,10,6218,6229
728429,182,11,6174,6186
729700,180,10,6247,6258
782818,182,13,6593,6607
797606,181,10,6607,6618
807764,181,13,6677,6691
823632,182,13,6827,6841
827033,182,10,6855,6866
621923,180,12,5318,5331
623327,180,10,5333,5344
625046,182,12,5299,5312
630563,182,11,5358,5370
635741,181,10,5297,5308
658192,181,12,5498,5511
667788,182,10,5618,5629
671395,180,11,5789,5801
673376,182,10,5673,5684
674001,180,12,5802,5815
690593,180,12,5925,5938
692922,180,10,5939,5950
708107,181,10,5947,5958
711695,180,12,6091,6104
724431,182,15,6141,6157
762682,180,11,6545,6557
777372,180,10,6642,6653
808864,181,10,6692,6703
811939,180,13,6822,6836
813856,182,11,6774,6786
824764,180,11,6899,6911
832067,182,12,6883,6896
832174,180,13,6942,6956
622347,182,10,5272,5283
626814,180,12,5361,5374
638180,181,12,5321,5334
640246,181,10,5350,5361
705971,182,11,5973,5985
709881,182,10,6002,6013
715823,182,11,6053,6065
724530,180,11,6203,6215
738637,181,11,6194,6206
754993,180,10,6476,6487
755919,182,10,6402,6413
791461,182,11,6637,6649
814656,180,15,6837,6853
816487,182,12,6788,6801
623450,182,10,5284,5295
642505,181,14,5363,5378
646262,182,10,5466,5477
661504,180,10,5690,5701
662840,182,10,5580,5591
676141,182,10,5712,5723
719726,182,10,6091,6102
720652,181,10,6052,6063
724240,181,15,6080,6096
733939,182,10,6232,6243
738660,182,11,6262,6274
743384,180,13,6365,6379
757888,182,13,6416,6430
773261,182,14,6535,6550
777202,181,11,6465,6477
788475,180,10,6695,6706
802096,182,10,6695,6706
818576,182,10,6802,6813
624951,180,10,5349,5360
629008,182,10,5341,5352
629231,181,13,5239,5253
643757,182,10,5451,5462
654216,182,11,5517,5529
659401,182,10,5556,5567
663658,181,10,5551,5562
668952,180,10,5762,5773
675101,181,12,5649,5662
687506,182,12,5821,5834
694799,180,10,5951,5962
700151,181,10,5883,5894
705752,180,10,6049,6060
740582,181,10,6210,6221
746764,182,10,6323,6334
756021,181,10,6330,6341
760121,180,11,6515,6527
785682,180,10,6682,6693
819922,181,14,6762,6777
826056,182,11,6842,6854
827059,180,13,6912,6926
626223,181,11,5212,5224
636888,182,10,5411,5422
639031,180,10,5472,5483
641176,182,10,5438,5449
665052,182,10,5592,5603
669152,182,10,5630,5641
674666,182,10,5686,5697
683048,180,10,5875,5886
698982,180,10,5994,6005
708395,180,11,6063,6075
722009,181,11,6067,6079
722392,182,10,6127,6138
732314,182,10,6220,6231
737502,180,10,6311,6322
747675,180,12,6407,6420
753402,182,10,6377,6388
754573,182,10,6390,6401
763177,181,10,6385,6396
770254,180,19,6588,6608
780207,180,12,6654,6667
785569,182,12,6608,6621
790282,181,12,6553,6566
806268,180,21,6784,6806
829840,180,10,6930,6941
627815,181,10,5227,5238
634792,180,10,5432,5443
650705,182,10,5493,5504
652342,180,10,5605,5616
677132,180,11,5830,5842
678089,180,10,5844,5855
678830,181,11,5693,5705
742535,182,12,6289,6302
792140,181,11,6567,6579
801443,180,15,6764,6780
807164,182,10,6722,6733
825911,181,11,6804,6816
630416,180,10,5391,5402
676310,181,10,5663,5674
682669,181,13,5733,5747
682877,182,11,5768,5780
700311,180,11,6009,6021
731053,180,10,6259,6270
731775,180,10,6272,6283
753407,181,10,6317,6328
763986,180,11,6559,6571
766548,182,10,6493,6504
775352,181,11,6452,6464
804584,182,10,6707,6718
631447,180,11,5404,5416
632053,182,10,5372,5383
635587,182,10,5399,5410
643476,181,10,5379,5390
665728,181,10,5563,5574
686118,180,11,5896,5908
695819,180,10,5963,5974
717294,180,11,6144,6156
728724,181,10,6124,6135
731455,182,10,6208,6219
733938,181,10,6152,6163
737856,181,13,6179,6193
741044,180,10,6349,6360
745392,180,10,6394,6405
745959,181,10,6249,6260
747553,181,10,6263,6274
760443,181,11,6357,6369
761058,180,10,6528,6539
762090,181,10,6372,6383
778293,182,13,6563,6577
780776,182,12,6579,6592
781910,181,13,6498,6512
633963,180,10,5420,5431
636330,180,11,5445,5457
644283,180,11,5524,5536
645406,181,10,5393,5404
647693,181,10,5417,5428
652920,181,10,5459,5470
659837,181,11,5514,5526
666876,181,10,5577,5588
669984,180,10,5774,5785
671394,182,11,5658,5670
748939,182,10,6335,6346
749220,181,11,6277,6289
773325,180,16,6609,6626
776283,182,10,6551,6562
789057,182,11,6624,6636
812452,182,10,6761,6772
813139,181,10,6720,6731
637535,180,12,5458,5471
640811,180,10,5497,5508
642050,180,10,5511,5522
652652,182,10,5505,5516
655350,182,10,5530,5541
688646,180,10,5909,5920
690101,181,10,5791,5802
701813,182,11,5937,5949
705708,181,12,5920,5933
709414,181,10,5959,5970
720282,182,10,6103,6114
725713,181,10,6099,6110
732493,181,10,6140,6151
737773,180,11,6324,6336
739126,180,10,6337,6348
742548,181,10,6223,6234
760323,182,10,6451,6462
765023,181,11,6397,6409
782026,180,11,6669,6681
794064,182,10,6650,6661
794800,181,12,6580,6593
796518,182,11,6663,6675
820896,182,11,6814,6826
824541,181,10,6792,6803
829976,181,11,6834,6846
658294,180,10,5662,5673
662562,181,10,5539,5550
664762,180,10,5725,5736
667322,180,10,5750,5761
673993,181,12,5635,5648
677970,181,11,5678,5690
684317,182,10,5781,5792
684580,181,11,5748,5760
685929,181,12,5761,5774
695368,182,12,5879,5892
701665,181,10,5895,5906
709359,180,11,6076,6088
713224,182,10,6038,6049
718865,180,11,6157,6169
726935,181,10,6111,6122
728820,180,10,6233,6244
744369,180,10,6380,6391
751866,180,10,6448,6459
756906,180,10,6489,6500
767774,181,14,6411,6426
769403,182,14,6506,6521
796002,181,10,6594,6605
802943,181,10,6647,6658
810397,182,10,6748,6759
818729,181,11,6749,6761
821275,180,14,6869,6884
832115,181,12,6847,6860
691329,182,10,5849,5860
697581,180,10,5980,5991
735309,182,10,6246,6257
740541,182,10,6275,6286
753701,180,10,6462,6473
758290,180,12,6501,6514
758506,181,10,6344,6355
769802,181,10,6427,6438
792737,180,10,6723,6734
806143,181,16,6659,6676
811595,181,11,6707,6719
827814,181,11,6819,6831
830247,182,12,6868,6881
